sy_snum,sy_pnum,discoverymethod,pl_orbper,pl_orbsmax,pl_rade,pl_orbeccen,pl_eqt,st_spectype,st_teff,st_rad,st_mass,st_met,st_logg,ra,dec,sy_dist,sy_vmag,sy_kmag,sy_gaiamag,pl_rade_missing,pl_orbper_missing,pl_orbsmax_missing,pl_orbeccen_missing,st_teff_missing,st_rad_missing,st_mass_missing,st_met_missing,st_logg_missing,sy_dist_missing,ra_missing,dec_missing
1.0,1.0,7,7.380498421083539,1.321489137753775,1.461727453764046,0.213,592.8,190,5186.2,0.8320000000000001,1.07,0.139,4.38,302.368758,52.2767265,4.199707077877927,8.09,6.639,7.93339,1,0,0,0,1,1,0,1,1,0,0,0
1.0,1.0,2,7.159007963697958,4.532599493153256,2.879984665009678,0.3565999999999999,1500.0,2,7826.0000000000055,1.77,1.96,0.07999999999999999,4.074300000000001,201.1501727,-51.5045384,4.6993433560053415,7.01,6.771,6.98273,0,1,0,1,0,0,0,1,1,0,0,0
1.0,1.0,7,6.928283133433598,1.1314021114911006,2.447531769793181,0.251,1018.1119999999999,190,6117.0,1.27,1.19,0.12,4.28,297.3915731,-37.7809929,3.8480027499677147,7.22,5.876,7.07508,1,0,0,0,0,0,0,0,0,0,0,0
1.0,1.0,8,1.6463011951844504,0.05021771616061742,2.6232182655855123,0.0,1230.0,190,5430.0,1.13,1.04,0.05,4.35,116.7163868,39.0944695,5.6247789490681,12.198,10.345,11.9498,0,0,0,0,0,0,0,0,0,0,0,0
2.0,1.0,8,0.9356125769464148,0.02811115296103118,2.7731510640959574,0.012,2043.0,42,5940.0,1.43,1.29,0.14,4.3,327.6656953,10.4629385,6.26213460737271,12.685,11.074,12.5227,0,0,0,0,0,0,0,0,0,0,0,0
1.0,1.0,8,0.5771982588079475,0.015578029963318415,2.674631291556765,0.0,1332.0,126,4600.0,0.7,0.7,-0.02,4.59,91.8722801,-25.5948963,3.8922082055431666,14.506,11.728,14.2604,0,0,0,0,0,0,0,0,0,1,0,0
1.0,1.0,3,5.182391606723101,0.9321640810304452,2.701887223850495,0.154,1208.9119999999998,190,5544.0,1.3299999999999998,0.32,-0.09840000000000002,4.5120000000000005,269.388125,-30.5039389,8.846640813100485,16.676,15.01963999999999,10.822476,1,1,0,1,1,1,0,1,1,0,0,0
1.0,1.0,8,1.230752213650399,0.03394721729965754,2.5900171341906173,0.36718,1337.0,81,5420.0,0.91,0.94,-0.003,4.49,5.016937917,-11.9382645,5.90129911038823,13.096,11.341,12.8964,0,0,0,1,0,0,0,0,0,0,0,0
1.0,1.0,3,5.182391606723102,1.0296194171811583,2.4503304013914105,0.154,1011.7119999999999,190,5544.0,1.33,0.2,-0.09840000000000002,4.5120000000000005,269.048889,-30.5283604,8.665785595466064,16.676,15.01963999999999,10.822476,1,1,0,1,1,1,0,1,1,0,0,0
1.0,2.0,7,2.2701755311959997,0.0760346862759976,1.772604716891556,0.12,1157.0,190,5065.0,0.79,0.88,0.182,4.58,199.1962036,49.8610591,4.931390046144953,11.758,9.701,11.6,1,0,0,0,0,0,0,0,0,0,0,0
2.0,1.0,8,1.1646309638370351,0.15932542091213805,2.88625217293517,0.0,1005.8,190,6389.0,2.0,1.56,0.26,4.07,292.24719,47.9695429,5.835041704539611,10.481,9.334,10.3654,0,0,1,0,0,0,0,0,0,0,0,0
1.0,3.0,7,2.5281337497221,1.0756505407121442,2.204423617696888,0.09,663.2,150,3522.0,0.46,0.46,-0.01,4.78,146.121464,-45.7790165,2.343019492409022,10.153,5.78,9.15159,1,0,1,0,0,0,0,0,0,0,0,0
1.0,1.0,8,1.5559303789538335,0.04560414180501583,2.6480170709867306,0.024,1192.0,190,5570.0,0.92,0.97,0.14,4.5,227.6586754,-71.3616316,5.072977655439326,11.08,9.448,11.0813,0,0,0,0,0,0,0,0,0,0,0,0
1.0,2.0,8,4.450696453985097,0.8174223424620999,1.3862943611198906,0.042,612.712,190,7500.0,1.57,1.59,0.05,4.22,299.8211502,43.8142793,6.392963466946267,11.632,10.851,11.6145,0,0,1,0,0,0,0,0,0,0,0,0
1.0,1.0,3,6.439514059863164,0.7701082216960736,2.6846842692805213,0.31815999999999994,1212.512,190,5254.8,1.312,0.74,-0.046,4.366,268.8529167,-21.8955389,8.39185670010494,15.3,13.401111999999992,10.311207999999999,1,1,0,1,1,1,0,1,1,0,0,0
1.0,1.0,3,6.609433931338261,1.1908875647772805,2.701887223850495,0.22400000000000003,1188.9119999999998,190,5536.4,1.284,0.37,0.0416,4.378,270.6835833,-28.0605,8.651898894268529,17.02,15.01963999999999,10.822476,1,1,0,1,1,1,0,1,1,0,0,0
1.0,2.0,7,5.94182777466688,0.8960880245566356,2.01803873077328,0.15,923.3119999999999,109,4137.0,38.409499999999994,2.6,-0.5798,1.6624999999999999,154.186782,19.8912626,7.339998628122906,9.743,6.42,9.22684,1,0,0,0,0,0,0,0,0,0,0,0
1.0,3.0,8,2.0928436311262604,0.06952606264861023,1.1518370499054076,0.0,886.0,190,5634.0,0.92,0.99,0.079,4.51,117.4793699,27.3631342,3.152885583828355,6.92035,5.258,6.71831,0,0,0,0,0,0,0,0,0,0,0,0
1.0,1.0,3,5.2590133683401294,0.5877866649021191,2.4503304013914105,0.154,1294.9119999999998,190,5544.0,1.33,0.1,-0.09840000000000002,4.5120000000000005,268.0295,-31.6905833,8.019941687677365,16.4732,14.586911999999993,10.822476,1,1,0,1,1,1,0,1,1,0,0,0
1.0,1.0,8,1.9436138001775483,0.06503839617922222,2.478972410299809,0.0,1352.0,190,5611.0,1.69,1.13,0.241,4.04,288.4656683,66.3479375,6.226091906363478,12.3,10.717,12.2213,0,0,0,0,0,0,0,0,0,0,0,0
1.0,1.0,7,0.9030519932097534,0.016994767375861832,0.8281150409704297,0.00086,696.0,190,3317.0,0.32,0.31,-0.15,4.91,191.981531,9.7494181,2.2054418341264035,11.39,6.362,10.094,0,0,0,0,0,0,0,0,0,0,0,0
1.0,1.0,3,6.462185429987281,0.8671004876833833,2.4503304013914105,0.31815999999999994,1011.7119999999999,190,5528.0,1.284,0.32,0.068,4.354,265.4115,-24.3739389,8.866581653303996,16.8172,15.01963999999999,9.770026000000001,1,1,0,1,1,1,0,1,1,0,0,0
2.0,3.0,7,9.226276985863501,2.3805641343106343,2.5242283715999014,0.277,1116.6,190,5439.2,1.046,1.21,-0.03800000000000001,4.464,5.016937917,-49.0753625,3.3026763860345105,5.7,4.474,5.58442,1,0,0,0,1,1,0,1,1,0,0,0
1.0,2.0,8,0.8848471224990819,0.02262217803627965,0.8878912573524571,0.093,1328.0,190,4916.0,0.72,0.79,0.156,3.44,169.4490102,3.8665038,4.707266379539107,11.726,9.454001,11.527,0,0,0,0,0,0,0,1,1,0,0,0
1.0,2.0,7,2.553203723708403,0.09294374564273797,2.2832149034640215,0.36,863.2,81,5494.0,0.806,0.88,0.04,4.41,46.9090081,-72.3219221,3.7572761479222865,8.39,6.647,8.19184,1,0,0,0,0,1,0,0,0,0,0,0
1.0,1.0,8,1.4155132997891107,0.37268262866559687,2.68614536571416,0.0,1224.6,190,5700.0,1.14,1.78,0.01,4.49,214.6830109,-20.2754374,5.273686502051213,11.288,9.589,11.1247,0,0,1,0,0,0,0,0,0,0,0,0
1.0,3.0,8,3.3008612596094924,0.23431447231893535,1.33500106673234,0.040582,916.8,190,5608.4,1.25,1.0,0.12799999999999997,4.24,285.4195845,39.7061009,6.86470058551019,13.965,12.393,13.7606,0,0,1,1,1,0,0,1,0,0,0,0
2.0,1.0,3,7.846980982138788,1.2781522025001875,2.701887223850495,0.22399999999999998,1188.912,135,5516.4,1.284,0.41,0.0416,4.377999999999999,271.351807,-26.4219437,7.923348211930154,17.02,15.01963999999999,10.863846,1,0,0,1,1,1,0,1,1,0,0,0
1.0,2.0,7,1.8870696490323797,0.058268908123975775,2.414031285854356,0.15,1051.4,190,4816.0,0.71,0.5,-0.06,4.43,150.1971964,-9.5165689,3.745595270021869,9.86,7.323,9.50331,1,0,0,0,0,0,0,0,0,0,0,0
1.0,3.0,7,1.4011558796505441,0.021330870701828937,1.9925031116613439,0.0,410.0,175,3151.0,0.16,0.14,-0.18,5.17,18.1330792,-16.9962434,1.703444862165027,5.09951488,2.7418000000000005,10.4294,1,0,0,0,0,0,0,0,0,0,0,0
1.0,2.0,8,4.494294489642155,0.17544690140719504,1.840549633397487,0.2641202,1076.6,190,5905.2,1.06,0.85,0.2098,4.32,296.1328135,48.9773095,5.415019818584176,12.259,10.285,11.8286,0,0,1,1,1,0,0,1,0,0,0,0
2.0,1.0,7,7.195937226475569,1.2383742310432684,1.7582769022863367,0.8206009999999999,990.0,68,4809.0,0.9719999999999999,1.1,-0.054000000000000006,4.404000000000001,66.2108141,-50.6228081,4.030488474840301,7.69,6.006,7.49977,1,0,0,0,1,1,0,1,1,0,0,0
1.0,1.0,8,2.133726107750072,0.052023028067151915,1.2584609896100056,0.14,435.0,167,3422.0,0.37,0.37,-0.19,4.68,270.3172389,35.5948992,3.435102711108479,13.69,8.869,12.5196,0,0,0,0,0,0,0,0,0,0,0,0
1.0,2.0,7,4.90084684143069,0.406797553341943,1.8127314948450242,0.647,653.4,190,5418.4,2.492,0.94,0.030199999999999998,4.16,258.0966686,63.3527828,3.616160900885926,8.07,6.269,7.86569,1,0,0,0,1,1,0,1,1,0,0,0
1.0,1.0,7,5.081317404681786,0.40011750178156913,2.4179167671467057,0.305,1068.3920000000003,129,4997.8,0.8320000000000001,0.62,0.030599999999999995,3.9220000000000006,106.4257786,27.4704132,3.1713061156405637,10.14,6.781,9.57701,1,0,0,0,1,1,0,1,1,0,0,0
1.0,1.0,3,6.52172637929524,0.6259384308664953,2.4503304013914105,0.22399999999999998,1011.7119999999999,190,5544.0,1.284,0.1,0.06760000000000001,4.448,264.327,-27.8320611,8.85666093701725,16.8172,14.586911999999993,10.484964,1,1,0,1,1,1,0,1,1,0,0,0
1.0,1.0,3,6.52172637929524,1.3164082336557241,2.4503304013914105,0.22399999999999998,1011.7119999999999,190,5544.0,1.284,0.45,-0.054400000000000004,4.508000000000001,263.96425,-29.5858611,8.888894669371593,16.817199999999996,14.586911999999993,10.484964,1,1,0,1,1,1,0,1,1,0,0,0
1.0,1.0,7,7.07110636214399,1.1727916868423611,2.520999607347226,0.224,1328.4,190,5656.0,1.38,1.07,0.23,4.16,301.8318167,-35.5395236,4.0159108372192165,7.78,6.161,7.5942,1,0,0,0,0,0,0,0,0,0,0,0
1.0,1.0,8,1.50064129569225,0.028295869154847303,1.4906543764441333,0.428,494.0,175,3207.0,0.29,0.26,0.15,4.94,63.2739346,15.2477027,3.827695296904079,16.21,10.444,14.3817,0,0,0,0,0,0,0,0,0,0,0,0
1.0,1.0,8,1.6789930977929688,0.04974209189481407,2.0551488491107914,0.0,952.0,190,5205.0,0.87,0.9,0.223,4.51,259.0235918,63.1056072,5.134238397291363,11.806,9.87,11.6512,0,0,0,0,0,0,0,0,0,0,0,0
2.0,1.0,8,4.208595441225374,0.3040228320398332,1.6765356559665945,0.1181,612.712,190,4700.0,0.78,0.82,-0.2,4.57,288.5106679,51.1624235,6.743512511588036,15.885,13.415,15.5943,0,0,0,0,0,0,0,0,0,0,0,0
1.0,1.0,8,1.3993398968803612,0.03967253414372631,2.6930042428969387,0.4338,1373.8,190,5470.0,0.95,0.95,-0.20460000000000003,4.482,90.6436658,-0.5771099,5.898965412611059,13.242,11.269,12.9988,0,0,0,1,0,0,0,1,1,0,0,0
1.0,1.0,7,6.257667587882639,0.9162907318741551,1.300936195716447,0.29,612.712,190,4860.0,4.5,1.3,0.19,3.24,261.4395312,27.3030721,4.562914873090977,7.47,5.156,7.2068,1,0,0,0,0,0,0,0,0,0,0,0
1.0,1.0,7,3.4344387154419573,0.15700374880966475,1.985874866350202,0.054,822.6,127,5181.0,2.884,0.72,-0.15099999999999997,4.114,18.495343,16.4942738,3.4936033483190903,9.82,6.909,9.39022,1,0,0,0,1,1,0,1,1,0,0,0
1.0,1.0,8,2.599359888559572,0.09676366843230803,2.2696485927477807,0.0697,650.0,190,5282.0,0.82,0.9,0.098,4.57,351.1353785,-5.1641451,5.4563334233138825,12.697,10.668,12.4462,0,0,0,0,0,0,0,0,0,0,0,0
1.0,3.0,8,2.442486156126246,0.09785240016750463,2.0162354657760435,0.08642940000000002,612.712,190,4840.0,4.23,1.32,0.2,3.31,293.7583002,41.871807,6.817824006881181,12.598,10.227,12.4298,0,0,0,1,0,0,0,0,0,0,0,0
1.0,1.0,7,6.037632227952989,0.832909122935104,1.5338557823063312,0.11,1067.0,110,4406.0,21.0,1.7,-0.094,1.94,239.3965057,26.8776171,4.26082322495156,4.12577,1.5122200000000001,3.80122,1,0,0,0,0,0,0,0,0,0,0,0
1.0,1.0,3,6.609433931338262,0.4824261492442927,2.701887223850495,0.22399999999999998,1236.312,190,5328.4,1.284,0.09,0.0416,4.377999999999999,272.015825,-27.150075,6.90875477931522,17.02,13.449511999999993,10.108464000000001,1,1,0,1,1,1,0,1,1,0,0,0
2.0,2.0,1,7.558647146644969,1.33500106673234,2.6120359238555317,0.05,827.0,190,5372.4800000000005,1.294,0.7,0.22218400000000002,4.272,53.8694682,-25.7393857,6.063417728160639,16.7753,14.776,15.989448,1,0,0,0,1,1,0,1,1,1,0,0
1.0,2.0,7,7.024649030453636,0.6601851669954578,1.549736322285515,0.209,819.4,190,4590.6,7.058,1.3,0.01804,3.908,176.6941567,3.4742143,5.384985768061635,7.88,5.402,7.58172,1,0,1,0,1,1,0,1,1,0,0,0
1.0,1.0,7,9.85332303799997,3.0562157089335016,2.421452692159889,0.144,744.6,190,5497.6,3.804,1.03,0.05800000000000001,3.864,28.2750265,-1.3284416,3.688076631938436,7.43,5.885,7.25765,1,0,0,0,1,1,0,1,1,0,0,0
1.0,1.0,7,6.487029314105918,0.4950394407673837,2.0091282251909837,0.5439,1077.6,190,4855.0,1.798,0.74,-0.072,4.191999999999999,7.1413494,-16.2273254,3.568413760847161,9.62,6.914,9.20112,1,0,1,0,1,1,0,1,1,0,0,0
2.0,1.0,8,2.0528566492316886,0.11952212521867503,2.6198016955481447,0.035,1005.8,190,6395.0,2.05,1.51,0.12,3.99,287.708814,47.33305,5.42215335444201,12.003,10.988,12.5031,0,0,1,0,0,0,0,0,0,1,0,0
2.0,2.0,7,7.57353126274595,1.425515074273172,2.3194580152848525,0.041,1024.2,190,5303.0,2.01,0.91,0.1,3.79,29.2884252,-10.2434693,3.5420283176773517,6.41525,4.491,6.209,1,0,0,0,0,0,0,0,0,0,0,0
1.0,1.0,5,0.5771982588079475,0.015578029963318415,2.2427308736905234,0.0017,1248.8,190,5555.2,1.1480000000000001,1.4,0.1264,4.444000000000001,350.6443481,-26.8495331,5.442417710521793,11.9342,10.231799999999998,11.810016,1,0,0,0,1,1,0,1,1,0,0,0
1.0,1.0,8,2.889488034194042,0.12221763272424921,1.2892326482767593,0.04,795.0,57,5725.0,1.09,1.0,0.07,4.33,205.3758786,-9.9460704,4.74747671424381,9.885,8.407,9.75597,0,0,0,0,0,0,0,0,0,0,0,0
1.0,1.0,7,7.892293655931007,1.713797927758343,2.3282663892550857,0.118,1152.6,190,5304.2,1.2559999999999998,1.75,-0.092,4.348000000000001,174.2008941,-37.0391349,4.814815038430936,7.94,5.493,7.64993,1,0,0,0,1,1,0,1,1,0,0,0
1.0,2.0,8,2.423821182215137,0.08709470685093376,1.247032293786383,0.29,702.0,190,5216.0,0.84,0.93,0.248,4.56,296.2446203,74.0628577,4.203947565788045,9.92,7.923,9.68443,0,0,0,0,0,0,0,0,0,0,0,0
1.0,2.0,7,7.084879611908244,1.3029127521808397,1.2763969863336349,0.314,769.2,190,4674.8,0.85,1.79,-0.36395999999999995,4.494,86.8212337,-51.066148,3.0322666895319608,3.8593936,3.526,3.82015,1,0,0,0,1,1,0,1,1,0,0,0
1.0,3.0,8,2.1392580723726873,0.06363186024477342,1.324418957401803,0.0,651.0,190,4227.0,0.67,0.68,-0.1,4.57,157.1440712,65.8541986,4.312109675635232,11.922,8.95,11.5743,0,0,0,0,0,0,0,0,0,0,0,0
3.0,6.0,8,3.0689649377374386,0.12768936114088944,1.348592493935879,0.16812,602.0,98,5266.0,0.79,0.8,-0.2,4.54,189.8392243,20.0273377,3.50129909402079,8.419,6.492,8.17208,0,0,0,1,0,0,0,0,0,0,0,0
1.0,1.0,8,1.0124092757732601,0.023130417388854383,2.6385572045735763,0.057,2470.0,127,4591.0,0.66,0.73,-0.13999999999999999,4.462000000000001,297.7909214,16.9125679,6.339549452076887,16.186,13.332,15.9359,0,0,0,0,0,0,0,1,1,0,0,0
1.0,1.0,8,1.3607131081806154,0.041237908016244745,2.9701580224345605,0.0,1646.0,190,5772.0,1.47,1.18,0.278,4.17,139.1125648,69.0741284,6.046769160387635,11.856,10.617,12.0338,0,0,0,0,0,0,0,0,0,0,0,0
1.0,3.0,7,7.621741505453247,1.4315067039414386,2.5195209695669014,0.1,1125.8,190,5471.8,1.096,1.03,0.0696,4.271999999999999,322.0510568,-21.7274194,3.887617601589392,7.99,6.459,7.83246,1,0,0,0,1,1,0,1,1,0,0,0
1.0,1.0,7,4.856551278713541,0.412109650826833,2.3800533812366518,0.05,1248.2,190,4790.0,10.3,1.45,-0.41,2.58,176.5980316,14.1240201,5.852481176567099,8.69,6.259,8.40499,1,0,0,0,0,0,0,0,0,0,0,0
1.0,1.0,7,6.969099698152878,1.250188228122899,2.5983309015918437,0.63,1217.4,190,5037.4,1.736,1.81,0.052000000000000005,4.075999999999999,296.4221207,-0.6968794,4.637395333282829,7.34,5.09,7.07025,1,0,0,0,1,1,0,1,1,0,0,0
1.0,4.0,8,3.250607023029654,0.2305447295518329,1.2412685890696329,0.13898000000000002,463.2,190,4884.2,0.89,0.97,-0.27,4.53,284.6772402,44.7976401,7.199387041130196,15.444,13.65,15.1779,0,0,1,1,1,0,0,1,0,0,0,0
1.0,3.0,7,6.405147727499492,0.7082328179779862,1.9787925360653245,0.373,1091.4,190,5055.6,1.002,0.8920000000000001,-0.015400000000000002,4.49,62.3228353,-53.3711768,2.7805878933925334,11.79,7.135,10.6771,1,0,0,0,1,1,1,1,1,0,0,0
1.0,1.0,7,6.361647841071506,0.832909122935104,2.181237100818188,0.21,1182.2,125,4296.0,17.3,0.8,-0.46,1.99,25.9203179,21.0052692,7.188042577362072,9.367,6.169,8.91613,1,0,0,0,0,0,0,0,0,0,0,0
2.0,1.0,7,4.4725526613732525,0.9146658357045123,1.2313549232430816,0.063,773.0,142,4090.0,8.649899999999999,0.58,0.16,4.61,244.1725686,67.2392041,2.465069521896682,8.61,4.953,7.90052,1,0,1,0,0,1,0,0,0,0,0,0
1.0,1.0,7,5.604551284394344,0.6205764877251099,1.9013830707363766,0.34,928.4,62,5873.0,1.356,1.15,0.22,4.24,212.8207093,54.4089731,4.1141096071127246,7.88,6.389,7.71674,1,0,0,0,0,1,0,0,0,0,0,0
1.0,1.0,2,5.7942488574892455,4.552823705615882,2.3653468257868244,0.4,1555.7920000000001,190,7826.0000000000055,1.03,2.4,-0.019799999999999995,4.5023,73.9410446,30.5510888,5.094529038538196,7.076,4.23,7.07854,1,1,0,0,0,1,0,1,1,0,0,0
1.0,1.0,8,1.674202657981,0.052155922217157175,2.7898145029048496,0.05,1531.0,190,6000.0,1.5,1.14,0.021,4.14,201.3748265,52.7681036,6.0363542572440405,11.992,10.479,11.6943,0,0,0,0,0,0,0,0,0,0,0,0
1.0,1.0,8,1.355493987197108,0.03998964821615847,2.6937484163913505,0.0,1620.0,43,5910.0,1.32,1.09,0.14,4.24,223.6587187,-38.7445469,6.234185210095556,12.678,11.137,12.5347,0,0,0,0,0,0,0,0,0,0,0,0
1.0,1.0,8,1.8161069816277986,0.06325644963501485,2.964396393244138,0.0,1413.4,15,6150.0,2.83,1.54,0.0,3.72,17.47474,25.6816494,5.920006138681238,10.295,8.79,10.1318,0,0,0,0,0,0,0,0,0,0,0,0
3.0,1.0,7,5.206202077640231,0.5306282510621704,2.389054646334941,0.027,1071.8,93,4665.0,11.0,1.4,-0.03,2.52,348.9745031,-9.0878076,3.807337817240938,4.23946,1.597,3.95311,1,0,0,0,0,0,0,0,0,0,0,0
1.0,1.0,7,9.300481773906242,2.4057732507902148,1.6494379439793192,0.8206009999999999,586.4,190,5563.800000000001,0.752,1.12,-0.013999999999999995,4.523999999999999,62.4122255,31.6524346,3.735591269535892,6.89333,5.524,6.7427,1,0,0,0,1,1,0,1,1,0,0,0
1.0,2.0,7,6.398761310045116,0.9555114450274363,2.387861311256585,0.03,1514.4,190,6245.0,2.57,1.5,-0.26,3.8,113.5130656,-22.2958661,3.2947844605680916,4.44,3.355,4.30793,1,0,0,0,0,0,0,0,0,0,0,0
3.0,2.0,7,8.58876938990546,1.9095425048844386,2.2722157948888704,0.17,1026.2,190,5612.0,1.2920000000000003,0.87,0.15078400000000003,4.44,118.4209646,-63.6466892,3.5868605711993755,7.97,6.329,7.7943,1,0,0,0,0,1,0,1,0,0,0,0
1.0,6.0,8,1.9820216379722526,0.06475724721527852,2.4351607929954575,0.11,1062.0,190,5770.0,0.97,1.02,0.07,4.47,192.1848981,64.8552755,4.448939678150557,9.534,8.034,9.36789,1,0,0,0,0,0,0,0,0,0,0,0
1.0,1.0,7,5.883322388488279,0.6626879730752367,2.477810180127105,0.24,1218.8,190,5449.0,0.83,0.65,-0.16,4.41,116.9582617,-54.265345,3.512667197484159,8.1,6.316,7.90983,1,0,0,0,0,0,0,0,0,0,0,0
1.0,1.0,7,5.60311463485544,0.6296747576043717,2.0155573942525296,0.453,986.512,101,4415.0,18.11,1.23,-0.25,1.8,130.0528099,64.3280504,4.310266097445318,4.5801,1.734,4.23773,1,0,0,0,0,0,0,0,0,0,0,0
3.0,2.0,8,2.3235292253880524,0.08828556486736039,1.4011829736136412,0.0,1230.0,190,6302.0,1.51,1.19,-0.06,4.23,234.8578846,-20.1988975,5.612795934436755,11.114,9.42,10.8204,0,0,0,0,0,0,0,0,0,0,0,0
1.0,1.0,2,9.85332303799997,3.332204510175204,2.4661625299068852,0.52,1048.8,88,5377.8,0.9720000000000001,1.36,0.046400000000000004,4.428,283.2745823,-50.1808952,3.8725501004771865,8.43,6.366,8.09894,1,0,0,0,1,1,0,1,1,0,0,0
2.0,1.0,8,1.9092676523011127,0.060906934903521386,2.4357164055972285,0.096,1100.0,45,5900.0,0.9,1.0,0.15,4.53,176.2990518,-42.0639575,5.711955649745353,12.179,10.412,11.8127,0,0,0,0,0,0,0,0,0,0,0,0
1.0,1.0,5,0.5771982588079475,0.015578029963318415,2.135515157670981,0.06,1831.312,190,4500.0,0.8460000000000001,1.4,-0.0726,4.228,259.7919708,-14.6336,7.0909098220799835,11.164244,9.489655999999995,8.696366000000001,1,0,0,0,0,1,0,1,1,0,0,0
1.0,1.0,3,7.937731775260109,1.4350845252893227,2.67803876627248,0.154,1314.9119999999998,190,5411.6,1.466,0.56,-0.12840000000000001,4.264,267.008125,-35.0054111,8.019941687677365,17.02,15.01963999999999,10.620735999999999,1,0,0,1,1,1,0,1,1,0,0,0
1.0,1.0,8,1.01068686861382,0.026758769300691144,2.59420938467845,0.126,1505.0,89,5311.0,0.92,0.87,0.0,4.45,311.0920041,-19.4375266,7.039265881184347,14.909,12.724,14.6473,0,0,0,0,0,0,0,0,0,0,0,0
1.0,1.0,7,3.614048143490933,0.13251837970014443,1.821127886291213,0.079,234.0,174,3347.0,0.3,0.29,-0.18,4.76,218.5684823,-12.5170062,1.9802315173575662,11.311,5.939,9.87882,1,0,0,0,0,0,0,0,0,0,0,0
1.0,4.0,7,2.03282152104461,2.1168208066031826,2.477810180127105,0.072,796.912,127,4440.0,0.68,0.74,0.12,4.62,106.559098,-47.5878156,3.879342776599514,10.54,7.715,10.1026,1,0,1,0,0,0,0,0,0,0,0,0
1.0,1.0,8,0.6552074865511666,0.01965555765844128,2.897402539480782,0.145,2508.0,35,6110.0,1.44,1.22,0.06,4.22,249.3148604,7.1833758,5.931308409285782,12.402,10.767,12.1931,0,0,0,1,0,0,0,0,0,0,0,0
1.0,2.0,8,1.5013361318292777,0.04631090286325025,1.9125010869241836,0.086,1513.0,54,5667.0,1.56,1.17,0.33,4.12,283.255507,48.3552474,6.8340882865056605,13.7,12.011,13.5672,0,0,0,0,0,0,0,0,0,0,0,0
1.0,1.0,8,1.6551185804607775,0.05356920254269124,2.8394877364701547,0.0,1528.0,190,6399.0,1.35,1.24,0.06,4.27,195.7940145,-41.3848617,6.0189556792115875,11.803,10.579,11.6826,0,0,0,0,0,0,0,0,0,0,0,0
1.0,2.0,8,1.7531416409698148,0.055434706888100586,1.5085119938441398,0.14,1242.0,41,6000.0,1.05,1.15,0.09,4.44,161.8795569,36.3294345,4.881702833961205,10.059,8.713,9.98233,0,0,0,0,0,0,0,0,0,0,0,0
1.0,1.0,7,7.092616931998459,1.2163953243244932,1.9325911055925076,0.476,1131.4,190,4924.6,1.44,1.23,-0.028000000000000004,4.298,354.337670099,-61.5868613,4.382786346020124,8.06,6.76,7.92192,1,0,0,0,1,1,0,1,1,0,0,0
1.0,2.0,8,0.5771982588079475,0.11952212521867503,0.7275486072772778,0.0796,815.2,190,5476.0,1.01,1.0,0.33,4.43,286.0363025,49.6145027,5.827085064324465,12.603,10.911,12.5074,0,0,1,1,0,0,0,0,0,0,0,0
2.0,4.0,7,6.958871507194398,1.0061314358739446,2.726879944737456,0.319,1389.2,190,5728.0,1.7760000000000002,0.63,0.06800000000000002,3.8,262.5448903,-51.6377777,2.834812065419913,9.58,5.825,8.86517,1,0,0,0,1,1,0,1,1,0,0,0
1.0,2.0,7,9.399840423282033,2.4210789870418346,1.7695591339657226,0.039,588.0,190,4741.4,1.44,0.98,0.174784,4.212000000000001,70.4770964,-58.0208085,4.035773975264308,8.41,6.715,8.21511,1,0,0,0,1,1,0,1,1,0,0,0
1.0,2.0,7,6.837332814685591,1.1085626195212777,2.847943561486942,0.12,1305.8,35,6255.0,1.67,1.29,0.01,4.11,34.5609102,65.5941901,4.388896731423526,7.52,6.21,7.3845,1,0,0,0,0,0,0,0,0,0,0,0
1.0,1.0,7,6.337002706635798,0.9524297784900283,2.0904750112513164,0.022,1566.312,190,4945.0,4.71,1.69,0.10800000000000001,3.28,290.2674078,-23.6196996,4.799016740786647,7.55,5.251,7.28405,1,0,0,0,0,0,0,1,0,0,0,0
1.0,2.0,7,6.85393247228463,1.206569430173202,1.8716082951873865,0.028,613.512,94,5040.0,6.43,1.91,0.02,3.11,319.2250346,27.2582799,5.244631739128232,8.23,5.877,7.95929,1,0,0,0,0,0,0,0,0,0,0,0
1.0,1.0,8,1.252851821690663,0.02264173048082465,1.4085449700547104,0.46932019999999997,489.0,180,3185.0,0.28,0.26,0.336,4.96,65.280648,48.8198312,4.188399408970942,16.82,11.331,15.3314,0,0,0,1,0,0,0,0,0,0,0,0
1.0,1.0,8,1.7467795368970966,0.8399222866721162,2.780804877011122,0.0007,1181.8,190,5375.0,2.69,1.44,0.17,3.7,161.7069053,-9.3993646,4.60676491373359,8.04,6.122,7.83112,0,0,1,0,0,0,0,0,0,0,0,0
2.0,1.0,8,1.7595982127047594,0.06302174641615634,3.1061199638849386,0.0,1903.0,190,6406.0,2.55,1.64,-0.08,3.85,256.6107279,44.7768849,5.920736242055503,10.106,8.9,9.97496,0,0,0,0,0,0,0,0,0,0,0,0
1.0,2.0,8,1.4560139684703524,0.9299371231155964,2.350524903286915,0.05532,1376.0,190,5800.0,1.27,1.12,0.2406,4.294,63.374706,-69.2265926,5.38231838361426,10.994,9.598,11.0665,1,0,1,1,0,0,0,1,1,0,0,0
1.0,1.0,3,8.097426298597213,1.2809338454620642,2.306845450494735,0.22400000000000003,174.56,190,5411.6,1.5659999999999998,0.22,-0.146,4.5,268.579958,-30.3773056,8.79497643168877,17.02,15.01963999999999,9.611478,1,0,0,1,1,1,0,1,1,0,0,0
1.0,1.0,8,0.9334977188990538,0.02332582530349669,2.7668221273454443,0.0,1357.0,117,4660.0,0.86,0.72,-0.26,4.63,311.2583112,-35.4278412,6.386695800840649,15.506,12.951,15.224,0,0,0,0,0,0,0,0,0,0,0,0
1.0,1.0,7,4.833102254034098,0.4478858239921165,2.421888007657203,0.23,1715.3920000000003,76,4830.0,1.6839999999999997,1.54,-0.31,2.53,194.3824825,-65.6463263,5.0591460541566295,6.86,4.406,6.56453,1,0,0,0,0,1,0,0,0,0,0,0
1.0,1.0,8,1.946091561170569,0.05554822929943851,1.112843870914834,0.409,789.0,190,4716.0,0.69,0.69,-0.47,3.7,206.8461979,-6.1393369,3.818283591325197,10.27,7.617,9.89816,0,0,0,0,0,0,0,0,1,0,0,0
1.0,1.0,7,8.379539026117442,1.840549633397487,2.140682174915681,0.39,1427.2,68,4994.4,1.834,1.06,0.012200000000000006,4.090000000000001,132.3015641,3.4850141,3.4445378022835467,7.45,5.84,7.283,1,0,0,0,1,1,0,1,1,0,0,0
1.0,1.0,8,2.0240857961742034,0.0657877405380031,2.6784840655004434,0.0,962.0,71,5585.0,1.06,0.96,0.1,4.4,188.1373172,-9.6076115,5.8548340715686376,12.727,10.995,12.4814,0,0,0,0,0,0,0,0,0,0,0,0
1.0,3.0,8,2.330879990047711,0.08121125542482321,1.1659593621277198,0.41,851.0,190,5541.0,0.86,0.94,-0.13,4.288,290.4209694,37.8516556,5.3916346527675465,12.035,10.318,11.8763,0,0,0,0,0,0,0,0,1,0,0,0
1.0,1.0,7,6.126891017936961,0.9122827104766162,2.6339327745610754,0.04,1345.0,101,4766.0,13.76,2.12,-0.03,2.5,61.0947182,-12.7922241,4.752002724851742,5.60075,3.044,5.31947,1,0,0,0,0,0,0,0,0,0,0,0
1.0,1.0,8,1.1345268695070054,0.02566774674857779,1.4861396960896067,0.059,1395.0,81,5397.0,0.9,0.97,0.16,4.48,338.3996623,-43.436872,5.10399205206235,11.197,9.646,11.3208,0,0,0,0,0,0,0,0,0,0,0,0
1.0,1.0,8,1.239691247454266,0.034546343752583475,2.6792391192480904,0.033,1397.0,190,5627.0,0.93,0.96,0.07,4.48,286.7965405,-58.6968348,5.471030409062881,12.0363,10.328,11.8642,0,0,0,0,0,0,0,0,0,0,0,0
1.0,6.0,8,1.0697181788029675,0.025735970542139563,0.766397642299538,0.3765002,1040.0,90,4316.0,0.65,0.65,-0.23,4.45,7.3020115,-30.4541159,4.154168863867766,11.955,8.656,11.1523,0,0,0,1,0,0,0,0,0,0,0,0
1.0,2.0,7,5.243333058215277,0.5007752879124893,2.7136413725667925,0.19,1216.6,190,5601.0,1.53,1.14,0.22,4.12,129.318331,-41.3184231,4.587409392729305,8.99,7.302,8.79682,1,0,0,0,0,0,0,0,0,0,0,0
1.0,1.0,3,7.5269407421994945,0.5670169034157332,2.4503304013914105,0.31815999999999994,1011.7119999999999,135,5254.8,1.2840000000000003,0.09,0.0416,4.378,268.435375,-22.1525389,6.875232087276577,15.299999999999997,13.401111999999992,10.311208,1,1,0,1,1,1,0,1,1,0,0,0
1.0,1.0,7,4.90230749150483,0.43178241642553783,2.4630013190191753,0.04,1214.8,190,4835.0,11.02,0.67,-0.57,2.18,34.7480718,76.78236720799998,5.210534783164279,6.98656,4.743,6.7184,1,0,0,0,0,0,0,0,0,0,0,0
1.0,1.0,3,5.182391606723102,0.6523251860396903,2.7018872238504956,0.154,1208.9119999999998,190,5544.0,1.33,0.11,-0.0064,4.46,269.496333,-30.715175,6.698268054115413,16.676,15.01963999999999,10.822476,1,1,0,1,1,1,0,1,1,0,0,0
1.0,1.0,7,6.71332065430438,1.1314021114911006,2.7221132958941308,0.07,2312.592,101,4850.0,5.77,1.74,0.2,3.1,229.5714974,-41.4210961,4.377719873879056,7.05,4.639,6.75234,1,0,0,0,0,0,0,0,0,0,0,0
1.0,1.0,8,1.3517397686732868,0.043260618657901186,2.7966713927557385,0.038,1743.0,43,6250.0,1.48,1.41,0.41392000000000007,4.25,277.4780753,76.78236720799998,5.460219355777294,10.521,9.241,10.4575,0,0,0,0,0,0,0,0,0,0,0,0
1.0,5.0,8,3.961574784257394,0.2331730869513882,1.8468787684491346,0.007,655.6,190,5001.0599999999995,0.9,0.91,0.24619999999999997,4.682300000000001,292.8733696,42.9661583,6.808295099830396,15.131,13.518,15.1377,0,0,0,0,1,0,0,1,1,0,0,0
1.0,1.0,8,1.5724884931389653,0.04917104400644938,2.483655867886348,0.0,1642.0,42,5965.0,1.64,1.17,0.04,4.08,171.8450533,-44.0887035,6.631790951484344,12.612,11.104,12.4407,0,0,0,0,0,0,0,0,0,0,0,0
1.0,2.0,8,1.3163820939038962,0.01857638557293541,0.8415671856782186,0.193,396.0,182,2953.0,0.16,0.12,-0.028,5.13,64.1309096,-28.3157909,3.509447717763797,17.02,11.344,15.8213,0,0,0,1,0,0,0,0,0,0,0,0
2.0,1.0,7,6.238129293463538,0.8754687373538999,2.230526315538795,0.107,1566.312,190,4961.0,4.16,1.41,0.10800000000000001,3.36,289.8239604,-23.5582432,4.659440544519334,7.78,5.543,7.52132,1,0,0,0,0,0,0,1,0,0,0,0
2.0,1.0,8,5.669266941428969,0.7369726600999749,2.2580060495960783,0.182,648.2,190,5913.0,1.16,1.05,-0.07,4.33,296.4358022,44.6415369,7.496552544166835,15.087,13.238,14.8297,0,0,0,0,0,0,0,0,0,0,0,0
2.0,1.0,8,2.1648227051765634,0.07575661239924633,1.3862943611198906,0.32,1060.0,41,5991.0,1.08,1.09,0.0,4.46,287.7411441,-60.2726358,4.08622166060255,8.31,6.881,8.16034,0,0,0,0,0,0,0,0,0,0,0,0
1.0,1.0,8,2.0436032018471457,0.06859279146561172,1.9999924078065106,0.4215999999999999,938.0,44,5970.0,0.79,1.08,0.0,4.67,100.1951714,9.2573953,6.359025275315981,13.626,12.193,13.5867,0,0,0,1,0,0,0,0,0,0,0,0
1.0,4.0,8,2.0652221739418475,0.19679218433421541,0.8415671856782186,0.1421894,624.2,190,5825.0,1.49,1.08,0.02,4.12,291.3861294,41.9901394,5.722424297760856,11.055,9.768,11.1293,0,0,1,1,0,0,0,0,0,0,0,0
1.0,1.0,3,5.305879249347411,1.0986122886681098,2.603128267000803,0.25939999999999996,1605.312,190,5950.0,1.682,0.67,0.006000000000000005,3.812,271.531006,-31.4544773,7.741099090035366,17.02,15.01963999999999,8.872004,1,1,0,1,0,1,0,1,1,0,0,0
1.0,2.0,7,8.529714471969909,1.9671123567059163,2.2995109093922776,0.125,1617.8,32,6032.0,1.34,1.21,0.24,4.328,246.4351678,11.9190729,4.359232562464645,8.23,6.906,8.0907,1,0,0,0,0,0,0,0,1,0,0,0
1.0,2.0,7,7.260522598089852,1.253905173074145,2.5092485107015348,0.083,176.0,190,5670.0,1.04,1.04,0.18,4.42,170.324325,-22.388177,6.467518585656435,14.033,12.238,13.7854,1,0,0,0,0,0,0,0,0,0,0,0
1.0,1.0,7,5.262690188904886,0.5579000311519196,2.417500183872455,0.05,1044.2,124,4791.0,10.9,1.5,-0.36,2.55,137.4535054,53.5682016,6.742949029679403,10.291,7.979,10.1054,1,0,0,0,0,0,0,0,0,0,0,0
2.0,3.0,8,2.9072906014525306,0.11198850194804724,1.3862943611198906,0.047,470.0,190,4500.0,0.68,0.74,-0.02,4.68,67.4128615,22.8825674,4.098459417912653,11.101,8.368,10.8545,0,0,0,0,0,0,0,0,0,0,0,0
1.0,1.0,8,1.2939866194837204,0.03207989346341168,2.7668221273454443,0.016,790.0,143,3916.0,0.57,0.62,0.0,4.71,82.7142134,-36.6309812,5.389624088653792,15.667,11.936,14.8661,0,0,0,0,0,0,0,0,0,0,0,0
1.0,2.0,7,5.763893678421631,0.7040871205982797,1.996411431143197,0.28,605.6,190,5157.4,8.391899999999998,1.41,0.0834,3.9499999999999993,195.4438496,63.610328,3.6157709822932977,6.02078,5.005,5.91168,1,0,0,0,1,1,0,1,1,0,0,0
1.0,1.0,3,4.903318709324144,0.5247285289349821,2.4503304013914105,0.154,1011.7119999999999,190,5544.0,1.284,0.15,-0.09840000000000002,4.5120000000000005,268.867889,-29.1706657,8.38958706681109,16.676,15.01963999999999,10.863846,1,1,0,1,1,1,0,1,1,0,0,0
1.0,1.0,8,1.5795929492524194,1.7661709186507786,2.8672737066501877,0.0,992.512,190,6570.0,1.62,1.79,-0.13,4.22,354.337670099,42.4659866,5.62169712665708,10.469,9.313,10.3056,0,0,1,0,0,0,0,0,0,0,0,0
1.0,1.0,7,2.4655539212721855,0.052269817433681205,1.8802604497096589,0.33,1726.6,175,3071.0,0.21,0.18,-0.2,5.04,230.9613022,17.4605347,2.502279857845345,14.18,8.279,12.2066,1,0,0,0,0,0,0,0,0,0,0,0
1.0,2.0,8,1.8921349502217,0.06591881808928761,1.938626387103545,0.5172,958.4,32,6380.0,1.39,1.33,0.18,4.264,245.1514324,41.0479601,4.858058929939067,8.72,7.603,8.59842,1,0,0,0,0,0,0,0,1,0,0,0
1.0,1.0,8,2.845005890790367,0.11064652008706366,1.2068686074379615,0.0,582.0,190,5106.0,0.78,0.82,-0.03,4.56,325.2016451,76.78236720799998,3.377375889536153,8.37,6.312,8.13037,0,0,0,0,0,0,0,0,0,0,0,0
2.0,1.0,8,1.631940812279278,0.43503744084647333,2.780804877011122,0.0,1545.1920000000002,190,6327.0,1.93,1.54,0.0,4.5,92.6640226,30.9571333,4.905704315803675,8.68,7.346,8.58393,0,0,1,0,0,0,0,0,0,0,0,0
1.0,6.0,7,4.55597994179732,0.31867188913852507,2.320150728659361,0.0,850.3119999999999,117,4913.0,0.77,0.79,0.08,4.51,348.3372026,57.1696255,2.019063686289062,5.56911,3.261,5.2402,1,0,0,0,0,0,0,0,0,0,0,0
1.0,1.0,7,3.271012003928639,0.16296882827813966,1.7857831401516857,0.145,1345.6,190,5254.0,3.322,1.16,0.062,4.1523,323.9186227,-59.6933144,4.4729624883212855,7.84,6.457,7.71934,1,0,0,0,1,1,0,1,1,0,0,0
1.0,5.0,8,2.598361815191297,0.08883471370049074,0.598121822621983,0.2733644,578.0,111,4925.0,0.64,0.69,-0.37,4.68,283.2125621,45.3496992,5.710009711771951,13.965,11.659,13.7197,0,0,0,1,0,0,0,0,0,0,0,0
2.0,1.0,8,1.6444308607863676,0.04726519246711422,2.753342190293917,0.0,859.8,190,5442.6,1.33,0.95,0.042199999999999994,4.32,160.5587646,-3.8349989,5.078337555326185,10.148,8.641,10.054,0,0,0,0,1,0,0,1,1,0,0,0
2.0,2.0,7,6.621179261292875,0.8754687373538999,2.2407096892759584,0.105,174.56,129,4120.0,0.68,0.65,0.24,4.65,167.7745044,30.4451688,2.556397509813185,8.31,4.979,7.72808,0,0,0,0,0,0,0,0,0,0,0,0
1.0,4.0,8,2.4384978978043477,0.11136246785346073,1.247032293786383,0.0,620.0,111,4975.0,0.79,0.83,0.0,4.4,349.3843458,1.3001522,5.049605975994328,12.075,9.971,11.804,0,0,0,0,0,0,0,0,0,0,0,0
2.0,2.0,7,4.71760561531788,0.4145569847863825,1.465336283710562,0.3,612.712,190,4949.0,2.62,1.47,0.41392000000000007,3.65,286.3363574,25.9204327,4.15524208797334,7.18,4.809,6.8866,1,0,0,0,0,0,0,0,0,0,0,0
1.0,2.0,7,4.040433810191357,0.23696755790727955,2.152048474581108,0.123,1149.6,190,4952.0,0.78,0.82,0.11,4.56,179.7923543,-20.3556058,3.0616698156052693,7.92,5.614,7.62029,1,0,0,0,0,0,0,0,0,0,0,0
1.0,4.0,8,2.116942016455758,0.07283494791638565,0.9913982043609605,0.0,558.8,190,5383.8,1.048,1.08,-0.27399999999999997,4.68,282.3919451,43.8894167,5.971358773867713,12.775,11.167,12.677,0,0,0,0,1,1,0,1,1,0,0,0
1.0,1.0,7,3.265759410767051,0.15700374880966475,1.6285417196062106,0.58,672.0,190,4521.0,0.698,0.7539999999999999,0.10278400000000001,4.654,68.4667685,22.8416192,5.068891623524768,13.642,7.793,12.1454,1,0,0,0,1,1,1,1,1,0,0,0
1.0,2.0,8,6.181711076520251,0.766397642299538,2.343727036325221,0.21,191.0,91,5170.0,0.81,0.89,0.16,4.57,258.4503674,64.5661727,5.380155384763669,12.577,10.571,12.4406,0,0,0,0,0,0,0,0,0,0,0,0
1.0,1.0,7,1.6236997275461862,0.05164323315183845,2.655699534641036,0.0167,2129.3920000000003,42,5856.0,1.44,1.2,0.29,4.384,248.2126715,2.0844547,4.3078430827410035,7.89,6.434,7.74081,1,0,0,0,0,0,0,0,1,0,0,0
3.0,1.0,2,2.9247158425225686,5.846438775057725,1.018799914344336,0.29100000000000004,949.6,128,4806.0,0.746,1.08,-0.5798,4.524,353.7526177,1.6055211,3.0822080904902673,9.59,6.044,9.02571,1,1,0,1,1,1,0,0,1,0,0,0
1.0,3.0,8,4.043194941723489,0.26849925303500694,1.6544112780768316,0.1203,585.0,36,6120.0,1.45,1.26,0.0,4.13,65.2383065,-68.1026875,4.945997212447145,9.42,8.175,9.29976,0,0,0,0,0,0,0,0,0,0,0,0
1.0,2.0,8,1.3651345632842644,0.18389925707488436,2.7251039556680374,0.0133,768.8,190,5154.4,2.966,1.092,0.11299999999999999,4.072,129.8823772,47.3519076,5.5126623235058965,10.421,8.975,10.4168,0,0,1,0,1,1,1,1,1,0,0,0
1.0,1.0,8,2.6896424804712105,0.10795714150509228,1.456752824768452,0.0,783.0,190,5743.0,1.09,1.04,0.159,4.38,116.7971978,68.4766845,4.622292754544813,9.664,8.133,9.53596,0,0,0,0,0,0,0,0,0,0,0,0
1.0,1.0,7,7.8338565814484005,1.759064086389913,2.7413143221880887,0.586,1400.2,190,5374.8,1.0,2.32,0.030000000000000006,4.378,207.5808445,-39.9008996,4.7625670199228365,6.43,4.196,6.17087,1,0,0,0,1,1,0,1,1,0,0,0
1.0,1.0,8,1.5230561989829523,0.04946612613184919,2.6952351040553664,0.036,1741.0,190,6147.0,1.75,1.35,0.21,4.08,15.006077,-58.9047242,6.405154075099211,12.312,10.949,12.1631,0,0,0,0,0,0,0,0,0,0,0,0
1.0,1.0,7,4.238011912034514,0.2851789422336624,1.8746093890947317,0.12,947.0,190,5844.0,1.07,1.2,0.1,4.46,188.027184,74.4893379,4.231710883764523,8.751,7.216,8.5873,1,0,0,0,0,0,0,0,0,0,0,0
1.0,2.0,7,1.5961581250868693,0.04879016416943201,2.084042501389805,0.16,1334.0,190,5110.0,0.85,0.67,0.2,4.4,341.652714,-56.5997984,3.7268205026917975,8.96,6.784,8.68605,1,0,0,0,0,0,0,0,0,0,0,0
1.0,1.0,7,3.8082833976113597,0.21268909341035083,1.384659166841036,0.607,843.8,84,5294.0,0.94,0.92,0.26,4.466,97.3058709,10.9336212,3.5794579259178407,8.1,6.263,7.9118,1,0,0,0,0,0,0,0,1,0,0,0
1.0,1.0,8,2.1806352884006404,0.055434706888100586,1.1600209167967532,0.0,395.0,175,3342.0,0.34,0.34,0.03,4.91,281.1763433,36.5631318,3.536983314233795,14.32,9.343,12.9643,0,0,0,0,0,0,0,0,0,0,0,0
2.0,1.0,8,1.2962814932507527,0.03825871211709034,2.701294096605202,0.0,1452.0,68,6112.0,0.94,1.09,-0.068,4.162,175.9080328,6.5637842,4.962054108089366,10.72,8.733,10.6241,0,0,0,0,0,0,0,1,1,0,0,0
1.0,2.0,7,1.73085876763844,0.04879016416943201,1.3009361957164467,0.0,748.2,190,4850.0,0.72,0.77,0.05,4.6,259.4183491,29.228161,3.232080261312624,8.43,6.004,8.10753,1,0,0,0,0,0,0,0,0,0,0,0
1.0,1.0,8,2.1998878609790937,0.05619127964974249,1.3174800451195308,0.19,435.0,190,3370.0,0.41,0.4,0.34,4.8,183.9203614,-18.9103377,3.9799096652885666,14.83,9.86,13.5645,0,0,0,0,0,0,0,0,0,0,0,0
1.0,1.0,8,2.3199435592901922,1.656559835970328,2.745474429748209,0.328,1051.4,190,4840.0,3.85,1.08,-0.01,3.3,182.1662666,-8.7472172,6.414799042458393,12.071,9.54,11.64,0,0,1,1,0,0,0,0,0,0,0,0
1.0,1.0,8,1.7569577366490212,0.060878707181073306,2.959172018242189,0.25,1772.0,190,6212.0,2.2,1.44,0.037,3.91,28.2825719,52.0539209,5.4562608446139915,9.727,8.368,9.56355,0,0,0,0,0,0,0,0,0,0,0,0
1.0,1.0,8,1.8440392518760205,0.058929067529287484,2.68614536571416,0.0,1460.0,42,6030.0,1.53,1.06,-0.18,4.09,210.1935714,-30.5836084,5.303677972790132,10.068,8.573,9.86708,0,0,0,0,0,0,0,0,0,0,0,0
1.0,4.0,7,6.456973716382993,0.8475835338643642,1.767104457652191,0.16,529.6,190,5685.8,1.43,0.78,0.238,4.078,26.0093029,-15.9337987,1.703444862165027,3.8593936,1.794,3.80122,1,0,0,0,1,1,0,1,1,0,0,0
2.0,2.0,8,1.8031608919524975,0.5431993390580019,1.25181468639584,0.07222419999999999,533.0,164,3437.0,0.48,0.48,-0.12,4.76,286.8540627,59.0866254,3.1547297600429087,12.28,7.565,11.2394,1,0,1,1,0,0,0,0,0,0,0,0
1.0,1.0,2,4.207835021202614,5.846438775057725,2.719912893644722,0.13879999999999998,1050.0,161,5672.4,3.572,0.33,0.1,3.778,18.146485,17.0650029,3.8825962544674475,14.146,9.345,12.9656,0,1,0,1,1,1,0,0,1,0,0,0
1.0,2.0,7,7.803634000003663,1.5428706681619873,2.447851534210178,0.377,1427.2,190,4877.8,8.835899999999999,1.1,-0.0998,3.838,130.6047813,4.5772338,4.0707858898118205,7.61,6.209,7.46934,1,0,0,0,1,1,0,1,1,0,0,0
1.0,1.0,8,1.9804957548078852,0.06541313854823201,2.8570447537800976,0.056,1254.0,37,6078.0,1.24,1.06,-0.06,4.28,164.3491401,-29.9971229,5.894642474970211,11.972,10.745,12.0421,0,0,0,0,0,0,0,0,0,0,0,0
1.0,2.0,8,2.1799314652377744,0.5738944437762166,2.745474429748209,0.22,1550.0,190,6102.0,1.73,1.42,-0.28,4.07,195.9818362,30.640145,5.487804853293519,10.371,9.083,10.1934,0,0,1,0,0,0,0,0,0,0,0,0
1.0,1.0,7,5.221436322212079,0.5933268452777344,1.950398528776154,0.02,948.4,110,4780.0,0.798,2.1,0.31,2.94,321.5962275,-37.8294782,4.3774926215532926,5.64,2.994,5.28614,1,0,0,0,0,1,0,0,0,0,0,0
1.0,1.0,2,1.351866424372226,5.58724865840025,2.5044661372466477,0.3361202,2580.960000000001,190,5627.6,1.658,1.0939999999999999,0.0344,4.176,165.3295388,-76.938055405,5.7468427945836655,13.312899999999999,11.632,15.989448,1,1,0,1,1,1,1,1,1,1,0,0
1.0,1.0,7,6.518557143337845,0.9932517730102833,2.390517848364626,0.155,1275.0,190,4946.0,5.01,1.43,0.06399999999999999,3.23,35.8085099,10.8367972,4.788632758242916,7.63,5.388,7.37839,1,0,0,0,0,0,0,1,0,0,0,0
1.0,2.0,7,8.146998697389993,1.8500283773520307,2.5788391613325814,0.06,1538.1040000000003,68,5605.0,1.76,1.72,-0.2,3.82,257.816194,-56.681038,4.165861800368343,7.24,5.509,7.04837,1,0,0,0,0,0,0,0,0,0,0,0
1.0,1.0,3,6.609433931338262,1.2325602611778486,2.701887223850495,0.32816,1236.312,190,5263.2,1.284,0.36,0.0416,4.377999999999999,272.4213333,-25.7465806,8.714567550836485,17.02,15.01963999999999,10.108464000000001,1,1,0,1,1,1,0,1,1,0,0,0
1.0,1.0,8,1.7821773739011961,0.055567148448455755,2.464703942470481,0.06,867.4,190,5515.0,0.99,1.02,0.36,4.46,296.2005506,49.1400304,6.607206788023433,13.81,12.216,13.7136,0,0,0,0,0,0,0,0,0,0,0,0
1.0,2.0,8,4.908697063881708,0.2792032327517428,2.288486168614544,0.0,648.2,190,5922.0,1.14,1.08,0.11,4.3,289.3414629,46.988155,6.764727509594552,13.978,12.621,13.9061,0,0,1,0,0,0,0,0,0,0,0,0
1.0,1.0,3,6.5161358214801925,1.5706970841176697,2.4503304013914105,0.48228019999999994,1011.7119999999999,190,5254.8,1.284,0.66,0.0416,4.378,267.3970417,-21.9762,8.368925174747135,15.299999999999997,13.401111999999992,9.770026000000001,1,1,0,1,1,1,0,1,1,0,0,0
1.0,1.0,7,6.5998704992128365,1.111199404173581,2.581177079858009,0.18,1354.8,190,5748.8,1.734,2.1,0.12,2.52,261.2086139,-49.9489317,6.757309062483329,10.909,8.054,10.5336,1,0,0,0,1,1,0,0,0,0,0,0
1.0,2.0,8,3.247938581769499,0.09038899972768073,1.0043016091968684,0.043,226.0,175,3096.0,0.22,0.18,-0.15,5.04,11.248632,-15.2741085,2.7717195946578013,14.15,8.821,12.6706,0,0,0,0,0,0,0,0,0,0,0,0
1.0,4.0,2,9.85332303799997,3.2188758248682006,2.6390573296152584,0.13279999999999997,1171.0,3,5218.2,3.668,1.5,-0.47,3.7959999999999994,346.8701486,21.1340376,3.743464699081502,5.98,5.24,5.90914,0,0,0,1,1,1,0,0,1,0,0,0
1.0,1.0,7,6.075346031088684,0.76080582903376,2.386411689455535,0.23,1186.8,190,4076.0,38.409499999999994,1.05,-0.5798,1.6624999999999999,12.4161652,6.4071412,6.28947992162455,7.51,3.993,6.98504,1,0,0,0,0,0,0,0,0,0,0,0
1.0,1.0,7,4.960253864535331,0.44916296337388373,1.9404242801287315,0.13,771.512,35,6101.0,1.53,1.21,0.05,4.2860000000000005,293.017622,16.4743566,4.699361558342521,8.97,7.657,8.83051,1,0,0,0,0,0,0,0,1,0,0,0
1.0,1.0,8,2.39986152028438,0.8470170775812635,2.5558309881246988,0.3,1162.8,190,6040.0,1.22,1.29,-0.11,4.28,36.7758112,-50.2844247,5.068671470737845,10.139,8.78,10.0269,0,0,1,0,0,0,0,0,0,0,0,0
1.0,1.0,8,1.521432777102902,0.04402645474897855,2.4647889728688996,0.0,1440.0,68,5520.0,0.99,0.95,0.2,4.42,289.6079433,44.3454347,6.462110157739563,14.152,12.361,13.9172,0,0,0,0,0,0,0,0,0,0,0,0
2.0,1.0,7,5.6389594686121916,0.6259384308664953,2.451670377075024,0.238,1335.9119999999998,64,5859.0,1.11,1.12,0.2,4.358,270.3800811,0.1044685,3.9910541246955384,8.1,6.586,7.95594,1,0,0,0,0,0,0,0,1,0,0,0
1.0,1.0,7,6.51352680279996,1.007957920399979,2.155521050897985,0.1,1001.912,190,4842.0,6.12,1.55,-0.20396,3.22,325.8537599,-7.4082451,4.998508730298341,8.34,5.952,8.06506,1,0,0,0,0,0,0,1,0,0,0,0
1.0,1.0,8,1.0656079206097133,0.03816246109434891,3.0918148822310356,0.01,2492.0,17,7300.0,1.95,1.79,-0.1,4.1,352.2675207,67.0348062,5.4244565036529995,8.952,8.325,8.89529,0,0,0,0,0,0,0,0,0,0,0,0
1.0,2.0,8,3.526536979635294,0.22934661431620626,1.4724720573609429,0.101562,753.8,190,5641.6,1.69,1.12,0.07,4.03,286.5831894,39.0772582,6.885144572720057,13.544,11.966,13.3884,0,0,1,1,1,0,0,1,0,0,0,0
1.0,4.0,8,0.8537065664054899,0.02264173048082465,1.3912819026309298,0.03,1441.0,91,4960.0,0.83,0.88,0.37,4.54,20.2148196,66.0722009,5.184611009932202,12.291,10.157,12.1216,0,0,0,0,0,0,0,0,0,0,0,0
2.0,2.0,7,3.9473901492654373,0.2089634877403758,1.2892326482767593,0.45,309.0,129,4120.0,0.68,0.65,0.24,4.65,167.7745044,30.4451688,2.556397509813185,8.31,4.979,7.72808,0,0,0,0,0,0,0,0,0,0,0,0
1.0,1.0,7,6.947120212504392,1.094604267270571,2.76497410016784,0.197,2312.592,190,5507.0,0.92,0.97,0.14,4.47,240.4588405,-44.4350575,4.241536802451171,9.2,7.488,9.01602,1,0,0,0,0,0,0,0,0,0,0,0
1.0,1.0,2,4.6841988301209705,2.1972245773362196,2.4395605480211233,0.13992,450.0,189,2953.0,0.1505,0.09,-0.037599999999999995,5.0,184.487125,16.4445,4.809710780541264,9.174132,6.3792,8.682906000000001,0,1,0,1,0,0,0,1,0,1,0,0
1.0,1.0,6,6.734591659972948,0.9018270805531904,1.8138358573297715,0.15,612.712,0,7067.0,1.154,1.63,-0.02,4.0,299.4346094,43.6326069,7.232653653250145,13.166,12.111,13.1092,1,0,1,0,0,1,0,0,0,0,0,0
2.0,1.0,8,1.4379898246265987,2.147454877057162,2.6311691567662523,0.02,1101.4,190,5302.0,1.11,1.13,0.24,4.36,155.6814593,50.1287115,4.416001641984965,9.763,7.837,9.51936,0,0,1,0,0,0,0,0,0,0,0,0
1.0,1.0,3,2.862454181803645,0.6626879730752367,2.378469968062487,0.159,1387.0,190,6340.800000000001,1.552,0.59,0.1066,4.206,76.928,24.7989611,6.226536669287466,9.3108,7.910799999999999,9.8873256,1,1,0,1,1,1,0,1,1,0,0,0
1.0,2.0,8,0.5771982588079475,0.015578029963318415,0.8750519838575576,0.0,1936.0,190,5106.0,0.79,0.85,0.073,4.57,211.0939367,46.5192825,4.7377849085990045,11.361,9.237001,11.067,0,0,0,0,0,0,0,0,0,0,0,0
1.0,1.0,8,1.596666909222321,0.04210117601863539,2.2294766211734074,0.05,690.0,147,3870.0,0.6,0.63,0.4,4.67,354.337670099,39.3142556,4.875891738527559,14.639,10.553,13.8375,0,0,0,0,0,0,0,0,0,0,0,0
1.0,1.0,8,2.9812288048828357,0.13540463700620295,2.309858576960544,0.0,798.0,190,6128.0,1.27,1.16,0.043,4.3,306.741134,33.7443882,4.402643881058208,8.558,7.242,8.41839,0,0,0,0,0,0,0,0,0,0,0,0
2.0,1.0,7,5.451381742274873,0.5341514490694873,2.6376598253905006,0.163,863.3119999999999,64,5530.0,1.1800000000000002,0.87,-0.12,4.45,333.027079,29.0662082,4.209696496997871,9.18,7.499,9.003861,1,0,0,0,0,1,0,0,0,0,0,0
1.0,1.0,8,1.0655079673956656,0.029655884907510657,2.4048708865347956,0.113,1505.0,190,5587.0,0.94,1.0,0.194,4.5,75.4801665,50.1311784,5.828474918613519,13.096,11.141,12.9386,0,0,0,0,0,0,0,0,0,0,0,0
1.0,2.0,9,6.90875477931522,1.2296405510745139,1.9488133162014727,0.5,253.0,51,5820.0,0.95,1.05,-0.01,4.5,299.1224639,41.8667953,5.7311317178780214,12.444,10.915,12.379,1,0,0,0,0,0,0,0,0,0,0,0
1.0,1.0,3,6.593347225780623,1.5216989981260935,2.4503304013914105,0.3481202,1011.7119999999999,190,5572.0,1.284,0.73,0.068,4.354,264.0579167,-25.5248806,8.183397369998433,16.817199999999996,14.586911999999993,9.770025999999998,1,1,0,1,1,1,0,1,1,0,0,0
1.0,1.0,8,1.7337062375109173,0.0656004570839488,2.994581611796595,0.39,1666.0,20,6850.0,1.73,1.45,-0.1,4.2,133.4086892,-40.543701,5.890007514050372,10.825,9.669,10.5775,0,0,0,0,0,0,0,0,0,0,0,0
1.0,2.0,7,1.0562856905771614,0.0295588022415444,2.445987142667029,0.194,1295.4,190,5641.6,1.5939999999999999,1.03,-0.016600000000000004,4.106,260.5364025,-75.349239,3.3520421508640097,7.0,5.459,6.8406,1,0,0,0,1,1,0,1,1,0,0,0
1.0,4.0,8,0.5771982588079475,0.015578029963318415,0.8858315243894466,0.0,2310.0,89,5372.0,0.84,0.81,-0.4,4.5,148.1851516,6.216103,4.463595100862613,10.252,8.394,10.0128,0,0,0,0,0,0,0,0,0,0,0,0
1.0,3.0,8,4.4457052940487625,0.34429867287067695,1.4469189829363254,0.0864,506.0,36,6120.0,1.45,1.26,0.0,4.13,65.2383065,-68.1026875,4.945997212447145,9.42,8.175,9.29976,0,0,0,0,0,0,0,0,0,0,0,0
1.0,2.0,8,2.8386105177817784,0.6357087380912176,1.2267122912954254,0.2912276,761.0,190,5685.0,1.03,1.02,0.12,4.42,288.5308924,40.942373,5.4366783280075675,11.493,10.079,11.4904,0,0,1,1,0,0,0,0,0,0,0,0
1.0,3.0,9,4.060632647736565,0.24678194987960902,1.5822509000835925,0.0146,455.0,190,5155.0,0.94,0.9,0.41,4.45,289.2687388,42.6041819,6.656803642027356,15.312,13.347,15.2548,1,0,0,0,0,0,0,0,0,0,0,0
1.0,2.0,7,6.40902290290353,0.9419584786227329,1.5520876163177117,0.087,643.712,190,4982.0,4.92,1.39,-0.074,3.22,316.6664183,3.8033357,4.298539041857868,6.48605,4.286,6.23723,1,0,0,0,0,0,0,1,0,0,0,0
1.0,1.0,0,5.742682623613757,0.5872309549683961,1.8105962517829421,0.8206009999999999,1017.6,190,4300.0,0.69,0.7,0.12,4.58,203.1635632,75.0071038,3.5957713479647504,10.25,7.182,9.74727,1,0,0,0,0,0,0,0,0,0,0,0
2.0,5.0,7,3.406450227943604,0.15246354312646915,2.4278716875155935,0.11,1023.2,97,5256.0,1.1500000000000001,0.7,-0.11,4.37,50.0139757,-28.7841175,3.6101473455633837,8.48,6.553,8.2372,1,0,0,0,0,1,0,0,0,0,0,0
1.0,3.0,8,3.0076069892141586,0.13365638481267358,2.2289385528257473,0.0609,891.8,190,5774.0,0.96,1.02,0.05,4.49,285.5739904,38.4008192,6.44453975830794,13.922,12.337,13.7809,0,0,0,0,0,0,0,0,0,0,0,0
1.0,4.0,7,4.817209108503517,0.30877063728164683,2.2037688520221015,0.11,738.6,156,3466.0,0.4,0.42,0.02,4.798,67.1484425,-25.1713396,3.0535435298015092,11.945,7.486,10.9788,1,0,0,0,0,0,0,0,1,0,0,0
2.0,2.0,7,4.811636888466585,0.32497785719547784,1.7215444279226424,0.366,956.2,190,5829.0,2.658,0.51,0.13879999999999998,4.136,92.6435993,-21.8677233,1.9104665222932777,8.15,4.166,7.30724,1,0,0,0,1,1,0,1,1,0,0,0
1.0,2.0,3,5.2590133683401294,0.9932517730102833,2.4503304013914105,0.154,1011.7119999999999,190,5544.0,1.3299999999999998,0.4,-0.09840000000000002,4.5120000000000005,268.75238,-31.4690552,8.764209507142004,16.4732,15.01963999999999,10.822476,1,1,0,1,1,1,0,1,1,0,0,0
1.0,4.0,8,1.5455770709531247,0.029947076367952116,0.8691991243403046,0.103,553.0,162,3415.0,0.3,0.27,-0.46,4.86,124.5328604,-68.3144658,2.452676114978751,11.685,7.101,10.5976,0,0,0,0,0,0,0,0,0,0,0,0
1.0,1.0,8,1.8683242899039143,0.06709774353249415,2.9230540480560054,0.0,1740.0,18,6900.0,1.91,1.49,-0.1,4.05,199.433742,-47.2375748,6.289919631719827,10.988,10.13,11.0099,0,0,0,0,0,0,0,0,0,0,0,0
2.0,1.0,8,1.4158529206429589,0.041995705452016856,3.1061199638849386,0.0,1498.0,190,5810.0,1.23,1.08,0.176,4.29,328.9113712,28.1794996,4.395915901684414,11.514,9.784,11.4036,0,0,0,0,0,0,0,0,0,1,0,0
1.0,3.0,8,0.6084008908675569,0.01670961356294726,0.9042181506398859,0.0,2188.0,190,5708.0,1.06,0.91,-0.15,4.4879999999999995,285.679298,50.2414842,5.228463410148145,11.043,9.496,10.9191,0,0,0,0,0,0,0,0,1,0,0,0
1.0,2.0,7,6.359919829582246,0.9130856009252067,2.454022979725823,0.095,870.7119999999999,103,4915.0,3.49,1.33,0.22,3.138,5.1317548,30.9750611,4.4976373124686075,7.52,5.272,7.25688,1,0,0,0,0,0,0,0,1,0,0,0
1.0,4.0,7,2.026040764952721,0.07073801450534166,2.0433587660755324,0.057,1239.0,35,6196.0,1.26,1.21,-0.0692,4.41,86.7761233,-10.6303217,4.151650742921767,7.98,6.69,7.85032,1,0,0,0,0,0,0,1,0,0,0,0
1.0,1.0,8,1.6122016697360297,0.048733019679573886,2.768204123921957,0.073,1622.0,190,6078.0,1.53,1.03,-0.224,4.08,68.8465093,56.8682691,6.247249523137954,12.925,10.978,12.7202,0,0,0,0,0,0,0,0,0,0,0,0
1.0,1.0,3,4.903318709324144,1.0116009116784799,2.4503304013914105,0.22399999999999998,1011.7119999999999,190,5536.4,1.284,0.72,-0.09840000000000002,4.5120000000000005,268.3512083,-29.0218056,8.798001694924846,16.676,15.01963999999999,10.822476,1,1,0,1,1,1,0,1,1,0,0,0
1.0,1.0,8,1.1873296318917281,0.031110995025052664,2.3540383745829616,0.0,1260.0,111,5200.0,0.81,0.81,0.18,4.53,320.7628761,-40.0484393,5.876370704827644,13.085,10.897,12.915,0,0,0,0,0,0,0,0,0,0,0,0
1.0,2.0,8,5.653243281827496,0.2792032327517428,1.8625285401162623,0.0,648.2,190,5922.0,1.14,1.08,0.11,4.3,289.3414629,46.988155,6.764727509594552,13.978,12.621,13.9061,0,0,1,0,0,0,0,0,0,0,0,0
2.0,1.0,7,6.212686252859493,0.846726268488246,2.5231140277192985,0.685,1167.2,190,5733.0,1.94,1.27,0.2008,3.99,166.3125657,-10.291345,4.457836550556523,8.09,6.554,7.92849,1,0,0,0,0,0,0,1,0,0,0,0
1.0,1.0,8,1.6552751495742526,0.7665708306548464,2.087161664694974,0.12,1157.0,190,5079.0,0.87,1.12,-0.04,4.56,213.1565508,4.0594175,4.961704119985389,11.757,9.581,11.4641,0,0,1,0,0,0,0,0,0,0,0,0
1.0,1.0,7,6.215407758608743,0.8241754429663494,2.769971489307264,0.34,1846.104,190,6124.0,1.28,1.25,-0.01,4.32,256.1292826,-43.3103753,3.901061143149521,7.39,6.006,7.23813,1,0,0,0,0,0,0,0,0,0,0,0
1.0,1.0,8,1.7187648155667858,0.05833494367942955,2.9230540480560054,0.275,1645.0,190,6572.0,1.62,1.38,0.0,4.16,112.4192251,-29.9379163,6.779377441095513,12.745,11.518,12.6539,0,0,0,0,0,0,0,0,0,0,0,0
1.0,1.0,8,0.8889093397536975,0.02263195430633941,2.584073021282499,0.10400000000000001,1905.1840000000004,190,4790.0,0.77,0.78,-0.013999999999999995,3.4799999999999995,163.1010355,-61.4468591,6.341168500049604,15.8485,9.572799999999999,15.443,0,0,0,1,0,0,0,1,1,0,0,0
1.0,1.0,8,1.5769975685362354,0.05240267879304835,2.801419103907658,0.0,1850.0,37,6120.0,2.11,1.41,0.22,3.94,68.1364792,-38.9682973,6.574214940145091,12.836,11.017,12.2951,0,0,0,0,0,0,0,0,0,0,0,0
1.0,1.0,7,9.568566076164439,2.552721049371857,2.0085143625877135,0.15,885.9119999999999,190,4788.8,8.831999999999999,1.08,-0.029600000000000005,3.382,116.0821439,-5.0541223,3.9186112551716663,7.72,6.258,7.56542,1,0,0,0,1,1,0,1,1,0,0,0
1.0,1.0,7,2.822509199745296,0.09621885774054292,1.7135911545276723,0.08,856.6,144,3542.0,0.788,0.53,-0.22391999999999998,4.802000000000001,9.9980016,-44.2541679,3.202998443703782,11.45,7.394,10.579,1,0,0,0,0,1,0,1,1,0,0,0
1.0,1.0,8,1.5225486370806716,0.045613695960356915,2.3781562798411198,0.376,1324.0,190,5679.0,1.09,1.06,0.21,4.39,294.9416887,-25.7483655,6.679143051680256,14.512,12.661,14.337,0,0,0,0,0,0,0,0,0,0,0,0
1.0,1.0,7,6.147677384939402,0.8458682675776092,2.1603128482252636,0.36,1212.2,148,3657.0,38.409499999999994,1.4,-0.06,1.6624999999999999,193.8988441,3.3972376,4.144296590848083,3.8593936,1.5122200000000001,3.80122,1,0,0,0,0,0,0,0,0,0,0,0
1.0,3.0,7,0.7975207093063948,0.01950846638804296,2.602306029192509,0.19,1226.0,138,3717.0,0.5,0.68,-0.3,4.718,32.2977385,-16.3392495,3.3834135152962284,10.8275,2.736,10.1924,1,0,0,0,0,0,0,0,1,0,0,0
1.0,2.0,7,6.07046055333448,0.7747271675523681,2.1771097110432995,0.52,907.6,190,5596.0,1.42,1.25,0.4,4.23,11.1722288,20.4483925,4.411336619555187,8.7,7.047,8.51545,1,0,0,0,0,0,0,0,0,0,0,0
1.0,2.0,7,3.963393456839017,0.2468600779315258,2.447851534210178,0.636,1427.2,190,4877.8,8.473899999999999,1.1,-0.0558,3.838,130.6047813,4.5772338,4.0707858898118205,7.61,6.209,7.46934,1,0,0,0,1,1,0,1,1,0,0,0
1.0,3.0,7,1.9421889482534593,0.055434706888100586,2.602306029192509,0.11,1226.0,138,3717.0,0.5,0.68,-0.3,4.718,32.2977385,-16.3392495,3.3834135152962284,10.8275,2.736,10.1924,1,0,0,0,0,0,0,0,1,0,0,0
1.0,1.0,8,1.5147899673039813,0.05240267879304835,2.8322717244009548,0.12660000000000002,1750.0,190,6297.0,1.79,1.37,0.04,3.96,299.4070341,44.0350387,6.803257724199777,13.325,11.769,13.2263,0,0,0,1,0,0,0,0,0,0,0,0
1.0,1.0,8,0.5771982588079475,0.015578029963318415,0.9150900112976362,0.0,1694.0,190,4914.0,0.75,0.8,0.044,4.6,201.2826259,38.9223671,3.7745409621068835,10.0,7.568,9.67517,0,0,0,0,0,0,0,0,0,0,0,0
1.0,1.0,3,5.2590133683401294,1.7101878155342434,2.4503304013914105,0.22400000000000003,1011.7119999999999,190,5544.0,1.33,0.73,-0.09840000000000002,4.5120000000000005,268.1020833,-30.5483889,7.890208213109961,16.4732,14.586911999999993,10.822476,1,1,0,1,1,1,0,1,1,0,0,0
1.0,1.0,8,2.0739397218878883,0.06859279146561172,2.556451816951096,0.17,957.0,190,5510.0,0.92,0.99,0.28,4.5,322.9418092,66.3490054,5.3128019565489915,11.655,10.119,11.738,0,0,0,0,0,0,0,0,0,0,0,0
1.0,1.0,3,5.096486509487754,0.7654678421395714,2.701887223850495,0.22400000000000003,1188.9119999999998,190,5536.4,1.284,0.14,0.0416,4.378,270.0624167,-28.6124389,8.824824939175638,16.676,15.01963999999999,10.822476,1,1,0,1,1,1,0,1,1,0,0,0
1.0,6.0,8,3.1648208257454566,0.14410034397375687,1.415853163361435,0.004,804.4,190,5663.0,1.06,0.96,0.13140000000000002,4.37,297.1150949,41.9091092,6.472880927447951,13.817,12.18,13.7062,0,0,0,0,0,0,0,1,0,0,0,0
1.0,1.0,8,1.5550725356087631,4.909729386066324,3.0892681529451558,0.0,2312.592,190,6550.0,1.49,2.28,-0.25,4.2,239.9622479,-28.0617941,6.008587115664704,11.588,10.224,11.3803,0,0,1,0,0,0,0,0,0,0,0,0
1.0,5.0,8,3.9405521515421196,0.2569395853323225,1.0986122886681098,0.020739999999999998,590.8,190,5679.4,0.96,1.06,0.172,4.49,287.8971066,40.6378141,7.495403045349413,15.297,13.512,15.0243,0,0,1,1,1,0,0,1,0,0,0,0
1.0,1.0,7,9.755330156053189,2.6658383522929006,2.3158783438691772,0.285,1311.2,190,5487.8,1.1019999999999999,1.07,-0.10660000000000003,4.43,27.0881399,-41.4944106,3.815080293768556,7.13,5.648,6.96653,1,0,0,0,1,1,0,1,1,0,0,0
1.0,6.0,7,3.9155168946824017,0.23799275416441554,2.304856611425639,0.09,1071.0,43,5836.0,1.38,1.07,0.14,4.21,79.4207483,7.3527156,3.852075529296815,7.31,5.79,7.14947,1,0,0,0,0,0,0,0,0,0,0,0
1.0,1.0,8,1.5641060156587632,1.6432066405546617,2.6998163961751067,0.0,1341.2,86,5400.0,0.9700000000000001,0.8180000000000002,-0.06,4.1,305.8724366,-44.0587001,5.620255927677908,12.762,10.871,12.5517,0,0,1,0,0,1,1,0,0,0,0,0
1.0,1.0,7,8.545780648268149,1.8594181177018698,2.6339317901369945,0.734,1615.304,96,5127.0,1.152,0.81,-0.09,4.43,273.4988604,-42.5757218,3.83155454046617,9.33,7.246,9.06863,1,0,0,0,0,1,0,0,0,0,0,0
1.0,1.0,8,0.8355949953570228,0.02256351840875146,2.7710250002635983,0.0,1121.2,190,5650.0,0.83,0.93,-0.19,4.4,268.0291106,37.5463268,5.448188903890406,12.362,10.608,12.1995,0,0,0,0,0,0,0,0,0,0,0,0
1.0,1.0,7,9.85332303799997,2.6665335208992764,2.670564154825855,0.261,1316.6,190,5011.8,0.8560000000000001,0.75,0.004000000000000001,4.180000000000001,70.5216589,-33.9210696,3.474159697802573,9.98,6.972,9.47227,1,0,0,0,1,1,0,1,1,0,0,0
1.0,1.0,7,7.04280926936616,1.2255385822404965,2.7098720726959287,0.559,1517.5040000000001,190,5562.8,2.728,1.42,0.09179999999999999,4.2700000000000005,300.7537294,28.3065564,4.154413735688011,7.3,5.352,7.08482,1,0,0,0,1,1,0,1,1,0,0,0
1.0,1.0,3,6.3887868506546575,1.2864740258376797,2.4503304013914105,0.154,1011.7119999999999,190,5536.4,1.284,0.55,-0.09840000000000002,4.5120000000000005,268.1587917,-28.5519167,8.81001204797317,16.676,15.01963999999999,10.863846,1,1,0,1,1,1,0,1,1,0,0,0
1.0,4.0,8,2.4175637912806183,0.18444171210293653,1.3297240096314962,0.083942,960.4,190,5843.0,1.03,0.95,0.2044,4.39,296.3586251,39.1152033,6.877555831571292,15.086,13.283,14.8663,0,0,1,1,0,0,0,1,0,0,0,0
1.0,1.0,7,5.995207533386816,0.773343722554222,2.1286835756546885,0.066,1214.8,190,4802.0,5.01,1.32,-0.06395999999999999,2.97,12.7762624,-12.9276648,5.324360286575035,8.03,5.61,7.74877,1,0,0,0,0,0,0,1,0,0,0,0
1.0,3.0,8,0.6171251785885016,0.3280020813797889,0.9861898592538223,0.0,1019.6,190,5275.0,0.83,0.82,0.05,4.5,100.9561682,-1.0630076,5.080820343545461,11.728,9.806,11.5239,0,0,1,0,0,0,0,0,0,0,0,0
1.0,1.0,3,5.182391606723101,1.308332819650179,2.7018872238504956,0.22400000000000003,1208.9119999999998,90,5544.0,1.33,0.56,-0.09840000000000002,4.5120000000000005,269.706,-30.1969306,8.101980731853192,16.676,15.01963999999999,10.822476,1,1,0,1,1,1,0,1,1,0,0,0
1.0,2.0,8,2.001215370604204,0.058646195432733424,1.332366019094335,0.09,714.0,121,4511.0,0.65,0.73,0.0,4.62,129.6883026,-13.2565267,3.4832872232956253,9.67,6.948,9.27033,0,0,0,0,0,0,0,0,0,0,0,0
1.0,1.0,3,1.8298646365787472,0.8754687373538999,2.292284977362926,0.17559999999999998,1684.6,190,6238.4,1.372,1.15,0.06278400000000002,4.272,151.769,-66.1808889,7.147559271189454,10.416080000000001,9.010400200000001,10.282524,1,1,0,1,1,1,0,1,1,0,0,0
1.0,1.0,8,1.5670776520560106,0.039614866233979834,2.4513498662591573,0.054,689.0,190,3747.0,0.59,0.61,0.41392000000000007,4.69,63.2662165,20.9151568,4.937110741463853,15.402,10.86,14.3361,0,0,0,0,0,0,0,0,0,0,0,0
2.0,1.0,8,1.4991716052569466,0.039893563661676665,2.5222024345316973,0.0,963.0,190,4775.0,0.71,0.74,-0.5,4.61,282.1001665,76.78236720799998,4.780013852926087,12.079,9.619,11.8104,0,0,0,0,0,0,0,0,0,0,0,0
1.0,1.0,8,1.6587976857739937,0.048409139207687545,1.2240695060250584,0.0,1005.0,190,5499.0,0.85,0.9,-0.049,4.53,249.6966397,64.559181,5.154088964375179,11.618,9.89,11.4712,0,0,0,0,0,0,0,0,0,0,0,0
1.0,1.0,8,1.5890417170112097,0.05211795426210667,2.8831233291713367,0.0,1721.0,37,5941.0,1.93,1.34,0.164,4.0,313.6872928,9.1790688,6.344618298919738,12.006,10.648,11.9392,0,0,0,0,0,0,0,0,0,0,0,0
1.0,1.0,7,9.608646582885868,2.468099531471619,1.8224564326531643,0.56,920.0,117,4751.0,0.71,0.76,-0.32,4.61,354.337670099,-72.7253271,2.521471595922134,7.09,4.581,6.73988,1,0,0,0,0,0,0,0,0,0,0,0
1.0,1.0,7,7.897668150726906,1.5686159179138452,2.7606113514473334,0.16,1727.2,79,5750.2,2.636,1.0,0.15000000000000002,4.029999999999999,129.0949961,-30.0373339,3.6298722735339037,8.08,6.264,7.85676,1,0,0,0,1,1,0,1,1,0,0,0
1.0,1.0,3,6.52172637929524,0.8671004876833833,2.4503304013914105,0.22399999999999998,1011.7119999999999,190,5544.0,1.284,0.18,0.06760000000000001,4.448,264.70925,-28.3556694,8.892855620084674,16.8172,14.586911999999993,10.484964,1,1,0,1,1,1,0,1,1,0,0,0
1.0,1.0,3,5.096486509487754,1.3137236682850553,2.4503304013914105,0.22399999999999998,1011.7120000000001,190,5536.4,1.284,0.25,0.0416,4.378,269.0184167,-27.9871111,8.862341963516347,16.676,15.01963999999999,10.863846,1,1,0,1,1,1,0,1,1,0,0,0
1.0,1.0,8,1.7444603628792048,0.04902823106735439,2.4580491956181176,0.079,858.0,91,4803.0,0.69,0.76,0.0,4.64,174.0098693,-29.5433642,5.440328950494042,13.397,10.942,13.1225,0,0,0,0,0,0,0,0,0,0,0,0
2.0,6.0,8,1.5467334204364387,0.04463870161838037,1.0199297666336409,0.083,1187.0,190,5495.0,0.92,0.93,0.07,4.324,287.6979913,42.3385782,5.647434320702328,12.61,10.871,12.4535,0,0,0,0,0,0,0,0,1,0,0,0
2.0,3.0,7,8.18004072349016,1.7029282555214393,2.3604626066982006,0.49,2007.592,51,5799.0,1.188,0.95,-0.306,4.39,225.8984524,-27.8431369,3.960310185979667,7.66,6.895,8.27532,1,0,0,0,0,1,0,0,0,0,0,0
1.0,1.0,3,6.687787639525121,1.0260415958332743,2.4503304013914105,0.154,1294.9119999999998,190,5544.0,1.33,0.37,-0.09840000000000002,4.5120000000000005,268.0085,-32.26975,8.866581653303996,16.4732,14.586911999999993,10.822476,1,1,0,1,1,1,0,1,1,0,0,0
1.0,3.0,7,3.3006401266708405,0.0761273603875509,2.447682156535428,0.07,174.56,190,3034.0,0.1505,0.1,-0.11,5.19,43.2691449,16.8649024,1.703444862165027,15.13,7.585,12.2746,1,0,0,0,0,0,0,0,0,0,0,0
1.0,3.0,8,1.6174646121163934,0.05569011419319193,0.8595087177751706,0.1634,1241.0,190,6169.0,1.12,1.1,-0.08,4.47,54.819538,-42.7630276,4.155427118386282,8.270001,6.981,8.1281,0,0,0,1,0,0,0,0,0,0,0,0
1.0,4.0,7,4.125335800819821,0.2718514263837009,1.0515587410044138,0.026437,471.6,190,4659.6,1.142,1.1,-0.10800000000000001,4.46,291.3861294,41.9901394,5.722424297760856,11.055,9.768,11.1293,1,0,0,0,1,1,0,1,1,0,0,0
1.0,2.0,7,7.378133837932945,0.8294247988524931,2.32632007655243,0.0183,1206.6,178,3081.0,0.1505,0.12,-0.07,4.9,130.3316616,59.4918364,2.350076318669929,15.18,8.668,13.1117,1,0,0,0,0,0,0,0,1,0,0,0
1.0,2.0,7,6.672032945461067,0.3936693892232517,1.3393238468337954,0.0822242,891.8,190,5779.0,0.98,0.94,-0.2,4.43,287.3265292,48.6733443,5.996220718571454,12.994,11.345,12.813,1,0,1,1,0,0,0,0,0,0,0,0
1.0,1.0,3,6.609433931338261,0.9858167945227653,2.701887223850495,0.22399999999999998,1208.9119999999998,190,5536.4,1.284,0.16,0.0416,4.378,271.077625,-28.1940833,7.346655163176539,17.02,15.01963999999999,10.822476,1,1,0,1,1,1,0,1,1,0,0,0
1.0,3.0,7,2.2991792998592127,0.6084475878250662,1.3927047460283517,0.3606,1028.4,89,5250.0,0.9800000000000001,0.92,-0.038000000000000006,4.466,100.9561682,-1.0630076,5.080820343545461,11.728,9.806,11.5239,1,0,1,1,0,1,0,1,1,0,0,0
2.0,1.0,7,2.6980537358515337,0.08663630665954669,2.3487419879291727,0.363,1226.0,152,3805.0,0.51,0.52,0.13,4.69,15.6687321,62.3454386,2.384423111209678,9.56,5.371,8.66282,1,0,0,0,0,0,0,0,0,0,0,0
1.0,1.0,7,4.964444398898464,0.42787870294506447,2.258749890589132,0.651,1311.2,190,5491.8,0.9359999999999999,1.0,-0.118,4.3759999999999994,33.0859626,-46.8166738,3.7947023628516034,7.89,6.378,7.73003,1,0,0,0,1,1,0,1,1,0,0,0
1.0,6.0,8,2.4251477989170525,0.08709470685093376,1.0296194171811583,0.045,804.4,190,5663.0,1.06,0.96,0.13140000000000002,4.37,297.1150949,41.9091092,6.472880927447951,13.817,12.18,13.7062,0,0,0,0,0,0,0,1,0,0,0,0
1.0,1.0,8,1.980529633431819,0.07055165595094469,2.792575156171898,0.1732518,2040.0,190,4550.0,6.3,1.31,0.11,2.95,285.6729033,44.1167513,7.1667986507690635,12.712,10.136,12.4762,0,0,0,1,0,0,0,0,0,0,0,0
2.0,1.0,7,5.633324244340946,0.6086780239334952,2.0913557464197208,0.18,1771.0,77,4724.0,10.99,1.01,-0.12,2.37,237.5732422,2.196304,4.353570574189089,5.21644,2.929,4.92833,1,0,0,0,0,0,0,0,0,0,0,0
1.0,1.0,8,0.5771982588079475,0.015774919115362215,1.4350845252893227,0.0,1871.0,97,5251.0,0.87,0.88,0.256,4.46,348.0589516,-44.8764852,5.410985119201451,12.349,10.315,12.063,0,0,0,0,0,0,0,0,0,0,0,0
1.0,1.0,8,1.0096276934359434,0.03324133377980188,2.860885730784224,0.0,2300.0,19,7000.0,1.56,1.68,0.35,4.27,38.3691648,56.025708,6.486180605820905,12.316,11.181,12.2228,0,0,0,0,0,0,0,0,0,0,0,0
1.0,1.0,8,1.9253410480932271,0.0680043830932363,2.7125069218191515,0.262,1404.0,15,6255.0,1.53,1.35,0.28,4.13,112.965421,-73.6060358,5.820874901526854,11.39,9.94,11.3408,0,0,0,0,0,0,0,0,0,0,0,0
1.0,2.0,7,7.56336153475402,1.199964782928397,2.155521050897985,0.029,881.7120000000001,166,3467.0,0.45,0.45,0.09,4.8,332.4229938,-4.6408317,2.282441567598711,10.41,5.594,9.2245,1,0,0,0,0,0,0,0,0,0,0,0
1.0,1.0,8,1.3262163039722707,0.03744028297384501,2.5373409596364214,0.142,1276.0,190,5346.0,0.93,0.97,0.33,4.48,313.2154754,-25.6873756,6.242244666004382,14.052,12.037,13.7712,0,0,0,0,0,0,0,0,0,0,0,0
1.0,3.0,8,2.4028514705346167,0.07204155286497055,1.1242800354166875,0.107,501.0,136,3844.0,0.55,0.55,-0.157,4.7,172.3353708,-1.4551364,3.8082767417198418,12.168,8.561,11.4785,0,0,0,0,0,0,0,0,0,0,0,0
1.0,1.0,7,5.176883926264505,0.5664495275139878,1.766370779537596,0.111,747.4,190,4757.0,9.9,1.9,-0.14,2.77,242.5162215,26.7429068,4.914799642922697,6.57226,4.122,6.28309,1,0,0,0,0,0,0,0,0,0,0,0
1.0,1.0,7,7.165493475060845,1.2098554674840916,2.209628024672654,0.501,905.8,190,5987.0,1.02,1.04,-0.04,4.358,103.678273,24.2451409,3.4709224294870267,6.8561,5.467,6.69786,1,0,0,0,0,0,0,0,1,0,0,0
1.0,1.0,8,5.980466995110111,0.7594029763370106,2.2062944326757594,0.078,363.0,190,5950.0,1.82,1.26,0.145,4.02,290.8517961,48.5213243,6.713119006378545,12.878,11.527,12.8358,0,0,0,0,0,0,0,0,0,0,0,0
1.0,1.0,7,6.533061829540727,0.9783261227936076,1.4544432955186732,0.04,1178.0,190,5027.0,5.14,1.3,-0.043,3.29,253.4316451,11.9736828,5.116555653012596,8.38,6.173,8.12746,1,0,0,0,0,0,0,1,0,0,0,0
2.0,1.0,8,1.258445478126067,0.038152835482520894,2.8692048670822325,0.0,1291.6,190,5688.0,1.47,1.24,0.11199999999999999,4.252000000000001,5.1669536,31.9899732,5.976533633719561,11.308,10.276,11.5349,0,0,0,0,1,0,0,1,1,0,0,0
1.0,1.0,7,2.7369550678917185,0.0839734337761786,2.155521050897985,0.183,881.7120000000001,164,3475.0,0.43,0.43,-0.05,4.95,319.1147513,2.5807711,2.9247570814242603,11.961,7.324,10.8595,1,0,0,0,0,0,0,0,0,0,0,0
1.0,1.0,8,2.2273742513648345,0.07982729985955439,2.3854545708163406,0.32,1080.0,190,5808.0,1.24,1.12,0.32,4.3,57.3389409,-60.7871861,6.325671720408999,13.019,11.511,12.8909,0,0,0,0,0,0,0,0,0,0,0,0
2.0,1.0,8,1.6984189709934154,0.054118798887496024,2.759060122009955,0.2012,1322.0,190,5980.0,1.17,1.15,0.13,4.36,344.4453632,38.674919,5.075042556619792,9.827,8.858,10.1786,0,0,0,1,0,0,0,0,0,0,0,0
1.0,2.0,7,9.809655933022613,2.705313125392324,2.166075411955048,0.091,1202.2,190,5222.2,5.156000000000001,1.09,-0.0824,3.9179999999999993,128.5128072,-1.5686323,3.9683069258990926,7.46,5.982,7.3107,1,0,0,0,1,1,0,1,1,0,0,0
1.0,2.0,7,6.314272457740785,0.9555114450274363,1.9747808731315615,0.15,1236.2,190,4861.0,5.39,1.84,0.27,3.24,78.1505649,-14.9509775,4.670761277978553,7.29,4.945,7.01153,1,0,0,0,0,0,0,0,0,0,0,0
1.0,1.0,8,1.928166776609155,0.06531946612064257,2.582411389480243,0.0,1264.0,190,5706.0,1.42,1.19,0.387,4.21,144.5377709,-49.3352226,5.630849709112494,11.875,9.783,11.2945,0,0,0,0,0,0,0,0,0,0,0,0
1.0,1.0,7,5.725217755376266,0.7747271675523681,2.0155573942525296,0.031,742.512,110,4388.0,26.8,2.3,0.14,1.96,107.7847232,30.2449545,4.732128774987302,4.37799,1.681,4.03996,1,0,0,0,0,0,0,0,0,0,0,0
1.0,1.0,8,1.3320112332101204,0.032217400956334165,2.38958813661562,0.064,772.0,190,3790.4,0.58,0.6,0.41392000000000007,4.68,60.9493919,-25.4089214,5.277930968891092,15.689,11.584,14.9033,0,0,0,0,0,0,0,0,0,0,0,0
1.0,1.0,8,1.49171552493858,1.7459521435533076,0.9895411936137477,0.049,996.0,144,3997.0,0.62,0.63,0.33,4.64,152.2182549,69.2766204,3.704617459465998,11.495,7.893,10.8492,0,0,1,0,0,0,0,0,0,0,0,0
1.0,2.0,3,8.502789961105494,1.7047480922384253,2.4503304013914105,0.15,1011.7119999999999,190,5263.2,1.33,0.51,-0.09840000000000002,4.5120000000000005,268.143792,-30.0877778,7.32052696227274,17.02,15.01963999999999,10.366859999999999,1,0,0,0,1,1,0,1,1,0,0,0
1.0,1.0,8,3.5960876754736284,0.1831545430978465,2.318261572379053,0.13,435.0,90,5050.0,0.83,0.86,0.22,4.5,23.5214497,-14.4191493,5.254480414942203,12.456,10.315,12.1895,0,0,0,0,0,0,0,0,0,0,0,0
2.0,2.0,7,8.936035096566041,1.8562979903656263,2.355533786410568,0.27,976.8,147,3607.0,0.38,0.38,-0.34,4.87,5.016937917,44.0247296,1.703444862165027,8.09,4.018,7.2162,1,0,0,0,0,0,0,0,0,0,0,0
1.0,1.0,7,5.58571189766377,0.5766133643039938,2.177511771923966,0.27,844.512,114,5012.0,1.25,0.91,0.18,4.09,23.9636676,56.6982282,3.9809836097278506,9.38,7.331,9.15305,1,0,0,0,0,1,0,0,0,0,0,0
1.0,1.0,3,5.265790502522576,1.1216775615991057,2.67803876627248,0.154,1069.9119999999998,190,5448.2,1.3299999999999998,0.34,-0.0064,4.46,271.2050417,-32.6330278,8.350193650720067,15.943000000000001,13.998511999999991,10.822476,1,1,0,1,1,1,0,1,1,0,0,0
1.0,1.0,7,7.848230295245382,1.559827411880766,1.9324204814353685,0.156,934.0,190,5497.4,1.986,1.08,0.066,4.18,346.136577,-25.6917758,4.1398865997923044,8.05,6.513,7.89501,1,0,0,0,1,1,0,1,1,0,0,0
1.0,1.0,8,1.7253382881089212,1.730048593812226,2.6311691567662523,0.0,1050.2,190,5200.0,0.88,0.91,-0.07,4.35,295.7438485,-19.9497314,5.249489451666055,12.537,10.129,11.9141,0,0,1,0,0,0,0,0,0,0,0,0
2.0,1.0,8,1.7234056791993244,0.4636019009608926,0.9082585601768908,0.20285999999999998,612.712,190,4782.0,0.73,0.79,0.18,4.61,297.3539994,41.3000452,5.344098245452302,13.206,10.757,12.9618,0,0,1,1,0,0,0,0,0,0,0,0
1.0,1.0,7,6.6895992691789665,1.1314021114911006,2.3158471297993626,0.1,1037.0,157,3860.0,38.409499999999994,1.84,-0.4,1.6624999999999999,46.5318358,76.78236720799998,5.416749080655943,5.50474,1.5122200000000001,4.73199,1,0,0,0,0,0,0,0,0,0,0,0
2.0,1.0,8,1.2504707147165097,0.028295869154847303,1.2281774930227534,0.0,703.0,155,3476.0,0.51,0.51,0.05,4.8,42.2476999,-14.5372835,3.6606625760892073,12.26,8.646,12.0966,0,0,0,0,0,0,0,0,0,0,0,0
1.0,1.0,2,8.499397478565905,5.846438775057725,2.7941576309995435,0.421,2181.4,183,2953.0,0.8641,0.09,-0.13199999999999998,3.9899999999999998,241.4752653,-18.3124167,4.976864768319065,9.4912,12.507,15.989448,1,1,0,1,0,1,0,1,1,0,0,0
1.0,1.0,2,4.83139099206512,3.7954891891721947,2.5325959055716267,0.11232,510.0,43,6234.0,1.0699999999999998,1.22,0.28,4.6,199.192348,9.4249781,2.919385643628632,5.18799,4.033,5.04156,1,1,0,1,0,1,0,0,0,0,0,0
1.0,1.0,8,1.624608770807021,0.04917104400644938,2.7214269981438486,0.0,1327.0,38,6057.0,1.24,1.01,-0.26,4.04,70.4322947,-40.0445299,6.980959271240553,14.126,12.73,13.9535,0,0,0,0,0,0,0,0,0,0,0,0
1.0,1.0,8,1.9998025129336632,0.050693114315518116,2.332435114962931,0.0,565.0,144,3659.0,0.54,0.53,0.376,4.7,103.4128333,12.8815784,5.009047367340964,15.403,11.238,14.6439,0,0,0,0,0,0,0,0,0,0,0,0
1.0,1.0,3,6.512274493278966,0.29416103854949005,2.4503304013914105,0.22399999999999998,1011.7120000000001,190,5536.4,1.284,0.09,0.0416,4.378,266.41775,-26.0318,8.802672840312818,16.8172,15.01963999999999,10.863846,1,1,0,1,1,1,0,1,1,0,0,0
1.0,1.0,8,2.0185447812745543,0.07045846364856141,1.3599503857802886,0.211,1129.0,190,6007.0,1.32,1.2,0.215,4.28,136.777644,46.6724251,4.609670046412983,8.99,7.622,8.85184,0,0,0,0,0,0,0,0,0,0,0,0
1.0,2.0,3,6.462185429987281,1.3270750014599193,2.4503304013914105,0.31815999999999994,1011.7119999999999,40,5528.0,1.284,0.92,0.0416,4.378,266.406,-24.4472778,8.38958706681109,17.02,15.01963999999999,9.770026,1,1,0,1,1,1,0,1,1,0,0,0
1.0,4.0,8,2.6933763988684167,0.08736964613690709,0.9202827531436926,0.017,410.0,190,3841.0,0.54,0.54,-0.18,4.71,290.3814122,43.2930645,4.217482125662608,13.04,9.506,12.4715,0,0,0,0,0,0,0,0,0,0,0,0
1.0,1.0,7,1.446871923005495,0.04018178963283183,2.682282544904168,0.14,1049.2,81,5576.0,1.082,0.87,0.0776,4.348000000000001,88.6260731,-19.7044472,3.188824781495867,7.51,5.756,7.32113,1,0,0,0,0,1,0,1,1,0,0,0
3.0,1.0,7,6.268194172380714,0.8241754429663494,1.7100015452545025,0.8206009999999999,782.2,190,4454.6,0.8540000000000001,1.01,-0.254,4.536,10.8027515,-37.9831248,3.7582352597323276,7.88,6.289,7.71051,1,0,0,0,1,1,0,1,1,0,0,0
1.0,4.0,7,1.9110214107638377,0.05603811987827514,2.1555210508979856,0.0,1156.0,117,4935.0,0.73,0.77,-0.1,4.4,340.8380941,-6.4020685,3.1178348554123554,8.11,5.775,7.80163,1,0,0,0,0,0,0,0,0,0,0,0
1.0,2.0,7,2.8583075976423187,0.11689375147149933,1.4199095480956305,0.0,594.8,190,5216.0,0.84,0.93,0.248,4.56,296.2446203,74.0628577,4.203947565788045,9.92,7.923,9.68443,1,0,0,0,0,0,0,0,0,0,0,0
1.0,1.0,8,1.5146548136981408,0.04736057135983759,2.8021475244813256,0.0,1648.0,15,6351.0,1.4,1.21,-0.157,4.22,312.4574879,-24.4286938,6.021535354175013,12.433,10.694,11.8914,0,0,0,0,0,0,0,0,0,0,0,0
1.0,1.0,8,1.4052851638776458,0.022416854284000053,1.3506671834767394,0.17,449.0,190,3100.0,0.2,0.17,-0.26,5.04,8.8060544,-3.3720833,4.0328059812055015,8.886,11.894,15.6955,0,0,0,0,0,0,0,0,0,0,0,0
1.0,2.0,8,2.282770983631947,0.07894980297840128,2.24855120450156,0.208,860.8,190,5555.0,0.91,0.95,0.099,4.5,254.1305022,44.3025361,5.510816466162932,12.036,10.506,12.0845,0,0,0,0,0,0,0,0,0,0,0,0
1.0,1.0,8,1.6929091973521406,0.05638033343610764,2.564487712458339,0.06,1448.0,35,6330.0,1.38,1.34,0.31,4.37,141.9206435,-19.3476477,6.413668771220423,12.868,11.452,12.6547,0,0,0,0,0,0,0,0,0,0,0,0
1.0,1.0,8,1.8730357234624087,0.054393483830331636,2.4975760528886632,0.084,852.0,108,4803.0,0.75,0.77,0.1,4.57,256.346376,33.0123251,5.090062427727577,12.597,10.234,12.3682,0,0,0,0,0,0,0,0,0,0,0,0
3.0,1.0,7,7.170119543449628,1.3297240096314962,1.2585652409134984,0.0,1754.0,190,4922.0,4.63,2.6,0.17,3.65,238.2342443,15.4306118,4.5873167577685,7.46,5.11,7.18949,1,0,0,0,0,0,0,0,0,0,0,0
1.0,3.0,8,2.9780240290063134,0.21016516376249514,1.358409157630355,0.020142,998.2,190,5858.0,0.89,0.98,0.026200000000000008,4.53,290.4617926,40.5624966,7.2204250424355925,15.367,13.807,15.3877,0,0,1,1,0,0,0,1,0,0,0,0
1.0,1.0,7,9.587735881188854,2.567024126715427,2.374413118946902,0.034,820.6,190,5568.2,1.2880000000000003,1.07,-0.061959999999999994,4.31,299.4048303,-37.7448845,4.179602875715677,7.34,5.8,7.17761,1,0,0,0,1,1,0,1,1,0,0,0
1.0,2.0,7,7.424165281042028,1.3609765531356006,2.5222571281391994,0.6,1314.8,190,5671.0,1.068,1.14,0.022,4.386,97.7204249,0.2268931,6.73940881410076,14.63,12.513,14.4686,1,0,0,0,1,1,0,1,1,0,0,0
1.0,1.0,3,5.2590133683401294,1.3762440252663892,2.4503304013914105,0.22399999999999998,1011.7119999999999,190,5544.0,1.284,0.61,-0.09840000000000002,4.512,267.5759583,-29.2029194,8.762646029650282,16.4732,15.01963999999999,10.863846,1,1,0,1,1,1,0,1,1,0,0,0
1.0,1.0,3,6.687787639525121,0.9555114450274363,2.6780387662724796,0.154,1069.9119999999998,190,5544.0,1.3299999999999998,0.33,-0.12840000000000001,4.366,269.105833,-33.1424694,8.77971129020447,16.8172,15.01963999999999,10.822476,1,1,0,1,1,1,0,1,1,0,0,0
1.0,2.0,7,1.575845967997565,0.04783732941416013,2.5674005641231545,0.091,887.0,190,5235.8,2.994,1.04,-0.22199999999999998,4.066,349.6947029,18.6457524,4.305604448329429,8.04,6.53,7.88338,1,0,0,0,1,1,0,1,1,0,0,0
1.0,2.0,7,6.439149136796326,0.9001613499442714,2.4809384128832166,0.383,915.8,190,5183.8,1.748,1.06,0.014000000000000012,3.9800000000000004,292.1022982,8.3579183,4.010881428220841,7.86,6.422,7.71818,1,0,0,0,1,1,0,1,1,0,0,0
1.0,1.0,7,3.6999684928287953,0.20538682972495073,2.0755482442175803,0.419,1089.6,190,5273.8,1.09,1.01,0.05619999999999999,4.386000000000001,128.7195554,-14.4574311,4.258885363026499,8.83,7.216,8.6469,1,0,0,0,1,1,0,1,1,0,0,0
1.0,1.0,3,6.56429999690081,0.6418538861723948,2.4503304013914105,0.154,1011.7120000000001,190,5544.0,1.3299999999999998,0.1,-0.09840000000000002,4.5120000000000005,268.143097,-32.0400925,8.88336291691676,16.4732,15.01963999999999,10.822476,1,1,0,1,1,1,0,1,1,0,0,0
1.0,1.0,7,4.45391417921605,0.3407487933884732,2.654291451362411,0.228,861.6,190,5531.654,2.776,1.24,0.1322,3.8240000000000003,210.5886904,20.8810286,3.9936546039918945,7.659,5.51,7.4131,1,0,0,0,1,1,0,1,1,0,0,0
1.0,1.0,3,5.2590133683401294,1.7047480922384253,2.4503304013914105,0.154,1011.7119999999999,190,5544.0,1.33,0.73,-0.09840000000000002,4.5120000000000005,268.790125,-31.3133306,8.24301946898925,16.8172,15.01963999999999,10.822476,1,1,0,1,1,1,0,1,1,0,0,0
1.0,1.0,3,5.096486509487754,1.1969481893889715,2.4503304013914105,0.22400000000000003,1011.7119999999999,190,5536.4,1.284,0.47,-0.09840000000000002,4.5120000000000005,269.4067917,-28.7150611,8.863757191604241,16.676,15.01963999999999,10.822476,1,1,0,1,1,1,0,1,1,0,0,0
1.0,1.0,3,6.439514059863164,1.6620303625532709,2.4503304013914105,0.31815999999999994,1011.7119999999999,190,5500.4,1.2840000000000003,0.69,0.0416,4.378,268.6785,-22.8204111,8.684570300824369,15.3,13.401111999999992,10.311208,1,1,0,1,1,1,0,1,1,0,0,0
1.0,3.0,7,9.85332303799997,3.1112460697663313,2.31730656625943,0.152,1147.8,190,5251.4,1.084,0.79,-0.022399999999999996,4.44,254.4706516,47.3678558,2.9413394437234452,7.83,5.458,7.50548,1,0,0,0,1,1,0,1,1,0,0,0
2.0,1.0,8,1.1642556055440596,0.026836653953559674,2.435366204227864,0.0,837.0,190,3896.0,0.54,0.56,-0.27,4.73,175.6436366,20.9652921,5.727316692989705,16.854,12.913,15.989448,0,0,0,0,0,0,0,0,0,0,0,0
1.0,3.0,7,5.556055562626746,0.5294510878891555,2.6442501353889223,0.32,1226.0,138,3717.0,0.5,0.68,-0.3,4.718,32.2977385,-16.3392495,3.3834135152962284,10.8275,2.736,10.1924,1,0,0,0,0,0,0,0,1,0,0,0
1.0,2.0,8,1.4623267304330558,0.04085399400826605,1.63549544675339,0.35,975.0,190,5065.0,0.79,0.88,0.182,4.58,199.1962036,49.8610591,4.931390046144953,11.758,9.701,11.6,0,0,0,0,0,0,0,0,0,0,0,0
1.0,1.0,3,5.2590133683401294,1.2809338454620642,2.4503304013914105,0.22400000000000003,1011.7119999999999,190,5544.0,1.33,0.46,-0.09840000000000002,4.5120000000000005,268.126556,-30.2926941,8.748463629942055,16.4732,15.01963999999999,10.822476,1,1,0,1,1,1,0,1,1,0,0,0
1.0,1.0,8,2.3311443667471665,0.8652017497979628,2.5203542279708007,0.0,1493.0,190,6055.0,1.31,0.93,-0.09,4.23,166.4296276,-5.0794854,5.866980673398377,11.21,10.161,11.3659,0,0,1,0,0,0,0,0,0,0,0,0
1.0,1.0,7,5.014693714223758,0.4408322519454557,2.4755591357647444,0.19,337.0,63,5727.0,1.0,1.01,-0.09,4.44,93.0032173,6.7819742,3.232218415299277,6.87,5.301,6.68303,1,0,0,0,0,0,0,0,0,0,0,0
1.0,4.0,8,2.5862591440482876,0.11952212521867503,1.3297240096314962,0.0796,653.4,190,3914.0,0.51,0.54,-0.13,4.470000000000001,284.9410627,46.5664505,5.818024433278336,15.853,12.63,15.4089,0,0,1,1,0,0,0,0,1,0,0,0
1.0,1.0,7,6.0874562900499205,0.7466879474879752,2.095204494356438,0.09,729.0,190,5282.0,0.98,0.76,0.35,4.34,171.0715576,-1.529761,4.021596434291751,9.1,7.162,8.86823,1,0,0,0,0,0,0,0,0,0,0,0
1.0,2.0,8,1.6242386392926227,0.04430392555652441,1.5390154481375546,0.052162,825.0,190,4360.0,0.7,0.74,0.11,4.55,286.3760037,-41.4376399,4.081949729340252,11.595,8.351,10.9028,0,0,0,0,0,0,0,0,0,0,0,0
1.0,1.0,8,2.9877475805683043,0.1310282624064041,1.1755733298042381,0.17,708.2,190,6008.0,1.17,1.1,-0.492,4.26,256.1387513,56.842549,4.647242598409933,9.173,7.817,9.07928,0,0,0,0,0,0,0,0,0,0,0,0
1.0,3.0,7,9.85332303799997,2.954910279033736,2.7732157751892865,0.29,1448.0,43,6123.0,1.9520000000000004,1.22,0.3,4.39,28.2106607,-19.507396,3.956250395003155,7.51,6.168,7.37382,1,0,0,0,0,1,0,0,0,0,0,0
1.0,1.0,7,7.681099001536359,1.4516138272405332,1.8133873865526673,0.2,1640.6,190,5955.0,1.1,1.27,-0.13,4.46,154.5874958,12.6209392,3.496822663331824,7.02569,5.564,6.86817,1,0,0,0,0,0,0,0,0,0,0,0
1.0,2.0,7,8.54461378699223,1.9671123567059163,2.5808666490236916,0.607,1112.6,31,6255.0,1.4,1.16,-0.11,4.14,113.9052658,-75.5442707,3.9910559727161696,7.32,6.001,7.1814,1,0,0,0,0,0,0,0,0,0,0,0
1.0,1.0,8,1.3342208940557139,0.037295784743696894,1.0750024230289759,0.0,1944.7840000000003,40,5558.0,0.91,0.91,-0.13,4.48,159.3412205,-63.6556923,4.183571122768854,9.412,7.64,9.23501,0,0,0,0,0,0,0,0,0,0,0,0
1.0,2.0,8,1.7269222368140458,0.19004917369927443,0.6151856390902335,0.0407474,748.0,190,5538.0,1.07,1.07,0.18,4.41,291.8481764,44.9682807,5.899979541985754,12.603,10.97,12.4897,0,0,1,1,0,0,0,0,0,0,0,0
1.0,1.0,8,1.6766110598937984,0.05287703960076692,2.4308023907947995,0.0,1534.0,190,5607.0,1.75,1.13,0.19,4.0,33.1540208,-35.3909182,5.795835841646884,11.419,9.667,11.1554,0,0,0,0,0,0,0,0,0,0,0,0
1.0,2.0,7,1.9127255816642694,0.061471322088101056,2.4326976663523903,0.172,1084.4,43,5765.0,1.4140000000000001,1.02,0.19,4.38,5.016937917,-8.0536206,3.1967692655577356,6.47933,4.897,6.29454,1,0,0,0,0,1,0,0,0,0,0,0
1.0,3.0,7,6.070044647230839,0.6981347220709844,2.3695225611632784,0.27,1289.4,121,4640.0,0.68,0.73,0.09,4.71,176.1705487,30.9576484,3.290705202997175,8.97,6.286,8.57069,1,0,0,0,0,0,0,0,0,0,0,0
1.0,5.0,7,6.874715424903937,1.078749659571858,2.725086459766222,0.092,1678.7920000000001,190,5576.0,1.16,1.05,0.343,4.33,228.8103897,-70.5203328,3.324708628980275,6.86,5.177,6.67835,1,0,0,0,0,0,0,0,0,0,0,0
1.0,3.0,7,2.0397907360500436,0.0344014267173324,1.6932380782426963,0.29,753.0,178,2953.0,0.16,0.12,-0.08,5.148000000000001,54.0032486,-44.5143104,1.703444862165027,12.7,6.61,10.9889,1,0,0,0,0,0,0,0,1,0,0,0
1.0,1.0,3,6.609433931338262,0.7929925155296614,2.701887223850495,0.22399999999999998,1236.312,190,5263.2,1.284,0.16,0.0416,4.378,272.547258,-26.5229319,7.937731775260109,17.02,15.01963999999999,10.108464000000001,1,1,0,1,1,1,0,1,1,0,0,0
2.0,1.0,8,1.6736394893123296,0.04796124928582333,2.053225894861424,0.0,1085.0,190,5326.0,0.88,0.84,0.051,4.48,199.80183,-22.9868431,5.360803783559477,12.341,9.947,11.9978,0,0,0,0,0,0,0,0,0,0,0,0
1.0,3.0,8,2.5571730463294142,0.4899815274068621,1.62924053973028,0.21,1052.2,190,5322.0,0.82,0.88,0.06,4.51,174.9602543,0.603596,5.672728588667063,13.024,11.161,12.8153,0,0,1,0,0,0,0,0,0,0,0,0
1.0,2.0,7,9.85332303799997,2.9193910402972683,2.021948816624807,0.194,650.712,190,5976.6,1.29,0.85,0.08399999999999999,4.017999999999999,43.9140248,26.8723829,3.1580339294495663,7.518,5.427,7.33209,1,0,0,0,1,1,0,1,1,0,0,0
1.0,3.0,7,4.833420674670446,1.2860521405812988,2.4764007995225925,0.22,1077.8,190,5998.0,1.19,1.07,0.09,4.322,84.2992798,-76.938055405,2.958559861199608,5.65,4.241,5.5128,1,0,1,0,0,0,0,0,1,0,0,0
1.0,1.0,8,4.957527519446871,0.42787870294506447,2.492957487977711,0.496,347.0,190,5830.0,0.96,1.01,0.16,4.47,293.2815266,45.3096572,6.827614066457157,14.616,13.101,14.5027,0,0,0,0,0,0,0,0,0,0,0,0
1.0,1.0,8,2.1829994335872867,0.07232066157962612,2.4647889728688996,0.0,900.0,108,5070.0,0.9,0.89,0.28,4.2,24.1678686,-50.659308,5.137397158413958,12.049,9.935,11.8445,0,0,0,0,0,0,0,0,0,0,0,0
1.0,1.0,2,7.174962261634578,5.442417710521793,2.0655402029485352,0.1204,759.112,129,4045.0,1.064,0.6,-0.34595999999999993,4.462000000000001,339.1025931,47.861683,4.256657553849461,12.368,9.148,11.9484,1,1,0,1,0,1,0,1,1,0,0,0
1.0,1.0,8,0.9479461812161851,0.015578029963318415,1.3172121999324469,0.0062,567.0,190,3101.0,0.22,0.18,0.24,5.03,258.8313991,4.9606795,2.750004354488684,15.1,8.782,13.0089,0,0,0,0,0,0,0,0,0,0,0,0
1.0,5.0,8,3.3120018028576843,0.15554970074096566,1.623340817603092,0.0033,655.6,190,5001.0599999999995,0.9,0.91,0.2068,4.682300000000001,292.8733696,42.9661583,6.808295099830396,15.131,13.518,15.1377,0,0,0,0,1,0,0,1,1,0,0,0
1.0,6.0,7,3.86825918798697,0.21268909341035083,0.9593502213346021,0.138,410.0,190,4699.0,0.78,0.81,0.11,4.57,348.3372026,57.1696255,2.019063686289062,5.56911,3.261,5.2402,0,0,0,0,0,0,0,0,0,0,0,0
1.0,3.0,8,2.855607886253605,0.11952212521867503,1.0438040521731147,0.0796,612.712,190,4075.0,0.52,0.54,-0.0896,4.74,286.7380152,49.9757383,5.776233360314444,15.513,12.36,15.0589,0,0,1,1,0,0,0,1,0,0,0,0
1.0,1.0,8,1.3319675228186962,0.6253090616091528,2.6784840655004434,0.0,904.2,190,5960.0,1.12,1.04,0.24,4.37,274.4055335,36.6214617,5.718132354210486,11.954,10.481,11.8224,0,0,1,0,0,0,0,0,0,0,0,0
1.0,1.0,7,6.615663511433915,1.0715836162801904,2.5129457198128287,0.4,802.112,190,3926.0,38.409499999999994,2.6,-0.25,1.67,348.9259334,58.0432233,6.839879997044988,8.19,4.319,7.49317,1,0,0,0,0,0,0,0,0,0,0,0
1.0,1.0,7,5.895779296973574,0.7466879474879752,1.9357642962112926,0.17,1087.0,190,5020.0,4.75,1.37,0.017999999999999995,3.33,166.1853484,-2.5132966,4.949220777061384,8.21,6.05,7.96991,1,0,0,0,0,0,0,1,0,0,0,0
2.0,1.0,8,1.7258155164895614,0.9119136459698695,2.445472580542593,0.0,1060.6,190,5600.0,0.96,0.71,0.12,4.5,183.3660401,23.055687,5.7748123810890775,12.091,10.532,12.0028,0,0,1,0,0,0,0,0,0,0,0,0
1.0,2.0,8,1.6317784928714854,0.050693114315518116,1.1832597627283945,0.177,1077.0,89,5328.0,0.84,0.94,0.14,4.55,38.1209678,-76.938055405,4.4209263828618806,10.249,8.296,10.0008,0,0,0,0,0,0,0,0,0,0,0,0
1.0,1.0,7,3.888549649242504,0.22314355131420976,2.2578869120703247,0.0,1327.4,190,5250.0,0.88,0.8,0.22,4.45,178.2201971,-50.2927911,4.06296224839343,9.4,7.426,9.16421,1,0,0,0,0,0,0,0,0,0,0,0
2.0,3.0,7,4.802380355275797,0.3890646867403835,2.2689351202390116,0.1528,1192.6,190,5399.0,1.02,0.98,0.39,4.43,117.0309753,50.2169068,5.026495519806854,11.196,9.272,10.9278,1,0,0,0,0,0,0,0,0,0,0,0
1.0,1.0,8,1.4717806716199031,0.0374884444109916,2.6198016955481447,0.0,952.0,111,4987.0,0.74,0.66,0.12,4.52,221.0582692,5.6053735,5.729381992956413,13.789,11.612,13.526,0,0,0,0,0,0,0,0,0,0,0,0
1.0,1.0,7,1.7829491050325905,0.058268908123975775,2.0106994711071087,0.09,995.0,190,5602.0,1.02,1.03,0.32,4.44,102.8773483,40.8672284,3.7850960411888677,8.1,6.432,7.91841,1,0,0,0,0,0,0,0,0,0,0,0
1.0,3.0,7,8.521293262625063,1.8503427933269523,1.623733291153949,0.343,777.6,190,5611.2,2.016,0.81,0.14678400000000003,3.91,65.1975693,-59.4096776,3.802685703940278,9.36,7.071,9.06573,1,0,0,0,1,1,0,1,1,0,0,0
1.0,2.0,7,6.01518109813936,0.8285518175661483,2.737182977456802,0.46,1497.1040000000003,190,5589.0,2.3,1.96,-0.22,4.01,257.816194,-56.681038,4.165861800368343,7.24,5.509,7.04837,1,0,0,0,0,0,0,0,0,0,0,0
2.0,1.0,8,1.2742963101262514,0.029063533985398605,2.558776498354456,0.04,714.0,190,3635.0,0.49,0.51,-0.09,4.77,317.9001392,68.4020762,4.779056263960944,15.189,11.016,14.3143,0,0,0,0,0,0,0,0,0,0,0,0
1.0,1.0,8,1.2525878102989239,0.035367143837291316,2.6892071133007303,0.164,1603.0,190,5665.0,1.25,1.07,0.3,4.25,61.4012482,-14.9267458,6.395049555602636,13.468,11.807,13.2544,0,0,0,0,0,0,0,0,0,0,0,0
2.0,1.0,8,1.360899627099946,0.5324350700417222,2.445472580542593,0.0,675.6,190,5185.0,0.87,1.06,0.27,4.56,206.0940142,48.028565,4.909370084915404,11.856,9.448,11.2795,0,0,1,0,0,0,0,0,0,0,0,0
1.0,1.0,8,1.1934391729160703,0.029519966535991843,2.566179369916737,0.041,1028.0,90,4508.0,0.67,0.68,-0.059,4.62,118.4831501,23.9382192,5.313954467327435,13.802,11.019,13.5442,0,0,0,0,0,0,0,0,0,0,0,0
1.0,1.0,7,2.4603330092868356,0.08846864798760816,2.193349036153884,0.029,1936.4,190,5387.0,0.85,0.92,0.2222,4.52,221.8857975,-0.2820782,3.4927611585151426,8.04,6.234,7.83448,1,0,0,0,0,0,0,1,0,0,0,0
2.0,6.0,8,4.3645174267299085,0.2981768095444224,1.2825991247811255,0.082,430.0,190,5495.0,0.92,0.93,0.07,4.324000000000001,287.6979913,42.3385782,5.647434320702328,12.61,10.871,12.4535,0,0,0,0,0,0,0,0,1,0,0,0
1.0,1.0,8,1.5788493728750195,0.05297188476610572,2.564487712458339,0.0628,612.712,190,6216.0,2.89,1.45,-0.18,3.67,294.3565559,38.9473424,6.671067923014627,11.62,10.195,11.42,0,0,0,0,0,0,0,0,0,0,0,0
1.0,2.0,9,5.615643189089502,0.5916680116100914,2.3343676119847863,0.096,956.8,89,5255.0,0.82,0.94,0.22,4.58,80.1058735,-59.8954326,4.637346917683312,10.701,8.814,10.5784,1,0,0,0,0,0,0,0,0,0,0,0
2.0,1.0,8,2.4547798612727876,1.1297316401257667,1.1246048689423633,0.0,494.0,146,3863.0,0.55,0.56,-0.19,4.78,175.5755995,23.0270335,3.455672940603887,11.58,7.805,10.8269,0,0,1,0,0,0,0,0,0,0,0,0
1.0,1.0,3,6.687787639525121,1.501852701754163,2.4503304013914105,0.154,1294.912,135,5544.0,1.33,0.52,-0.12840000000000001,4.5200000000000005,266.9611667,-33.9350444,8.892855620084674,16.8172,15.01963999999999,10.822476,1,1,0,1,1,1,0,1,1,0,0,0
1.0,1.0,8,1.5374724428663225,0.04554681495597039,2.619000384268699,0.023,1182.0,190,5519.0,0.92,1.01,0.294,4.52,48.4354731,25.1973548,5.708385199182774,13.146,10.815,12.8416,0,0,0,0,0,0,0,0,0,0,0,0
1.0,2.0,8,1.7728828278745306,0.05120629060283102,1.6789639750827108,0.218,612.712,190,4780.0,0.68,0.81,0.31,4.537999999999999,297.7101763,48.0818635,3.6575100387012114,9.46,7.009,9.15098,0,0,0,0,0,0,0,0,1,0,0,0
1.0,1.0,7,2.781790010254155,0.11261414436913436,1.1850824975853056,0.12,891.8,190,5778.33,1.21,0.99,0.018,4.27,273.8847918,45.2088229,3.1906080289192973,6.295,4.756,6.14052,1,0,0,0,0,0,0,0,0,0,0,0
2.0,1.0,8,1.396139983521023,0.039220713153281295,2.5201129055226197,0.0,1550.4,190,5316.0,0.86,0.92,0.3,4.53,222.7673221,5.9473626,5.299181992651135,12.052,10.109,11.9562,0,0,0,0,0,0,0,0,0,0,0,0
1.0,2.0,8,2.5357898601025703,0.10011679133477266,1.4838746894587547,0.14,1445.8,42,6310.0,1.43,1.15,-0.16,4.19,253.7848853,20.491524,4.690411664297357,8.855,7.629,8.76412,0,0,0,0,0,0,0,0,0,0,0,0
1.0,1.0,8,4.961683291831745,0.43928665658367505,2.5505383232168297,0.212,400.0,17,5929.0,1.08,1.11,0.168,4.42,292.1669417,53.4873694,4.702206148499686,9.849,8.281,9.69568,0,0,0,0,0,0,0,0,0,0,0,0
1.0,2.0,7,8.207674424355282,1.7783364488959144,2.1189011335987353,0.04,1276.6,190,5802.0,1.3,1.11,0.19,4.26,57.5962104,17.4752873,3.8633032387807504,7.515,5.969,7.33476,1,0,0,0,0,0,0,0,0,0,0,0
1.0,4.0,8,1.9321207971531915,0.05921185963184608,1.2386640441158663,0.0,862.0,190,5213.0,0.86,0.89,0.168,4.51,251.1158702,70.4299917,5.138277714042718,11.632,9.907,11.7291,0,0,0,0,0,0,0,0,0,0,0,0
1.0,2.0,8,5.340514415247825,0.9018270805531902,1.6094379124341003,0.11,612.712,190,7500.0,1.57,1.59,0.05,4.22,299.8211502,43.8142793,6.392963466946267,11.632,10.851,11.6145,0,0,1,0,0,0,0,0,0,0,0,0
1.0,2.0,3,6.664805116167164,1.4562867329399256,2.4503304013914105,0.31815999999999994,1011.7119999999999,40,5528.0,1.284,0.92,0.0416,4.378,266.406,-24.4472778,8.38958706681109,17.02,15.01963999999999,9.770026,1,1,0,1,1,1,0,1,1,0,0,0
1.0,2.0,9,2.1552445050953364,0.9299371231155964,2.350524903286915,0.05,1376.0,190,5800.0,1.27,1.12,0.2406,4.294,63.374706,-69.2265926,5.38231838361426,10.994,9.598,11.0665,1,0,1,0,0,0,0,1,1,0,0,0
1.0,2.0,3,5.2590133683401294,0.9162907318741551,2.4503304013914105,0.154,1011.7119999999999,190,5544.0,1.33,0.4,-0.09840000000000002,4.5120000000000005,268.75238,-31.4690552,8.764209507142004,16.4732,15.01963999999999,10.822476,1,1,0,1,1,1,0,1,1,0,0,0
1.0,1.0,3,6.52172637929524,1.2412685890696329,2.4503304013914105,0.22399999999999998,1011.7119999999999,190,5536.4,1.284,0.29,0.0416,4.378,264.5600417,-27.1504111,8.818926087090677,16.8172,14.586911999999993,9.770026,1,1,0,1,1,1,0,1,1,0,0,0
2.0,1.0,8,1.5119832408500957,0.03950913309471249,1.7879187698421173,0.0,1143.0,104,5187.0,0.84,0.9,0.1,4.2,328.5174799,-38.3774193,5.778110422613472,13.268,11.305,13.0986,0,0,0,0,0,0,0,0,0,0,0,0
1.0,2.0,7,9.04793908261736,0.9676242925998035,2.456700893857115,0.37,1234.2,190,5756.0,1.7479999999999998,1.33,0.316,4.064,245.1514324,41.0479601,4.858058929939067,8.72,7.603,8.59842,1,0,1,0,1,1,0,1,1,0,0,0
1.0,1.0,8,1.081648480110352,0.018311319771252884,0.8073683246499682,0.31364000000000003,595.0,191,3381.0,0.25,0.24,-0.13,4.87,44.3388743,76.5514045,2.9563467468196976,13.304,8.767,12.2598,0,0,0,1,0,0,0,0,0,0,0,0
2.0,1.0,7,7.497368053308842,1.3790179521491144,1.7736676415270094,0.042,969.8,190,6125.0,1.23,1.08,-0.12,4.26,58.9574779,-65.1863239,4.036266902475655,7.77,6.489,7.638,1,0,0,0,0,0,0,0,0,0,0,0
1.0,1.0,7,6.559615237493242,0.9477893989335261,2.2987486326077606,0.07,1219.6,190,4953.0,5.26,2.53,-0.31,3.4,143.9383526,34.7805902,4.852506712899774,7.62,5.452,7.38096,1,0,0,0,0,0,0,0,0,0,0,0
1.0,2.0,8,2.295063879445108,0.15552667189491812,1.1568811967920856,0.08380000000000001,612.712,190,4725.0,0.69,0.75,0.05,4.64,287.9978721,50.9441847,5.573487743150213,13.655,11.255,13.4598,0,0,1,1,0,0,0,0,0,0,0,0
1.0,1.0,8,1.7237357707982788,0.347662446914028,1.9847186893649493,0.0,1064.912,190,4881.0,2.97,0.66,0.32,3.44,338.3682095,-9.0229405,5.73162459388429,10.831,8.516,10.5959,0,0,1,0,0,0,0,0,0,0,0,0
3.0,1.0,7,3.6375519486148766,0.21349717426240436,2.6765154374614335,0.0796,1296.8,42,6093.0,1.6,1.32,0.33,4.24,94.8946124,41.0920773,4.461310208124086,8.03,6.7,7.8972,1,0,0,0,0,0,0,0,1,0,0,0
1.0,1.0,2,5.3953835155802405,3.970291913552122,1.7374273551652202,0.4199002,940.0,167,3530.0,0.836,0.4,-0.13396000000000002,4.854000000000001,20.7128012,-24.6646128,3.550424532215262,14.244,9.198,12.9025,1,1,0,1,0,1,0,1,1,0,0,0
1.0,1.0,7,6.124902185337699,0.8109302162163288,2.19480817635359,0.08,1520.6,190,6304.0,0.8699999999999999,1.25,-0.03,4.43,352.836223,-58.209754,4.0417012341420016,7.82,6.569,7.68153,1,0,0,0,0,1,0,0,0,0,0,0
1.0,4.0,7,3.3044294732208583,2.1168208066031826,2.477810180127105,0.016,796.912,127,4440.0,0.68,0.74,0.12,4.62,106.559098,-47.5878156,3.879342776599514,10.54,7.715,10.1026,1,0,1,0,0,0,0,0,0,0,0,0
2.0,5.0,7,4.460228803440523,0.2907274306377411,2.4278716875155935,0.06,1023.2,97,5256.0,1.1500000000000001,0.7,-0.11,4.37,50.0139757,-28.7841175,3.6101473455633837,8.48,6.553,8.2372,1,0,0,0,0,1,0,0,0,0,0,0
1.0,4.0,8,2.664935302106683,0.09703596251159427,0.598121822621983,0.098,718.0,190,5357.0,0.79,0.79,-0.36,4.273999999999999,284.0592503,44.5183733,4.1731665250898,9.770001,7.942,9.54988,0,0,0,0,0,0,0,0,1,0,0,0
1.0,1.0,7,8.216358332386156,1.791759469228055,2.41207341573164,0.487,174.56,43,5957.0,1.21,1.18,0.34,4.15,199.9853694,38.3691383,4.484624964005062,8.34,6.87,8.18736,1,0,0,0,0,0,0,0,0,0,0,0
1.0,1.0,8,3.6498402444878932,0.19474407679251177,1.3739687114292538,0.327,652.0,190,5970.0,1.31,0.94,-0.373,4.17,243.4888534,63.5335297,4.739132735651058,9.327,7.934,9.18941,0,0,0,0,0,0,0,0,0,0,0,0
1.0,1.0,8,2.176789756914737,0.07610882625230678,2.6668809240641393,0.092,1226.0,190,5542.0,1.66,1.08,0.247,4.03,61.6578005,-25.3496674,6.523211290071869,13.352,11.478,13.0682,0,0,0,0,0,0,0,0,0,0,0,0
1.0,1.0,7,9.291075154879632,2.3933394562625097,1.9301320296942428,0.313,889.8,190,5454.6,2.602,1.11,-0.03321599999999999,4.03,138.1021548,-76.938055405,4.132928854954143,7.49,6.072,7.33567,1,0,0,0,1,1,0,1,1,0,0,0
1.0,1.0,8,1.7926623948013765,0.6253090616091528,2.581579537048261,0.25,781.2,190,6065.0,1.39,1.31,0.15,4.26,271.5376722,26.4266061,5.843689334066611,11.667,10.083,11.4501,0,0,1,0,0,0,0,0,0,0,0,0
1.0,2.0,7,3.8828001467512427,0.21430460264700538,2.304862023353439,0.0,760.712,190,4635.0,0.76,0.79,0.328,4.58,334.8828486,42.5603141,4.300697266273995,11.111,8.577,10.8746,1,0,0,0,0,0,0,0,0,0,0,0
3.0,1.0,7,2.5003533987770252,0.04741779432915308,2.519086549116124,0.02,2016.7920000000001,178,2953.0,0.1505,0.12,0.020000000000000007,4.069999999999999,217.3934657,-62.6761821,1.703444862165027,11.01,4.384,8.95361,1,0,0,0,0,0,0,1,1,0,0,0
2.0,1.0,7,6.44565632530638,0.9001613499442714,2.3117235479968454,0.1,1276.2,125,4055.0,38.409499999999994,1.13,-0.27,1.6624999999999999,68.980174,16.509201,3.064941121716301,3.8593936,1.5122200000000001,10.269895600000002,1,0,0,0,0,0,0,0,0,0,0,0
1.0,2.0,9,8.291797105048733,1.8276091221217523,2.477810180127105,0.122,702.4,31,6096.0,1.15,1.19,0.08,4.39,112.0100593,-63.5177788,5.83072344809735,12.14,10.619,11.9551,1,0,0,0,0,0,0,0,0,0,0,0
1.0,1.0,8,1.8601756188873835,3.390450652604069,1.7984040119467235,0.0,2312.592,165,3540.0,1.05,0.56,0.122,4.102000000000001,242.5613635,-19.3193831,4.943554878413633,15.838,10.026,14.157,0,0,1,0,0,0,0,1,1,0,0,0
1.0,2.0,9,6.736254960819766,0.4673065083444997,1.4874263382583242,0.125,693.4,41,5491.0,0.95,0.94,0.17,4.46,289.7917561,39.2852655,5.858638619869941,13.071,11.309,12.9559,1,0,1,0,0,0,0,0,0,0,0,0
1.0,1.0,8,1.6817624809828384,0.049132962550209894,2.0645816787728117,0.0,1294.0,190,5732.0,1.1,0.89,-0.102,4.3,154.2710615,-25.2762982,5.842166656761209,11.967,10.768,12.2781,0,0,0,0,0,0,0,0,0,0,0,0
2.0,3.0,8,3.2799709242280115,0.14306084284065199,0.9419584786227329,0.071,420.0,190,4500.0,0.68,0.74,-0.02,4.68,67.4128615,22.8825674,4.098459417912653,11.101,8.368,10.8545,0,0,0,0,0,0,0,0,0,0,0,0
1.0,1.0,3,6.462185429987281,0.6259384308664953,2.4503304013914105,0.48228019999999994,1011.7119999999999,190,5528.0,1.284,0.09,0.068,4.354,265.694875,-24.261,7.473637108496206,16.8172,15.01963999999999,9.770025999999998,1,1,0,1,1,1,0,1,1,0,0,0
1.0,1.0,8,2.745607416024588,0.12142085520433943,2.57816928024769,0.298,1061.0,16,6466.0,1.5,1.35,-0.004,4.22,42.2915093,-58.0246828,6.000498616737853,11.233,10.262,11.3253,0,0,0,0,0,0,0,0,0,0,0,0
1.0,2.0,8,0.7960962911160842,0.02048866642731566,1.4112308464099221,0.0,1237.0,190,4635.0,0.76,0.79,0.328,4.58,334.8828486,42.5603141,4.300697266273995,11.111,8.577,10.8746,0,0,0,0,0,0,0,0,0,0,0,0
1.0,1.0,7,6.0748861552470546,0.8153648132841945,1.9750933413668357,0.079,1018.0,190,4925.0,4.6,1.41,0.096,3.36,169.4475218,-23.975488,4.742354897110516,8.05,5.813,7.79079,1,0,0,0,0,0,0,1,0,0,0,0
1.0,6.0,7,1.4092601176986472,0.03802769409665739,0.9562803800903136,0.0,1015.0,190,4699.0,0.78,0.81,0.11,4.57,348.3372026,57.1696255,2.019063686289062,5.56911,3.261,5.2402,0,0,0,0,0,0,0,0,0,0,0,0
1.0,1.0,8,4.010766375991985,0.27231459532065916,2.564487712458339,0.432,688.0,46,5980.0,1.78,1.47,0.15,3.8,46.2926368,-21.9336472,5.950376892303158,11.233,9.83,11.0313,0,0,0,0,0,0,0,0,0,0,0,0
1.0,4.0,7,3.2656334486356817,0.14338147092781928,2.1555210508979856,0.0,1014.2,117,4935.0,0.73,0.77,-0.1,4.4,340.8380941,-6.4020685,3.1178348554123554,8.11,5.775,7.80163,1,0,0,0,0,0,0,0,0,0,0,0
1.0,2.0,7,2.3284477525197733,0.0657877405380031,2.0838876842334875,0.0,468.0,149,3688.0,0.47,0.49,-0.06,4.78,346.4668274,-35.8530693,1.703444862165027,9.743799999999998,6.3515999999999995,9.038034,1,0,0,0,0,0,0,0,0,0,0,0
1.0,3.0,7,2.791103756237496,0.10741839676727034,1.998436571322566,0.098,584.0,99,5075.0,0.78,0.83,-0.15,4.59,20.4956562,76.7101475,2.8899383306468103,7.17896,5.159,6.92516,1,0,0,0,0,0,0,0,0,0,0,0
2.0,1.0,8,1.3560206518932338,0.03956680710201462,2.65745841498615,0.0,1395.0,190,5640.0,1.06,1.06,0.25,4.41,279.3581286,18.7299522,5.159727487038769,11.036,9.402,10.9505,0,0,0,0,0,0,0,0,0,0,0,0
1.0,1.0,7,6.812345094177479,0.7030010648730333,2.174150087610701,0.25,1337.0,190,5907.6,3.752,0.97,0.04783999999999999,3.8160000000000003,224.2276121,53.3809615,4.2736504653889105,8.45,6.87,8.28075,1,0,1,0,1,1,0,1,1,0,0,0
1.0,1.0,8,0.9590355358109803,0.029869433602277798,2.9900662519273644,0.057,2193.0,190,6594.0,1.44,1.44,0.332,4.28,180.2087883,-46.1364201,6.868087826055501,13.698,12.327,13.5596,0,0,0,0,0,0,0,0,0,0,0,0
1.0,1.0,7,2.6638893053164403,0.07881118042428978,1.330117670343332,0.37,615.912,173,3387.0,0.41,0.41,0.12,4.97,336.3221454,59.412503,3.1062086806946017,12.903,7.887,11.6605,1,0,0,0,0,0,0,0,0,0,0,0
1.0,1.0,8,1.4615980110231306,0.04393075730594119,2.473340013416535,0.501,1407.0,190,5880.0,1.1,1.1,0.15,4.39,294.3068385,-22.2044872,6.283927050072561,13.202,11.511,12.9838,0,0,0,0,0,0,0,0,0,0,0,0
2.0,1.0,8,1.8796929564988485,0.06438225892926822,2.618198430374518,0.0319,1391.0,190,6426.0,1.34,1.27,0.138,4.29,161.9090273,71.655727,4.58002979816135,8.34,7.154,8.23752,0,0,0,0,0,0,0,0,0,0,0,0
1.0,2.0,8,4.42708245389619,0.2993635772256188,2.0541237336955462,0.25,347.0,91,5170.0,0.81,0.89,0.16,4.57,258.4503674,64.5661727,5.380155384763669,12.577,10.571,12.4406,0,0,0,0,0,0,0,0,0,0,0,0
1.0,1.0,7,3.4445761049641,0.17730901497041035,1.6845975168347356,0.032,928.8,54,4816.0,12.19,1.05,-0.5798,2.28,217.1555242,49.8446488,4.574569731415081,5.59,3.159,5.3339,1,0,0,0,0,0,0,0,0,0,0,0
1.0,2.0,8,2.325246424416801,0.07510747248680541,1.3056264580524357,0.06,666.0,126,4580.0,0.71,0.74,0.12,4.8,271.9355015,39.0729269,3.162102278133876,8.933,6.091,8.5077,0,0,0,0,0,0,0,0,0,0,0,0
1.0,3.0,7,2.0054686565552964,0.06513209493778221,0.9313763692921959,0.4192,920.0,190,5289.0,0.98,0.9,0.24,4.39,93.0578446,-14.6493167,4.236885249004211,9.49,7.587,9.27468,0,0,0,1,0,0,0,0,0,0,0,0
2.0,1.0,7,2.954863402935069,0.14045735269525578,2.6362663404137003,0.399,1418.2,59,5935.0,1.97,1.38,0.35,4.3740000000000006,77.0044889,-26.7976689,4.509345173680253,8.05,6.646,7.89933,1,0,0,0,0,0,0,0,1,0,0,0
1.0,1.0,8,1.8644915190441524,0.06554426520740629,2.668408065829767,0.432,843.512,190,6442.0,1.53,1.39,0.22,4.432,303.1954355,18.1047776,5.522760073593866,10.403,9.247,10.1944,0,0,0,0,0,0,0,0,1,0,0,0
1.0,6.0,7,6.5188522591729505,0.9333444864399826,2.304856611425639,0.031,1071.0,43,5836.0,1.38,1.07,0.14,4.21,79.4207483,7.3527156,3.852075529296815,7.31,5.79,7.14947,1,0,0,0,0,0,0,0,0,0,0,0
1.0,2.0,8,4.259217552077635,0.31481073984003355,2.468099531471619,0.8206009999999999,1005.8,190,6430.0,1.74,1.39,0.176,4.1,295.4179125,51.1847629,6.920039517815356,13.089,11.859,12.9642,0,0,0,0,0,0,0,0,0,0,0,0
1.0,1.0,8,0.7942966421623048,0.02293497128249588,2.793248824936084,0.106,2056.0,42,5905.0,1.2,1.13,0.15,4.33,306.1239076,16.7621462,5.90212227387094,11.937,10.791,12.1741,0,0,0,0,0,0,0,0,0,0,0,0
2.0,1.0,7,5.0661961992651054,0.5187937934151676,1.9460584998302939,0.09,1171.2,190,4891.0,10.06,2.28,0.07,2.79,173.7653631,20.441541,4.928542709081245,6.4421,4.129,6.17883,1,0,0,0,0,0,0,0,0,0,0,0
1.0,2.0,8,2.9897011226720793,0.11707167158583756,1.220829921392359,0.08,498.0,121,4511.0,0.65,0.73,0.0,4.62,129.6883026,-13.2565267,3.4832872232956253,9.67,6.948,9.27033,0,0,0,0,0,0,0,0,0,0,0,0
1.0,1.0,8,1.7682673440975085,0.05619127964974249,2.5733752977756086,0.0,1330.0,37,6040.0,1.19,1.09,-0.01,4.31,280.6296561,6.5138223,7.007129914955166,14.79,12.846,14.711,0,0,0,0,0,0,0,0,0,0,0,0
1.0,1.0,8,1.772366807884349,0.05996558116743406,1.0959420601122307,0.046,1056.0,40,5585.0,0.95,0.96,-0.04,4.47,159.4093183,-40.888259,4.333482190312864,9.44,7.845,9.28881,0,0,0,0,0,0,0,0,0,0,0,0
1.0,5.0,8,4.81532899928881,0.3555743384946994,0.9593502213346021,0.3287444,270.0,111,4925.0,0.64,0.69,-0.37,4.68,283.2125621,45.3496992,5.710009711771951,13.965,11.659,13.7197,0,0,0,1,0,0,0,0,0,0,0,0
1.0,1.0,8,1.8455766592431215,0.06672363204290818,2.721229636214324,0.0,1494.0,190,5982.0,2.19,1.51,0.343,3.93,38.361569,41.0134321,5.8218854591235045,10.66,9.191,10.5276,0,0,0,0,0,0,0,0,0,0,0,0
1.0,1.0,8,1.9757865152924847,0.061095099359810875,2.0001277349601105,0.0,607.512,104,5080.0,0.77,0.88,0.3,4.58,291.5885696,1.4262972,5.777766867745774,14.792,11.463,14.2195,0,0,0,0,0,0,0,0,0,0,0,0
1.0,4.0,7,2.599573724766126,0.09803374027136541,1.5551099441046257,0.12,825.2,190,5390.0,0.95,0.93,0.18,4.46,270.6304652,26.3104077,3.1355637787269934,7.01227,5.113,6.78614,1,0,0,0,0,0,0,0,0,0,0,0
1.0,1.0,3,6.626448315912161,0.7419373447293773,2.67803876627248,0.154,1069.9119999999998,190,5455.8,1.33,0.21,-0.12840000000000001,4.264,268.560542,-34.7780528,8.892855620084674,15.740199999999998,13.998511999999995,10.620735999999999,1,1,0,1,1,1,0,1,1,0,0,0
2.0,1.0,8,1.7946187110309157,0.6366221619723749,2.8349177730444675,0.0,797.8,190,5800.0,1.22,1.06,-0.45,4.27,274.7012534,45.1722194,5.674710620502856,11.652,10.285,11.6347,0,0,1,0,0,0,0,0,0,0,0,0
1.0,1.0,8,2.3450841284946424,0.07696104113612832,1.9615022438151495,0.45,898.8,190,5576.0,0.9,0.98,0.05,4.52,289.2262876,49.5482814,5.273168775015066,12.02,9.997,11.5352,0,0,0,0,0,0,0,0,0,0,0,0
1.0,4.0,8,3.181892287370258,0.1211551215564672,0.9202827531436926,0.01,345.0,190,3841.0,0.54,0.54,-0.18,4.71,290.3814122,43.2930645,4.217482125662608,13.04,9.506,12.4715,0,0,0,0,0,0,0,0,0,0,0,0
1.0,2.0,7,6.436115143390061,1.2014696741078175,1.863633953437213,0.095,1011.6,190,4967.4,4.442,2.6,0.0792,3.8939999999999997,144.2715659,76.78236720799998,5.5988885168100175,4.26489,1.5122200000000001,3.80122,1,0,0,0,1,1,0,1,1,0,0,0
1.0,1.0,8,2.3225886804885287,0.08617769624105233,2.663052835171474,0.0,1074.0,190,6190.0,1.17,1.16,0.06200000000000001,4.41,102.1946233,-0.6727861,6.589493029529818,13.652,12.288,13.5613,0,0,0,0,0,0,0,1,0,0,0,0
2.0,1.0,8,1.380688980285438,0.04174636715619902,2.758299617505337,0.0,1520.0,64,5740.0,1.28,1.17,0.18,4.29,289.4792124,-32.8601244,5.293284724019962,11.03,9.362001,10.8999,0,0,0,0,0,0,0,0,0,0,0,0
1.0,3.0,7,2.2121350834053013,0.06765864847381481,2.0494962448733802,0.19,1087.8,190,4510.0,0.78,0.29,0.01,4.11,176.1705487,30.9576484,3.290705202997175,8.97,6.286,8.57069,1,0,0,0,0,0,0,0,0,0,0,0
1.0,1.0,3,6.609433931338262,1.2296405510745139,2.6542498814539517,0.184,1257.512,190,5536.4,1.032,0.58,-0.0464,4.46,271.95697,-25.3446388,8.160803920954665,17.02,15.01963999999999,10.863846,1,1,0,1,1,1,0,1,1,0,0,0
1.0,1.0,8,1.4040660057977998,0.03880716611603008,2.9290581402859983,0.19338200000000003,1142.0,108,5017.0,0.89,0.88,0.25,4.49,334.7969885,-1.8344301,5.1807605553009815,12.312,10.163,12.0715,0,0,0,1,0,0,0,0,0,0,0,0
1.0,3.0,7,1.7327628964203374,0.02811115296103118,2.1541357128357776,0.07,357.0,175,3151.0,0.16,0.14,-0.18,5.17,18.1330792,-16.9962434,1.703444862165027,5.09951488,2.7418000000000005,10.4294,1,0,0,0,0,0,0,0,0,0,0,0
1.0,2.0,7,5.412984441526163,0.5481214085096876,1.647247491038185,0.0688,612.712,190,5460.0,0.94,1.01,0.41392000000000007,4.5,298.6249797,48.57745,6.550574492841093,14.429,12.47,14.229,1,0,0,1,0,0,0,0,0,0,0,0
1.0,1.0,8,1.496913933663926,0.046788161498758925,2.681569323852613,0.0,1499.0,50,5820.0,1.64,1.26,0.27,4.09,168.5638892,-37.9101328,6.5280485567895505,13.214,11.51,13.0525,0,0,0,0,0,0,0,0,0,0,0,0
1.0,4.0,7,5.733017599924536,1.1987570141868942,2.3924369496739217,0.2678,1319.5040000000001,55,5773.0,1.33,1.13,0.28,4.2,266.0361585,-51.8348751,2.809288230980375,5.12,3.683,4.94916,1,0,1,1,0,0,0,0,0,0,0,0
1.0,1.0,7,6.474353536755992,0.883767540168595,2.5911600870145888,0.3,1010.0,190,3943.0,38.409499999999994,2.6,-0.24,2.06,166.441502,44.30155,6.377847068628426,7.40521,3.911,6.88245,1,0,0,0,0,0,0,0,0,0,0,0
1.0,4.0,7,6.976161311646197,1.128171090909654,2.183090973119291,0.074,933.0,92,5600.0,1.318,1.07,0.35,4.28,236.7235392,46.986288,3.6380307977023736,7.20856,5.499,7.00926,1,0,0,0,0,1,0,0,0,0,0,0
1.0,1.0,7,7.1001674208195835,1.2149127443642704,2.372192273527782,0.406,1419.2,190,5843.0,1.49,1.21,0.29,4.15,54.8491271,-60.077229,4.552354680994032,8.58,7.087,8.42019,1,0,0,0,0,0,0,0,0,0,0,0
1.0,5.0,8,2.2774929005822893,0.08617769624105233,1.0986122886681098,0.0688,653.4,190,3900.0,0.53,0.58,0.0,4.64,297.8423073,46.5743595,5.783354302252344,16.36,12.757,15.8123,0,0,0,1,0,0,0,0,0,0,0,0
1.0,1.0,8,2.1097270215747805,0.08507617235511927,2.5400259490090797,0.325,1677.0,15,6264.0,2.74,1.76,0.342,3.81,83.8659288,21.2942417,5.423376092286049,9.24,7.786,9.07469,0,0,0,0,0,0,0,0,0,0,0,0
1.0,6.0,8,0.9206117826728784,0.015578029963318415,0.749527513996053,0.14198200000000002,1052.5120000000002,190,2953.0,0.1505,0.09,-0.24596,5.201500000000001,346.6263919,-5.0434618,3.8961944945679994,17.02,10.296,15.6451,0,0,0,1,0,0,0,1,0,1,0,0
1.0,2.0,8,0.9851927192312692,0.027401136347939135,0.8675205675047257,0.095,1838.0,190,6004.0,1.12,1.01,-0.14,4.284000000000001,291.3822988,38.1274595,6.122236197645008,12.78,11.354,12.658,0,0,0,0,0,0,0,0,1,0,0,0
1.0,1.0,8,0.796386748597677,0.024360850246257313,2.598384133547774,0.0099,1288.2,190,6518.0,1.46,1.32,-0.22196,3.9539999999999997,5.016937917,39.3837953,5.596308616350968,10.632,9.437,10.5905,0,0,0,0,0,0,0,1,1,0,0,0
1.0,1.0,7,4.57517478845269,0.37912113276856246,2.3756159606683633,0.23,1467.0,67,5635.0,1.312,1.42,0.19160000000000002,4.247999999999999,325.5917768,-50.0935884,4.333837727213402,7.62,5.979,7.44849,1,0,0,0,0,1,0,1,1,0,0,0
1.0,2.0,8,2.8992615706031053,0.33723352290337444,2.1972245773362196,0.16,588.0,190,5774.0,0.75,0.77,0.088,4.3100000000000005,73.9800129,-63.2603301,5.187078496056107,12.324,10.218,12.1631,0,0,1,0,1,0,0,1,1,0,0,0
1.0,1.0,3,6.609433931338262,1.667706820558076,2.701887223850495,0.22399999999999998,1188.9119999999998,190,5536.4,1.284,0.39,0.0416,4.377999999999999,271.223333,-27.2209444,8.892855620084674,17.02,15.01963999999999,10.108464000000001,1,1,0,1,1,1,0,1,1,0,0,0
1.0,1.0,8,4.249180721340452,0.2851789422336624,2.5257286443082556,0.018,517.0,190,5757.0,1.15,1.01,0.14,4.32,38.4706782,-10.6573827,5.538848867463473,11.501,9.97,11.4442,0,0,0,0,0,0,0,0,0,0,0,0
1.0,2.0,8,1.8879329126767124,0.058268908123975775,1.1878434223960523,0.04,1038.0,40,5450.0,0.9,0.92,0.01,4.45,194.468098,-39.7580613,4.565674395004373,10.265,8.49,9.99915,0,0,0,0,0,0,0,0,0,0,0,0
1.0,3.0,7,1.7727295433212493,0.03681397312271631,2.0569503649340786,0.15,1949.3920000000003,166,3342.0,0.31,0.29,-0.09,4.2940000000000005,247.5748276,-12.6676866,1.703444862165027,10.1,5.075,8.79444,1,0,0,0,0,0,0,0,1,0,0,0
1.0,3.0,8,1.536459179372926,0.03873982831593056,0.7561219797213337,0.222382,716.0,129,4236.0,0.58,0.62,-0.29,4.72,351.7717763,-1.2853435,3.4229914886978254,10.37,7.193,9.83773,0,0,0,1,0,0,0,0,0,0,0,0
1.0,1.0,7,1.5013559191353472,0.039220713153281295,1.7730642272086978,0.02,1231.8,190,5393.0,0.91,1.47,0.38,4.69,164.6191243,-10.7704227,4.44742689378361,10.013,8.124,9.83981,1,0,0,0,0,0,0,0,0,0,0,0
1.0,1.0,3,5.2590133683401294,0.5423242908253617,2.4503304013914105,0.154,1294.9119999999998,190,5544.0,1.33,0.09,-0.09840000000000002,4.5120000000000005,267.8034167,-31.8643611,8.892855620084674,16.4732,14.586911999999993,10.822476,1,1,0,1,1,1,0,1,1,0,0,0
1.0,1.0,8,1.638617361176806,0.044160415785654564,2.2591555350667094,0.071,835.0,190,4405.0,0.7,0.71,0.208,4.6,6.6135927,-56.3442798,5.7850951448166725,14.988,11.938,14.5449,0,0,0,0,0,0,0,0,0,0,0,0
1.0,1.0,7,8.347353412124338,1.8164520818184267,2.221320419628635,0.02,1215.4,190,5867.0,1.25,1.3,0.05,4.36,34.1979991,43.7722065,3.8794233645194285,7.61,6.139,7.45464,1,0,0,0,0,0,0,0,0,0,0,0
1.0,2.0,9,1.1525952958661643,0.035241653338205364,1.169381359556317,0.1353,968.8,35,6117.0,1.53,1.31,0.25,4.1,313.5110469,72.5806455,4.945093603285536,9.270001,8.078,9.18795,0,0,0,0,0,0,0,0,0,0,0,0
1.0,3.0,8,4.0148322694092835,0.3006196196715624,1.410986973710262,0.13472,540.6,190,5516.6,1.07,1.1,-0.020000000000000007,4.42,287.391295,42.194822,6.945436345949826,13.647,12.509,13.5847,0,0,1,1,1,0,0,1,0,0,0,0
1.0,2.0,7,6.498583308942647,0.8064758658669485,2.230926363891411,0.14,1715.3920000000003,133,4462.0,0.53,0.58,-0.24,3.79,196.233933,-52.4463502,2.849648138166581,9.05,5.637,8.4428,1,0,0,0,0,0,0,0,0,0,0,0
2.0,1.0,8,4.8862656140450635,0.47217003090215476,2.214846178686039,0.042,673.4,190,5606.0,1.03,0.89,-0.34,4.36,294.496955,46.6896733,7.506685182302124,15.863,13.875,15.7352,0,0,0,0,0,0,0,0,0,0,0,0
1.0,1.0,3,5.096486509487754,1.0296194171811583,2.4503304013914105,0.22400000000000003,1011.7119999999999,190,5536.4,1.284,0.1,-0.09840000000000002,4.5120000000000005,268.68075,-28.7392778,8.892855620084674,16.676,15.01963999999999,10.863846,1,1,0,1,1,1,0,1,1,0,0,0
1.0,1.0,7,5.236495152904694,0.530039842689795,1.7932220839830517,0.105,1157.8,93,4769.0,11.87,1.3,-0.27,2.36,230.0350768,29.6160222,4.451882633559187,5.5052,2.934,5.22055,1,0,0,0,0,0,0,0,0,0,0,0
3.0,1.0,8,0.7378432611087982,0.02293497128249588,3.1061199638849386,0.33799999999999997,2580.960000000001,190,6360.0,1.66,1.43,-0.029999999999999992,4.34,97.636645,29.6722662,6.059697796822021,11.569,10.188,11.4999,0,0,0,1,0,0,0,1,1,0,0,0
1.0,1.0,8,0.8490181512665502,0.01882175424058776,1.430311246536665,0.0,1650.0,190,5143.0,0.84,0.75,-0.28,4.5,89.5988945,-30.8117992,5.640327810377962,13.138,11.073,12.9092,0,0,0,0,0,0,0,0,0,0,0,0
1.0,1.0,3,6.687787639525121,1.4085449700547104,2.4503304013914105,0.0716,1294.9119999999998,190,5455.8,1.566,0.47,-0.12840000000000001,4.264,265.2825417,-35.5947,8.33110454805304,15.740199999999998,14.586911999999993,10.164321999999999,1,1,0,1,1,1,0,1,1,0,0,0
1.0,3.0,7,4.037086143381819,0.1856493468866293,2.632141477436796,0.3397202,220.0,158,3505.0,0.34,0.34,-0.12,4.94,144.0074644,-21.6650634,2.345817939074875,10.91,6.475,9.88036,1,0,0,1,0,0,0,0,0,0,0,0
1.0,3.0,7,6.870053411798126,1.0152306797290587,2.4956959331624566,0.28,1244.512,116,4962.0,4.542,0.78,0.33,4.37,291.2873731,-66.4677838,3.3277732781810414,8.4,6.094,8.09228,1,0,0,0,0,1,0,0,0,0,0,0
1.0,1.0,7,4.1640260854229085,0.2851789422336624,2.8905597641837586,0.03,1670.7920000000001,190,6027.0,1.07,1.62,0.15,4.59,209.3199062,-56.0404085,3.7532429599372206,7.54,6.124,7.39023,1,0,0,0,0,0,0,0,0,0,0,0
1.0,2.0,7,9.016998311898762,2.1972245773362196,2.3513359315933315,0.76,784.8,97,5442.0,0.94,1.0,0.34,4.39,144.2994103,-43.272721,3.735264346983796,8.23,6.444,8.0265,1,0,0,0,0,0,0,0,0,0,0,0
1.0,1.0,8,1.4530717803037094,0.0431552703139276,2.5900171341906173,0.0,1146.0,71,5600.0,0.95,0.99,0.15,4.4,73.3553101,-32.8003484,6.668844322899332,14.669,12.907,14.4299,0,0,0,0,0,0,0,0,0,0,0,0
1.0,1.0,8,1.3383257443879277,0.03945145576092738,2.70805020110221,0.471,1437.0,190,5700.0,1.1,1.1,0.39,4.4,346.0750861,-21.2720168,6.614881084094066,14.386,12.699,14.2166,0,0,0,0,0,0,0,0,0,0,0,0
1.0,1.0,3,6.52172637929524,1.6620303625532709,2.4503304013914105,0.22399999999999998,1011.7119999999999,190,5290.8,1.284,1.14,0.06760000000000001,4.448,264.469458,-27.9847,8.125926802707886,16.8172,14.586911999999993,10.484964,1,1,0,1,1,1,0,1,1,0,0,0
1.0,1.0,8,1.4312180123337634,0.040812714477195665,1.431745624023808,0.132,1317.0,41,5626.0,1.03,0.95,0.08,4.45,53.1594266,-76.938055405,5.174724989295406,11.316,9.637,11.1061,0,0,0,0,0,0,0,0,0,0,0,0
1.0,1.0,7,2.3503949291799366,1.440649662512653,1.1378330018213911,0.05,751.0,104,5212.0,0.73,0.85,-0.23,4.64,168.6376584,25.7105962,3.116258210681069,7.76,5.734,7.5136,0,0,1,0,0,0,0,0,0,0,0,0
1.0,1.0,8,1.6474365329824765,0.056663847117541744,2.7668221273454443,0.38,1710.0,190,6424.0,1.71,1.5,0.41392000000000007,4.14,103.5173558,-27.0504156,6.604848564251587,12.678,11.498,12.5892,0,0,0,0,0,0,0,0,0,0,0,0
2.0,1.0,7,3.2356149408724773,0.13278111123381847,2.0953741518673517,0.109,1167.8,140,4014.0,0.58,0.64,-0.03,4.68,138.5916722,52.6835211,1.99232470458403,7.7,4.136,7.04775,1,0,0,0,0,0,0,0,0,0,0,0
2.0,1.0,7,5.7049817552316835,0.7352483565785808,2.4167364736373607,0.05,1357.6,110,4658.0,13.2,1.9,0.15,2.49,112.9518629,17.0857195,4.502828442582176,5.44299,2.922,5.13228,1,0,0,0,0,0,0,0,0,0,0,0
1.0,4.0,7,5.313156716744676,0.524136637825663,2.183090973119291,0.048,933.0,92,5600.0,1.318,1.07,0.35,4.28,236.7235392,46.986288,3.6380307977023736,7.20856,5.499,7.00926,1,0,0,0,0,1,0,0,0,0,0,0
1.0,1.0,7,3.288401887516811,0.16551443847757338,2.794411659112201,0.15,1634.592,190,5990.0,1.392,1.08,0.12000000000000002,4.41,203.1066418,-47.2719049,3.657855654287272,7.17,5.737,7.0216,1,0,0,0,0,1,0,1,0,0,0,0
1.0,2.0,8,2.533696813957432,0.29077115283636545,1.1619000279040284,0.0725,795.6,190,5187.9,0.83,0.86,0.2064,4.556,293.6413146,44.6570692,6.46946734750647,15.017,12.897,14.7738,0,0,1,0,0,0,0,1,1,0,0,0
1.0,6.0,7,1.9109770310151974,0.06214816651493333,2.5565681623094196,0.073,1484.2,190,5911.0,1.11,1.06,0.08,4.39,24.4731133,-60.5114881,3.6878964711444406,7.33,5.868,7.17261,1,0,0,0,0,0,0,0,0,0,0,0
1.0,3.0,8,0.5771982588079475,0.015578029963318415,0.598121822621983,0.06,1365.0,150,3522.0,0.46,0.46,-0.01,4.78,146.121464,-45.7790165,2.343019492409022,10.153,5.78,9.15159,0,0,0,0,0,0,0,0,0,0,0,0
1.0,2.0,7,9.85332303799997,2.9041650800285006,2.644700263044444,0.558,1556.2,190,5486.346,0.9100000000000001,0.96,-0.066,3.864,192.2159553,-68.4246679,3.399766358236373,7.59,5.898,7.40535,1,0,0,0,1,1,0,1,1,0,0,0
2.0,2.0,8,1.5994259596823421,1.0138837944185384,2.9290581402859983,0.0,1160.8,190,6170.0,1.48,1.67,0.26,4.27,313.7832393,-34.1357512,5.35758106272513,10.051,8.874,10.0285,0,0,1,0,0,0,0,0,0,0,0,0
1.0,2.0,7,7.816849082987701,1.8028642489601607,2.5031990756125198,0.202,1111.8,190,5183.6,1.9120000000000001,2.6,0.1036,3.8939999999999997,320.561782,-16.8345229,4.139121923953687,4.28,2.206,4.05534,1,0,0,0,1,1,0,1,1,0,0,0
1.0,1.0,8,1.255023383260474,0.03713199483760627,2.586635579211777,0.0,1681.0,43,6007.0,1.27,1.15,-0.041,4.29,354.337670099,36.2129562,6.6020463615989655,12.929,11.219,12.8203,0,0,0,0,0,0,0,0,0,0,0,0
1.0,1.0,3,5.046397446196069,1.2809338454620642,2.4503304013914105,0.22399999999999998,1011.7119999999999,190,5536.4,1.284,0.79,0.0416,4.377999999999999,269.5957917,-27.5669389,8.434028950155469,17.02,15.01963999999999,10.863846,1,1,0,1,1,1,0,1,1,0,0,0
1.0,2.0,7,8.146129510025405,1.7047480922384253,2.7440526521839983,0.2,1173.8,68,5783.0,1.33,1.04,0.07,4.12,130.0744755,-71.8768726,3.97151380824409,7.78,6.23,7.60959,1,0,0,0,0,0,0,0,0,0,0,0
1.0,1.0,2,1.4269900071907915,5.351858133476067,2.8872398588472405,0.014000000000000002,2052.7840000000006,166,5745.4,1.9439999999999997,0.35,0.086,4.056,166.6193985,-76.938055405,5.254229628621283,12.122200000000001,10.703,15.989448,1,1,0,1,1,1,0,1,1,0,0,0
1.0,1.0,8,3.2003320672629676,0.13714983814723364,1.1951338556587316,0.0,521.0,190,5224.0,0.75,0.77,-0.294,4.56,297.398678,76.1391776,4.463645791406073,10.675,8.674,10.4596,0,0,0,0,0,0,0,0,0,0,0,0
1.0,1.0,3,3.8357141874787266,0.7246458476193163,2.701887223850495,0.22399999999999998,1188.9119999999998,190,5536.4,1.284,0.2,-0.09840000000000002,4.5120000000000005,269.9834167,-28.99775,6.651571873589727,16.676,15.01963999999999,10.822476,1,1,0,1,1,1,0,1,1,0,0,0
1.0,1.0,2,4.858351967474117,4.02535169073515,2.665137248172408,0.047599999999999996,1250.0,185,5768.8,1.7740000000000002,0.09,0.07999999999999999,4.1979999999999995,181.8890906,-39.5484399,4.179114540263918,9.522400000000001,11.945,15.989448,1,1,0,1,1,1,0,1,1,0,0,0
1.0,1.0,7,6.685261516509424,0.8641549774536265,2.6145410966595493,0.5,1111.1920000000002,190,5186.0,0.9719999999999999,0.76,0.015999999999999993,4.41,147.5105663,-49.7905254,3.5416112853773694,8.54,6.491,8.29462,1,0,0,0,0,1,0,1,0,0,0,0
1.0,3.0,5,4.212748146039382,0.3074846997479606,1.4255540353194465,0.0186,630.8,190,4988.2,8.527899999999999,1.4,0.09040000000000001,3.9205000000000005,195.0149029,12.6823534,6.398594934535208,8.87673,5.982600000000001,8.28117,1,0,0,0,1,1,0,1,1,0,0,0
1.0,3.0,9,3.392190272502181,0.41518134740994367,1.3516507303832814,0.21,748.0,190,5544.0,0.86,0.94,-0.08,4.51,290.4209694,37.8516556,5.3916346527675465,12.035,10.318,11.8763,1,0,1,0,0,0,0,0,0,0,0,0
1.0,6.0,8,2.9843105937977095,0.060050339300734,0.598121822621983,0.141982,992.512,190,2953.0,0.1505,0.09,-0.24596,5.201500000000001,346.6263919,-5.0434618,3.896194494567999,17.02,10.296,15.6451,0,0,0,1,0,0,0,1,0,1,0,0
1.0,1.0,7,5.61349300330874,0.6830968447064438,2.7067780328223545,0.139,1345.0,77,4770.0,10.86,1.69,-0.06,2.59,5.016937917,-8.8242618,4.723326485306259,5.986,3.748,5.70895,1,0,0,0,0,0,0,0,0,0,0,0
1.0,1.0,7,1.806764659491214,0.04974209189481407,2.1912005375597543,0.1772,573.0,190,4385.0,0.67,0.68,-0.08,4.69,53.7565398,-48.4178173,2.680720113430254,8.57,5.338,8.01945,1,0,0,1,0,0,0,0,0,0,0,0
1.0,4.0,8,4.876677143756945,0.4114471797857118,2.3702437414678603,0.008,381.0,190,6018.0,0.94,1.04,-0.06399999999999999,4.51,296.4797624,49.9376486,6.665468407980713,14.885,13.197,14.6777,0,0,0,0,0,0,0,1,0,0,0,0
1.0,2.0,8,4.354141431184346,0.3140805463063118,2.5021733846867185,0.448,1118.0,190,5951.0,1.06,1.13,0.2,4.44,57.6572277,-15.0262251,5.658031686899193,11.938,10.345,11.6965,0,0,0,0,0,0,0,0,0,0,0,0
1.0,3.0,8,3.88001393773653,0.25912826503371983,1.282876401921402,0.3129202,546.0,190,6169.0,1.12,1.1,-0.08,4.47,54.819538,-42.7630276,4.155427118386282,8.270001,6.981,8.1281,0,0,0,1,0,0,0,0,0,0,0,0
1.0,1.0,3,6.7454280918652945,1.420695787837223,2.6780387662724796,0.154,1069.9119999999998,90,5536.4,1.33,0.8,-0.0064,4.46,269.8211667,-31.9976389,8.623533227187563,17.02,15.01963999999999,10.822476,1,1,0,1,1,1,0,1,1,0,0,0
1.0,1.0,8,2.2618433035906076,0.07232066157962612,2.4647889728688996,0.07,1188.0,190,5673.0,1.41,1.12,0.41392000000000007,4.19,276.8100527,20.5268868,5.295678888824993,10.887,9.071,10.6718,0,0,0,0,0,0,0,0,0,0,0,0
1.0,1.0,8,1.4748586795881407,0.04363403702006131,2.8122900890913334,0.0,1783.0,190,5700.0,1.77,1.07,0.0,4.05,206.0265266,-32.5229747,6.849195648602541,13.523,11.859,13.3475,0,0,0,0,0,0,0,0,0,0,0,0
2.0,1.0,7,3.944665398028997,0.21026092548319608,2.1741846563643272,0.304,1306.8,190,6106.6,1.4520000000000002,0.67,-0.05800000000000001,4.1899999999999995,64.2597881,-40.7985198,3.7201528050938713,10.48,7.381,9.88841,1,0,0,0,1,1,0,1,1,0,0,0
3.0,1.0,7,8.044947049617722,1.691939133945844,1.5772553690714288,0.4,929.8,43,6212.0,1.298,1.19,0.01,4.2,265.4925754,72.1557114,3.1662679826305724,5.808,4.527,5.64766,1,0,0,0,0,1,0,0,0,0,0,0
1.0,2.0,8,2.35635047924303,0.08681969195256017,1.235471471385307,0.093,1153.0,26,6327.0,1.3,1.09,-0.311,4.25,183.4724742,-0.3934357,4.703684318558852,8.951,7.853,8.88841,0,0,0,0,0,0,0,0,0,0,0,0
1.0,1.0,3,5.096486509487754,1.0296194171811583,2.4503304013914105,0.22399999999999998,1011.7119999999999,190,5536.4,1.284,0.33,-0.09840000000000002,4.512,268.409485,-28.8952713,8.839421607620602,16.676,15.01963999999999,10.863846,1,1,0,1,1,1,0,1,1,0,0,0
1.0,2.0,7,8.738895704934043,1.9315214116032138,1.4994657823145396,0.43,661.6,129,4903.0,0.9880000000000001,0.69,0.12799999999999997,4.344,33.3024198,-21.1962147,3.2081141249441534,9.84,6.504,9.25962,1,0,0,0,1,1,0,1,1,0,0,0
1.0,1.0,8,1.1583486729811308,0.9205353309073073,2.6937484163913505,0.0,1435.2,190,5830.0,1.23,1.46,0.14,4.36,337.4578243,-48.0030988,4.931187964705446,10.092,8.564,9.93697,0,0,1,0,0,0,0,0,0,0,0,0
1.0,1.0,7,6.38120669475091,0.9707789171582247,2.2677570212585323,0.02,866.6,190,4892.63,1.7120000000000002,0.9700000000000001,0.103,3.9099999999999993,116.328824,28.026127,4.451774029637194,3.8593936,1.5122200000000001,9.353336000000002,1,0,0,0,0,1,1,0,1,1,0,0
1.0,1.0,7,1.1136650912944024,0.03343477608623739,2.4080515722543927,0.22,1162.8,43,6034.0,1.068,1.22,0.007999999999999998,4.296,56.2563447,-70.0245193,4.023571535770515,7.57,6.172,7.42496,1,0,0,0,0,1,0,1,1,0,0,0
1.0,1.0,8,2.2281265978758653,0.07622002591140908,1.235471471385307,0.5,1026.0,190,5672.0,1.12,0.96,0.0,4.408,173.1919022,2.2446794,5.791124630265884,12.38,10.605,12.0884,0,0,0,0,0,0,0,0,1,0,0,0
1.0,1.0,3,5.2590133683401294,1.6213664832993742,2.4503304013914105,0.154,1011.7119999999999,190,5544.0,1.3299999999999998,0.7,-0.09840000000000002,4.5120000000000005,267.891667,-30.9465556,8.281723990411392,16.4732,14.586911999999993,10.822476,1,1,0,1,1,1,0,1,1,0,0,0
1.0,2.0,7,6.328472354571239,0.8628899551470398,2.409957191038322,0.048,1125.8,190,4806.0,6.85,1.15,-0.2,2.85,154.2777769,19.5584068,6.512354356631564,10.193,7.728,9.91329,1,0,0,0,0,0,0,0,0,0,0,0
1.0,1.0,8,1.0370911838808707,0.03148897708994277,2.8570447537800976,0.306,2037.0,190,6300.0,1.43,1.32,0.21,4.24,296.688442,-63.5656488,6.245243990297294,12.609,11.118,12.4605,0,0,0,0,0,0,0,0,0,0,0,0
1.0,4.0,8,2.466303937306015,0.08470872792695418,1.3635373739972745,0.03,800.0,89,5372.0,0.84,0.81,-0.4,4.5,148.1851516,6.216103,4.463595100862613,10.252,8.394,10.0128,0,0,0,0,0,0,0,0,0,0,0,0
1.0,5.0,8,3.204939159129328,0.24275642914910228,1.8870696490323797,0.020940000000000004,834.0,190,5679.4,0.96,1.06,0.172,4.49,287.8971066,40.6378141,7.495403045349413,15.297,13.512,15.0243,0,0,1,1,1,0,0,1,0,0,0,0
1.0,2.0,7,2.013542094902923,0.06105746930091539,1.974759817819247,0.066,1191.224,112,4931.0,0.78,0.79,0.03,4.44,285.7739138,-11.044941,3.3598300996107846,8.42,6.22,8.14249,1,0,0,0,0,0,0,0,0,0,0,0
1.0,4.0,8,2.3056305508759283,0.05007384904514509,1.536867219599265,0.001,1222.0,190,4805.0199999999995,1.16,1.06,0.04379999999999999,4.404000000000001,331.203092,-12.019067,5.5826688989033615,11.936,10.192,11.7889,0,0,1,0,1,0,0,1,1,0,0,0
1.0,4.0,7,3.7556732427229433,0.20636355127419254,1.5399127627090414,0.086,825.2,190,5393.43,1.0,0.92,0.197,4.4,270.6304652,26.3104077,3.1355637787269934,7.01227,5.113,6.78614,1,0,0,0,0,0,0,0,0,0,0,0
1.0,1.0,8,1.7128213790177256,0.03546366427556904,2.005525858729668,0.06,441.0,190,3180.0,0.3,0.3,0.04,4.97,181.5718341,12.5070258,3.787475139818875,15.744,10.24,14.2747,0,0,0,0,0,0,0,0,0,0,0,0
2.0,1.0,8,1.4713797178560515,0.6701348507155716,2.745474429748209,0.07,1571.3920000000003,190,6373.0,1.38,1.37,-0.16,4.27,108.8251171,14.2626064,6.031511841625666,11.762,10.543,11.6396,0,0,1,0,0,0,0,0,0,0,0,0
1.0,3.0,7,3.565835730270357,1.0756505407121442,2.204423617696888,0.14,663.2,150,3522.0,0.46,0.46,-0.01,4.78,146.121464,-45.7790165,2.343019492409022,10.153,5.78,9.15159,1,0,1,0,0,0,0,0,0,0,0,0
1.0,1.0,3,6.462185429987281,1.0116009116784799,2.4503304013914105,0.31815999999999994,1011.7119999999999,190,5528.0,1.284,0.38,0.0416,4.378,266.62325,-24.2722694,8.764209507142004,17.02,15.01963999999999,9.770026,1,1,0,1,1,1,0,1,1,0,0,0
1.0,1.0,2,6.647821090783895,5.494706180553427,2.922261040863932,0.56,2312.592,8,7826.0000000000055,5.6,2.6,0.11599999999999996,3.8,253.0838724,-38.0176339,6.561336325402675,3.8593936,4.292,3.80122,1,1,0,0,0,0,0,1,0,1,0,0
1.0,1.0,3,6.52172637929524,1.0116009116784799,2.4503304013914105,0.22399999999999998,1011.7119999999999,190,5536.4,1.284,0.38,0.0416,4.378,265.6202083,-27.6391389,8.776630098427717,16.8172,14.586911999999993,10.863846,1,1,0,1,1,1,0,1,1,0,0,0
1.0,1.0,7,6.2711207482458775,0.773343722554222,2.2584732057440364,0.8191,1083.6,100,5027.0,1.668,0.75,-0.37,4.6,55.2065581,31.8258855,3.5146272523259383,8.78,6.607,8.52445,1,0,0,0,0,1,0,0,0,0,0,0
1.0,1.0,8,1.1709878324626097,0.03208957770859748,0.9512717007694006,0.0,1089.2,190,5520.0,0.9,0.93,0.08,4.5,76.44594,21.548199,4.511476898308892,10.014,8.353,9.86639,0,0,0,0,0,0,0,0,0,0,0,0
1.0,1.0,8,1.2091279138862177,0.0332993704009261,2.650350464302834,0.0,1544.0,190,5691.0,1.07,0.94,0.013,4.35,143.9265177,-60.3574758,4.676018629015327,12.6334,10.666,12.4443,0,0,0,0,0,0,0,0,0,1,0,0
1.0,1.0,8,2.2191813098961064,2.52975982035782,1.1939224684724346,0.14,1174.6,190,4970.0,0.76,0.8,0.29,4.47,55.228521,12.572448,4.960961739852683,12.224,9.799,11.9202,0,0,1,0,0,0,0,0,0,0,0,0
1.0,1.0,8,2.6463166312968487,0.08434114843375087,1.297463147413275,0.20438199999999998,447.0,136,3746.0,0.55,0.55,-0.25395999999999996,4.69,349.2211822,-5.2015032,4.798357496092352,14.794,10.734,13.9468,0,0,0,1,0,0,0,1,0,0,0,0
1.0,4.0,7,3.4531159805061185,0.13399753396376543,2.2037688520221015,0.06,738.6,156,3466.0,0.4,0.42,0.02,4.798,67.1484425,-25.1713396,3.0535435298015092,11.945,7.486,10.9788,1,0,0,0,0,0,0,0,1,0,0,0
1.0,1.0,3,5.096486509487754,0.6729444732424258,2.701887223850495,0.22400000000000003,1188.9119999999998,190,5536.4,1.284,0.21,-0.09840000000000002,4.5120000000000005,270.0632917,-28.9652806,8.036249942132116,16.676,15.01963999999999,10.822476,1,1,0,1,1,1,0,1,1,0,0,0
3.0,6.0,8,3.459249002029913,0.16424244339404875,1.0784095813505903,0.16812,533.0,98,5266.0,0.79,0.8,-0.2,4.54,189.8392243,20.0273377,3.50129909402079,8.419,6.492,8.17208,0,0,0,1,0,0,0,0,0,0,0,0
1.0,2.0,8,1.9029847534610247,0.04639682622920777,0.9294043710195381,0.038,557.0,140,3803.0,0.44,0.44,-0.43,5.2,99.2915429,17.5662696,2.3983951478400214,9.63,5.862,8.876041,0,0,0,0,0,0,0,0,0,0,0,0
1.0,1.0,2,5.9445860391072545,5.771441123130016,1.413099140588223,0.421,2300.0,128,4200.0,10.772,0.9,-0.017959999999999997,3.062,245.4776921,-20.7193398,4.695924549256556,12.416,9.152,11.8633,1,1,0,1,0,1,0,1,1,0,0,0
1.0,3.0,7,2.710048203764883,0.09803374027136541,2.477810180127105,0.154,928.8,97,5205.0,1.116,0.67,-0.5798,4.53,86.129071,-70.1382377,3.311021001329369,8.09,6.094,7.85201,1,0,0,0,0,1,0,0,0,0,0,0
1.0,2.0,7,7.153833801578843,1.0464712599635355,1.9314004375034135,0.411,719.112,190,4207.0,18.025799999999997,1.72,-0.15799999999999997,2.912,172.1261621,43.9662025,4.994505912166372,7.65,5.335,7.37747,1,0,1,0,1,1,0,1,1,0,0,0
1.0,2.0,7,3.605660875363003,0.2040015057858433,2.152034079502851,0.237,719.0,190,6146.0,1.26,1.2,0.14,4.3,337.5102738,-75.6465606,4.8737000195952636,9.511,8.246,9.39972,1,0,0,0,0,0,0,0,0,0,0,0
1.0,3.0,7,3.3531343031019074,0.15879701174699754,1.3650707246682638,0.0,677.0,190,5664.0,1.06,0.87,-0.24,4.39,230.4401147,-48.3188174,2.7525135578087303,5.65,4.159,5.48495,0,0,0,0,0,0,0,0,0,0,0,0
1.0,5.0,7,3.0648851322423076,0.12407431510192668,2.477810180127105,0.07,877.8,112,4956.0,1.116,0.77,-0.31,4.47,88.5172191,-60.0237289,2.634496946858927,7.17,4.793,6.84367,1,0,0,0,0,1,0,0,0,0,0,0
1.0,1.0,8,2.528551057550124,0.10408970852438094,2.5257286443082556,0.251,1228.0,190,5521.0,2.34,1.32,0.29,3.82,5.016937917,-66.3589285,4.38912885409954,7.79,5.988,7.59336,0,0,0,0,0,0,0,0,0,0,0,0
1.0,1.0,2,5.9445860391072545,5.846438775057725,1.726931943247455,0.31279999999999997,2240.0,164,3410.0,0.636,0.33,-0.072,4.32,239.1037198,-25.6890476,4.95325332585812,15.36,10.441,14.3099,1,1,0,1,0,1,0,1,1,0,0,0
1.0,4.0,7,3.9201895680945396,0.21752781252857406,1.767104457652191,0.23,529.6,190,5685.8,1.202,0.78,0.238,4.078,26.0093029,-15.9337987,1.703444862165027,3.8593936,1.794,3.80122,1,0,0,0,1,1,0,1,1,0,0,0
1.0,1.0,8,0.5771982588079475,1.6788756836388565,0.7318870088758759,0.0,777.712,190,3421.0,0.37,0.35,-0.14,4.85,331.5031606,39.2988284,3.059490803077177,12.747,8.071,11.6345,0,0,1,0,0,0,0,0,0,0,0,0
2.0,1.0,7,4.337591349240026,0.3074846997479606,2.066204069925948,0.25,979.6,190,5757.0,1.48,1.11,0.13,4.14,38.8323674,-3.5624887,3.6580619350206094,6.834,5.266,6.65773,1,0,0,0,0,0,0,0,0,0,0,0
1.0,2.0,3,6.687787639525121,0.6575200029167942,2.4503304013914105,0.154,1294.9119999999998,136,5544.0,1.33,0.14,-0.12840000000000001,4.418000000000001,266.489125,-33.8428111,8.892855620084674,16.817199999999996,14.586911999999993,11.087644000000001,1,1,0,1,1,1,0,1,1,0,0,0
2.0,2.0,7,1.259088633509449,0.037295784743696894,1.1114404350754938,0.399,1064.8,190,4719.8,0.736,1.14,-0.06399999999999999,4.511999999999999,345.7838088,-0.4303594,4.033969805020236,7.78,6.352,7.63573,1,0,0,0,1,1,0,1,1,0,0,0
1.0,1.0,7,7.560080465021827,1.4516138272405332,2.8048391411149907,0.31,1493.0,37,6072.0,2.22,1.28,-0.19,3.79,179.4382907,-8.5486195,4.034617558259528,6.59451,5.187,6.436,1,0,0,0,0,0,0,0,0,0,0,0
1.0,2.0,7,2.1701959049483,0.061095099359810875,2.416318157628676,0.2,1108.2,126,4021.0,0.9780000000000001,0.57,0.006640000000000002,4.098000000000001,166.8643532,-19.2916857,2.9814710642017217,10.38,6.62,9.64076,1,0,0,0,0,1,0,1,1,0,0,0
1.0,1.0,8,2.063296915731324,1.7815469123073087,2.6937484163913505,0.03,2129.3920000000003,190,6180.0,1.52,1.76,-0.02,4.25,243.9597194,10.0324103,4.921731217990249,9.391,7.998,9.20974,0,0,1,0,0,0,0,0,0,0,0,0
1.0,1.0,8,0.8837775401185954,0.023052243530152908,2.625537779527746,0.0,1418.0,190,5013.0,0.8,0.84,0.171,4.55,303.3818697,65.1623313,5.229047671034564,12.692,10.409,12.4764,0,0,0,0,0,0,0,0,0,0,0,0
1.0,2.0,8,1.5720952745928143,0.0413338634929772,0.9947321581807177,0.053,871.0,91,4552.0,0.67,0.68,-0.284,4.74,225.0798831,-24.4542022,3.3499882942554136,9.92,6.804,9.40475,0,0,0,0,0,0,0,0,0,0,0,0
1.0,1.0,3,5.096486509487754,0.7419373447293773,2.4503304013914105,0.22400000000000003,1011.7119999999999,190,5536.4,1.284,0.28,-0.09840000000000002,4.5120000000000005,269.3385833,-28.6746389,8.881975184248867,16.676,15.01963999999999,10.822476,1,1,0,1,1,1,0,1,1,0,0,0
1.0,3.0,8,1.2203548823254782,0.028684633859908954,0.8712933659434192,0.14,831.0,140,3985.0,0.55,0.58,-0.26,4.7,282.7372281,64.419466,4.61071578071369,13.86,10.27,13.1798,0,0,0,0,0,0,0,0,0,0,0,0
3.0,1.0,8,1.3286546550068068,0.04046993255371322,2.7374795451262135,0.036,1626.0,32,6158.0,1.24,1.22,0.17,4.34,9.5730343,42.4630961,5.427752254944868,10.911,9.553001,10.7568,0,0,0,0,0,0,0,0,0,0,0,0
1.0,1.0,7,2.8038632847322353,0.11671579969596077,2.6761388450962946,0.16,1643.0,190,5885.38,1.39,1.05,0.025,4.17,236.6099205,7.3527684,2.550600752983363,4.4154,2.989,4.27965,1,0,0,0,0,0,0,0,0,0,0,0
2.0,1.0,8,0.9087114817859603,0.034034209542904044,3.0999120924636547,0.0,2580.960000000001,12,7826.0000000000055,2.36,2.52,-0.03,4.09,307.8598998,39.9389161,5.325227031854895,7.55,7.482,7.57675,0,0,0,0,0,0,0,0,0,0,0,0
1.0,2.0,8,2.511994764853613,0.4159691924392678,0.6248683398066509,0.043,655.4,190,5818.0,1.38,1.12,0.23,4.2,288.3953074,39.8725067,5.6641368712498394,11.23,9.792,11.1438,0,0,1,0,0,0,0,0,0,0,0,0
1.0,1.0,7,4.026904056620066,0.23269776411902143,1.5871923034867808,0.197,385.0,99,5212.0,0.87,0.83,0.04,4.54,164.8563364,-56.6235564,3.637430884513919,8.62,6.591,8.38213,0,0,0,0,0,0,0,0,0,0,0,0
1.0,3.0,5,4.597252927042943,0.3784364357202451,1.4255540353194465,0.070292,630.8,190,4988.2,8.527899999999999,1.4,0.09040000000000001,3.9204999999999997,195.0149029,12.6823534,6.398594934535208,8.87673,5.982600000000001,8.28117,1,0,0,1,1,1,0,1,1,0,0,0
1.0,1.0,8,1.4079644103644975,0.03543470912227361,2.6431916287537134,0.045,828.0,190,4071.0,0.64,0.66,0.253,4.64,149.8236672,-27.3928174,6.0803358600106145,16.195,12.934,15.7364,0,0,0,0,0,0,0,0,0,0,0,0
1.0,1.0,7,2.367782771839434,0.07696104113612832,2.1136153092227947,0.0,1913.3920000000003,190,4691.0,0.74,0.29,0.08,4.17,215.3434326,-40.3942443,3.3741310373317805,9.03,6.447,8.6555,1,0,0,0,0,0,0,0,0,0,0,0
2.0,1.0,8,1.8333651565808458,0.058268908123975775,1.2319770007355333,0.0,1075.0,190,5934.0,1.01,1.03,-0.05,4.44,15.5981441,37.1854394,4.228588409323982,8.844,7.392,8.69933,0,0,0,0,0,0,0,0,0,0,0,0
1.0,4.0,8,1.7751984223285344,0.058872499510944365,0.9543569326806114,0.08,1378.0,190,5854.0,1.45,1.24,0.321,4.497999999999999,297.028162,48.2086019,6.267194855925539,12.543,11.06,12.4627,0,0,0,0,0,0,0,0,1,0,0,0
1.0,1.0,8,1.923173768223857,0.06616220225366876,2.7738379416402132,0.055,1572.0,190,4736.8,2.37,1.16,0.10800000000000001,4.078,14.8268138,-19.7711643,6.078041246305574,11.574,9.8,11.2863,0,0,0,0,1,0,0,1,1,0,0,0
1.0,1.0,8,0.5771982588079475,0.015578029963318415,0.9034081060431414,0.0,1062.0,159,3575.0,0.46,0.45,0.3,4.744,68.5939529,43.0370395,3.6536485709927318,13.378,8.758,12.2956,0,0,0,0,0,0,0,0,1,0,0,0
2.0,1.0,7,2.037733738280046,0.0641009254065236,2.34819256267543,0.14,854.0,97,5138.0,0.91,0.87,0.18,4.3,91.624382,-72.5126648,3.833628938000134,10.1096,8.541999999999998,10.0533,1,0,0,0,0,0,0,0,0,0,0,0
1.0,1.0,7,4.8084375072975085,0.2707902047815628,2.4778101801271055,0.23,746.6,190,3550.0,0.29,0.28,-0.5798,4.798,77.9586613,-45.0430198,1.703444862165027,8.86,5.049,8.06198,1,0,0,0,0,0,0,0,1,0,0,0
1.0,2.0,3,6.52172637929524,1.7578579175523736,2.4503304013914105,0.22400000000000003,1011.7119999999999,190,5536.4,1.284,1.06,-0.09840000000000002,4.5120000000000005,263.577917,-27.14275,8.299037181613066,17.02,14.586911999999993,11.087644000000001,1,1,0,1,1,1,0,1,1,0,0,0
1.0,1.0,8,0.8184300222321268,0.024595046855380207,2.0992441689760155,0.09,2155.0,190,6177.0,1.31,1.29,0.35,4.37,173.2790517,-56.5033871,6.186659139686966,12.383,11.005,12.2766,0,0,0,0,0,0,0,0,0,0,0,0
1.0,1.0,8,2.5044314607190095,0.09875877202326386,2.6472380617054525,0.435,1252.0,32,6295.0,1.28,1.18,0.0,4.29,144.1193594,-50.4630933,4.961529079988304,9.822,8.429,9.66082,0,0,0,0,0,0,0,0,0,0,0,0
1.0,1.0,8,1.2074009873857126,0.033144598592302024,2.586635579211777,0.2076,1422.0,190,5600.0,0.94,0.93,0.22,4.47,135.4163028,-20.7203686,5.725553751125656,12.613,10.724,12.4693,0,0,0,1,0,0,0,0,0,0,0,0
2.0,3.0,7,8.660427359502146,1.9671123567059163,2.3604626066982006,0.61,2007.592,51,5805.0,1.188,0.93,-0.281,4.41,225.8999745,-27.8415947,3.9569829866600825,8.413,6.896,8.25674,1,0,0,0,0,1,0,0,0,0,0,0
1.0,3.0,8,1.4725073319681445,0.03146959686939525,0.7911809208313108,0.034,581.0,135,3506.0,0.38,0.39,-0.2,4.87,68.4160804,-51.9573937,3.1561191819090175,12.603,8.251,11.6306,0,0,0,0,0,0,0,0,0,0,0,0
1.0,1.0,8,3.839932627331243,0.23822918873225063,2.341421116779244,0.485,675.0,190,6241.0,1.61,1.25,-0.095,4.12,144.5553,23.5467464,4.390344445572385,7.87,6.663,7.748,0,0,0,0,0,0,0,0,0,0,0,0
2.0,1.0,8,1.4538870728404862,0.04339468231918905,2.7125069218191515,0.15,1529.0,42,5842.0,1.31,1.08,0.153,4.24,60.1998256,-54.5929177,5.527399251008726,11.183,9.722,11.0695,0,0,0,0,0,0,0,0,0,0,0,0
1.0,3.0,7,2.5319468710015967,0.09203208544649367,0.9798287526781426,0.0,905.0,190,5664.0,1.06,0.87,-0.24,4.39,230.4401147,-48.3188174,2.7525135578087303,5.65,4.159,5.48495,0,0,0,0,0,0,0,0,0,0,0,0
1.0,1.0,8,1.7556052269767288,0.0634910977811979,2.984974616901031,0.0,1930.0,190,7394.0,1.93,1.65,-0.069,4.11,130.5056385,3.7105662,5.835579447377063,9.774,9.28,9.77332,0,0,0,0,0,0,0,0,0,0,0,0
1.0,1.0,8,1.616451261307603,0.04974209189481407,2.390595970316759,0.0,1700.0,43,5945.0,1.01,1.09,0.01,4.46,102.7211432,-5.0864557,7.047456349939451,15.005,13.376,14.9147,0,0,0,0,0,0,0,0,0,0,0,0
1.0,1.0,8,1.759322069296821,0.05534009503316459,2.9048223981941486,0.0,1205.0,190,5764.0,1.07,1.06,0.239,4.4,84.1527191,0.8962788,5.8617629542861875,12.475,10.936,12.3642,0,0,0,0,0,0,0,0,0,0,0,0
1.0,2.0,7,6.142897250868192,0.8586616190375187,1.9518300876964432,0.119,935.0,190,4918.0,5.08,1.54,0.15599999999999997,3.24,164.698748,1.7290087,4.926942042398745,7.92,5.626,7.66056,1,0,0,0,0,0,0,1,0,0,0,0
1.0,2.0,7,9.107062131322675,2.1633230256605382,2.128683575654689,0.14,914.4,190,4813.0,0.75,0.78,0.17,4.58,16.5094891,-22.4536134,3.9627655481798536,10.16,7.669,9.80235,1,0,0,0,0,0,0,0,0,0,0,0
1.0,3.0,7,2.0378239182308104,0.06728474680559636,2.0380892247657423,0.14399,1171.2,64,5544.0,1.07,1.01,0.24,4.3740000000000006,47.809275,21.0971302,3.941193382727926,8.520001,6.828,8.33307,1,0,0,0,0,0,0,0,1,0,0,0
2.0,1.0,7,6.877089864671252,1.0522192490983993,1.5363591254073863,0.226,691.4,190,5271.0,0.93,0.92,0.36,4.5,170.4549045,18.1896082,3.5099292080603037,7.93,6.028,7.75446,1,0,0,0,0,0,0,0,1,0,0,0
1.0,1.0,7,2.002020394711251,0.06765864847381481,2.727139126577456,0.11,1537.512,190,5570.0,1.09,1.07,-0.08,4.39,275.4573269,-11.9229757,3.7511051464737935,7.95,6.253,7.77169,1,0,0,0,0,0,0,0,0,0,0,0
1.0,1.0,8,2.127901294126469,0.054393483830331636,0.9242589015233319,0.32312019999999997,458.0,158,3433.0,0.43,0.43,-0.39,4.66,10.5697537,-36.7179743,3.136958360936841,12.861,7.97,11.553,0,0,0,1,0,0,0,0,0,0,0,0
1.0,1.0,8,1.2824458989550165,0.03962447778321747,2.9474869609259966,0.3248,1818.0,190,5872.0,1.67,1.3,0.208,4.11,315.9054895,11.9893675,6.605999974856629,13.121,11.528,12.9952,0,0,0,1,0,0,0,0,0,0,0,0
1.0,2.0,8,1.8487382373030397,0.05496155807397434,1.0367368849500223,0.1,1309.0,190,5775.0,1.25,0.84,-0.46,4.326,59.8903081,21.2985263,5.3052631883809065,11.13,9.377,10.9294,0,0,0,0,0,0,0,0,1,0,0,0
1.0,2.0,7,5.080783053998338,0.4762341789963716,2.5224051143645303,0.0,994.0,190,5718.0,1.56,1.16,0.283,4.12,223.0926408,70.4765573,5.81008654502624,11.314,9.964,11.3998,1,0,0,0,0,0,0,0,0,0,0,0
1.0,1.0,8,2.1439182640329015,0.0729716124558227,2.545295949800784,0.0,1257.0,40,5690.0,1.59,1.02,-0.03,4.04,176.2499418,-35.640563,6.103546920376398,12.382,10.588,12.1279,0,0,0,0,0,0,0,0,0,0,0,0
1.0,1.0,7,9.85332303799997,2.830090827011235,2.0258342580058866,0.219,675.6,190,5231.6,2.5180000000000002,0.81,0.0776,4.134,148.9256674,-18.1069385,3.722461704818488,9.36,7.086,9.06059,1,0,0,0,1,1,0,1,1,0,0,0
1.0,1.0,8,1.4455802283806822,0.04507852263744115,2.6487954738848956,0.0,1633.0,190,5859.0,1.54,1.24,0.273,4.16,121.8632568,29.3886446,6.326401677484871,12.542,11.077,12.413,0,0,0,0,0,0,0,0,0,0,0,0
1.0,1.0,8,1.1552446382345833,0.027615167032973367,1.0116009116784799,0.0,1103.0,126,4503.0,0.72,0.7,0.0,4.57,11.4802354,6.3470302,4.757556453011298,12.403,9.721,12.0576,0,0,0,0,0,0,0,0,0,0,0,0
1.0,2.0,7,6.045005314036012,0.7275486072772778,2.08982320962836,0.294,241.0,190,5545.0,0.87,0.93,0.06,4.53,190.6188034,-30.6398176,5.102126068035178,11.632,9.677,11.2823,1,0,0,0,0,0,0,0,0,0,0,0
2.0,1.0,8,1.3235142929971828,1.6267570353429672,2.6784840655004434,0.0,1294.6,190,6034.0,1.22,0.86,0.16,4.44,5.016937917,-15.2674044,5.5363849977073185,11.297,9.69,10.9935,0,0,1,0,0,0,0,0,0,0,0,0
1.0,1.0,8,2.197443220098815,0.08194858264716741,2.4975760528886632,0.174,1259.0,190,6101.0,1.56,1.3,0.181,4.16,307.5966925,-44.8876181,5.925177832102922,11.316,10.133,11.3545,0,0,0,0,0,0,0,0,0,0,0,0
1.0,2.0,7,2.3999341020636633,0.08709470685093376,1.8419934031423455,0.455,659.6,190,4839.6,4.286099999999999,1.01,-0.09999999999999999,3.9199999999999995,182.4021288,11.2115695,4.263858055955322,8.63,7.014,8.46692,1,0,0,0,1,1,0,1,1,0,0,0
1.0,2.0,7,9.85332303799997,2.9364068074691763,1.7582769022863367,0.051,990.0,190,5686.8,2.096,1.08,0.000599999999999995,4.074,60.9074988,-51.9315058,3.915339499775961,8.2,6.71,8.02788,1,0,0,0,1,1,0,1,1,0,0,0
1.0,3.0,7,1.7760263502390554,0.02557027611153001,2.4476821565354276,0.03,277.0,190,3034.0,0.1505,0.1,-0.11,5.19,43.2691449,16.8649024,1.703444862165027,15.13,7.585,12.2746,1,0,0,0,0,0,0,0,0,0,0,0
1.0,1.0,7,6.825308016014605,1.1079023355752025,2.3203738764185404,0.042,1044.0,95,4941.0,4.94,1.32,-0.17,3.16,97.6960311,58.1611753,4.019259959473781,5.87307,3.701,5.60686,1,0,0,0,0,0,0,0,0,0,0,0
1.0,1.0,7,6.19644412779452,0.832909122935104,2.3011470433632955,0.2,1042.4,139,3940.0,38.4,1.14,-0.16,1.6624999999999999,84.9319998,75.0439884,5.348577877798637,6.18839,2.288,5.48147,1,0,0,0,0,0,0,0,0,0,0,0
1.0,1.0,8,1.5585866256099705,1.1517002564762973,2.821676461177069,0.0,1395.3920000000003,190,6300.0,1.48,1.18,-0.17,4.35,208.9280111,-32.1597118,5.645768400725901,10.972,9.693,10.797,0,0,1,0,0,0,0,0,0,0,0,0
2.0,2.0,7,2.7284996779696193,0.10885440491208209,2.292337520584534,0.256,931.4,190,5077.0,1.058,0.98,0.0020000000000000018,4.456,86.6451363,1.1675866,3.76939435797761,5.92848,4.211,5.74796,1,0,0,0,1,1,0,1,1,0,0,0
1.0,4.0,8,2.2126603854660587,0.19562413540479784,1.208363152627229,0.023,665.6,190,6028.0,1.1,1.06,-0.03800000000000001,4.386,290.4132621,38.3437283,7.05428556867791,15.04,13.372,14.9234,0,0,1,0,0,0,0,1,1,0,0,0
1.0,3.0,7,3.6640999627497135,0.19679957597460782,2.7283757903368957,0.14,1170.6,68,5577.0,0.96,0.94,-0.01,4.34,199.596455,-18.3157745,2.251641211239001,4.6955,2.956,4.54052,1,0,0,0,0,0,0,0,0,0,0,0
1.0,1.0,8,1.3170868505281859,0.041247503978264,2.9392148307188193,0.0,1942.0,22,6700.0,1.52,1.33,0.07,4.2,9.4587443,51.288778,5.916967268415071,10.966,9.942,10.978,0,0,0,0,0,0,0,0,0,0,0,0
1.0,3.0,7,3.2319499843554724,0.12133228516752496,2.1109476571968795,0.09,885.8,154,3371.0,0.722,0.43,-0.056000000000000015,4.832,73.460097,-17.776194,2.5603773834365215,10.914,6.598,9.93395,1,0,0,0,0,1,0,1,1,0,0,0
1.0,2.0,7,8.448695570843732,1.8847943351952443,2.4809384128832166,0.051,915.8,190,5062.8,2.304,1.06,0.014000000000000002,3.9799999999999995,292.1022982,8.3579183,4.010881428220841,7.86,6.422,7.71818,1,0,0,0,1,1,0,1,1,0,0,0
1.0,4.0,2,9.85332303799997,3.6635616461296463,2.6390573296152584,0.13279999999999997,1171.0,3,5218.2,3.668,1.5,-0.47,3.7960000000000003,346.8701486,21.1340376,3.743464699081502,5.98,5.24,5.90914,0,0,0,1,1,1,0,0,1,0,0,0
2.0,3.0,8,2.618905641404406,0.2646737423925283,1.8272874752872004,0.0061,946.0,190,5712.4,1.32,1.17,0.22200000000000003,4.32,286.6383905,39.4879038,5.498188196748697,10.769,9.493,10.6319,0,0,1,0,1,0,0,1,1,0,0,0
1.0,3.0,7,2.116138640503138,0.0657877405380031,2.0078295286532115,0.065,1404.0,190,5251.4,1.084,0.79,-0.022399999999999996,4.4399999999999995,254.4706516,47.3678558,2.9413394437234452,7.83,5.458,7.50548,1,0,0,0,1,1,0,1,1,0,0,0
1.0,1.0,8,0.8761043852869403,0.02058663360838838,0.9669838461896731,0.0,998.0,144,3842.0,0.6,0.61,-0.03,4.84,350.0285917,-60.0657292,3.2638338940268286,11.005,7.082,10.2316,0,0,0,0,0,0,0,0,0,0,0,0
1.0,2.0,7,2.7200775813149285,0.10001726589010583,2.265377398457379,0.071,1158.0,111,5035.0,0.78,0.77,-0.21,3.872,33.1780708,-53.7437591,3.375212684690162,8.36,6.25,8.11006,1,0,0,0,0,0,0,0,1,0,0,0
1.0,4.0,8,2.1342521773386194,0.04745594115629535,0.9246556482057827,0.074,416.0,162,3415.0,0.3,0.27,-0.46,4.86,124.5328604,-68.3144658,2.452676114978751,11.685,7.101,10.5976,0,0,0,0,0,0,0,0,0,0,0,0
1.0,2.0,7,6.826762119772606,1.0855270491194542,1.8133873865526673,0.8206009999999999,1450.8,190,5959.0,1.22,1.18,0.255,4.302,140.3390845,14.3678691,4.708268143991659,9.452,8.018,9.30733,1,0,0,0,0,0,0,0,1,0,0,0
1.0,5.0,8,2.926761919670659,0.10993005937219615,1.0986122886681098,0.072,543.0,121,4684.0,0.71,0.67,-0.2,4.53,55.4590314,-62.7672667,3.6897315909421993,9.73,7.207,9.38476,0,0,0,0,0,0,0,0,0,0,0,0
1.0,5.0,8,2.0883259581133657,0.06486971628640255,0.598121822621983,0.094,777.0,190,4909.0,0.72,0.8,0.11,4.332,281.4824731,47.2078263,4.689474569040121,12.072,9.351,11.4784,0,0,0,0,0,0,0,0,1,0,0,0
3.0,1.0,7,6.146757431514017,0.8350806764486118,2.134739700069618,0.063,1267.2,35,6188.0,1.326,1.36,0.27,4.36,48.1943193,-1.1963955,3.158029678517018,5.06345,3.748,4.93038,1,0,0,0,0,1,0,0,1,0,0,0
1.0,1.0,8,0.5771982588079475,1.185431190659217,0.7852704694357512,0.0,1148.1119999999999,161,3458.0,0.39,0.38,0.1,4.37,306.9286462,-56.4622865,3.0621284431936737,12.68,7.915,11.2364,0,0,1,0,0,0,0,0,1,0,0,0
1.0,1.0,2,5.311048152723133,3.0587070727153796,2.598384133547774,0.11259999999999999,1200.0,26,5419.8,1.1079999999999999,1.3,0.02,4.331999999999999,102.5042716,-60.2486775,3.555550898059543,6.11,5.02,5.99741,0,1,0,1,1,1,0,0,1,0,0,0
2.0,1.0,8,5.116627010504968,0.4953058121079539,2.6598398687977873,0.8206009999999999,1138.8,190,6166.0,1.4,1.27,0.09,4.23,95.3088995,53.2950203,5.7852026946622885,11.908,10.192,11.565,0,0,0,0,0,0,0,0,0,0,0,0
1.0,1.0,8,2.6446950506164266,0.10345870836822998,1.4518479918593294,0.0,727.0,190,5497.0,0.98,1.01,0.297,4.46,200.5615762,66.3085331,4.9451363118635605,11.089,9.126,10.6987,0,0,0,0,0,0,0,0,0,0,0,0
1.0,1.0,7,5.7329528519559805,0.6043159668533296,2.2892358254627503,0.12,651.712,100,5004.0,1.138,0.81,-0.09,4.22,32.9470485,45.9242187,4.000436731999134,9.67,7.557,9.41266,1,0,0,0,0,1,0,0,0,0,0,0
1.0,2.0,7,3.1645716866464313,0.13584122291141315,2.42493496156475,0.12,1001.4,81,5430.0,1.058,0.8,0.0,4.37,51.8040469,-58.3232726,3.5338325394548624,7.95,6.193,7.75701,1,0,0,0,0,1,0,0,0,0,0,0
3.0,2.0,8,1.4168001662689111,0.02626211198888929,0.7640715188966439,0.223,508.0,190,3340.0,0.27,0.26,-0.34,4.724,45.4624781,-16.5944956,2.0629678423494378,10.59,6.496,10.0469,0,0,0,0,0,0,0,0,1,0,0,0
1.0,1.0,8,1.1553643236510585,1.3707625487225168,3.1061199638849386,0.0,1218.4,190,6100.0,2.46,1.87,-0.35,4.1,63.7562662,-22.1163901,6.627059412729714,11.965,11.008,12.1879,0,0,1,0,0,0,0,0,0,0,0,0
1.0,2.0,7,6.7721646246757885,1.0750024230289759,2.1286835756546885,0.183,1214.8,190,4871.0,4.06,1.27,-0.23996,3.26,13.7558096,0.7893425,4.807335218917103,8.05,5.699,7.77238,1,0,0,0,0,0,0,1,0,0,0,0
1.0,1.0,8,1.8205100646995769,0.054952092813845256,2.4713991664294994,0.061,1000.0,190,5360.0,0.85,0.9,0.1,4.54,134.9576234,-48.4884929,5.356185250876491,12.486,10.342,12.2727,0,0,0,0,0,0,0,0,0,0,0,0
1.0,1.0,8,1.5976749998467363,1.3008067164219004,2.623073117171004,0.0,1251.4,190,5750.0,0.88,0.88,0.02,4.51,240.5492745,28.1696248,5.1032327067637215,11.251,9.527,11.004,0,0,1,0,0,0,0,0,0,0,0,0
2.0,4.0,8,3.019546451653246,0.11769414281664316,1.3164082336557241,0.043,490.0,190,4285.0,0.7,0.69,-0.12,4.58,157.9356855,0.9372782,4.363844843113488,11.625,8.897,11.3527,0,0,0,0,0,0,0,0,0,0,0,0
1.0,2.0,7,7.727895072113202,1.4804675311371402,2.051224182168112,0.471,852.3119999999999,190,4893.0,5.07,1.01,0.038400000000000004,3.9159999999999995,120.8691654,-1.1636019,3.994187153562456,8.25,6.66,8.08142,1,0,0,0,1,1,0,1,1,0,0,0
1.0,1.0,7,6.179809592879496,0.832909122935104,2.300412212652007,0.2,739.112,190,4095.0,32.35,1.14,-0.5798,1.89,177.5647268,2.7601075,6.976936132799303,9.577,6.021,8.9977,1,0,0,0,0,0,0,0,0,0,0,0
1.0,1.0,8,2.4591839735308247,0.08536084895065678,1.3937663759585917,0.032,805.0,97,5298.0,0.86,0.82,-0.217,4.37,91.7996988,-61.9972098,4.518960669240772,10.466,8.542,10.1897,0,0,0,0,0,0,0,0,0,0,0,0
2.0,1.0,7,7.0235719381424015,1.1206998851321146,2.306961959551873,0.079,1163.2,190,5844.0,1.47,0.94,-0.33,4.05,198.1833997,-31.8746756,3.6585826045824827,6.68,5.136,6.51382,1,0,0,0,0,0,0,0,0,0,0,0
1.0,2.0,7,2.727068206937972,0.10526051065749295,2.37164726651216,0.189,1108.2,57,5726.0,1.2120000000000002,0.83,-0.24,4.41,301.3959616,-67.3237992,2.939452885022775,6.074,4.511,5.9098,1,0,0,0,0,1,0,0,0,0,0,0
1.0,3.0,8,3.603757200697101,0.24669591814427014,1.667706820558076,0.13472,824.6,190,5516.6,1.07,1.1,-0.020000000000000007,4.42,287.391295,42.194822,6.945436345949826,13.647,12.509,13.5847,0,0,1,1,1,0,0,1,0,0,0,0
2.0,4.0,8,4.077882299690365,0.24607852259670565,1.463023893978564,0.128,410.0,111,5525.8,0.82,0.87,-0.002000000000000013,4.532,287.6057027,49.5233937,5.041332606565056,12.448,10.062,12.2327,0,0,0,0,1,0,0,1,1,0,0,0
1.0,3.0,8,4.484640757444919,0.33647223662121295,1.589235205116581,0.025259999999999998,757.2,190,6340.0,1.22,1.21,-0.076,4.7,294.0230229,45.8530535,7.417964712942177,15.496,13.871,15.224,0,0,0,1,0,0,0,0,0,0,0,0
1.0,1.0,2,4.522080919740587,5.846438775057725,2.339102442873147,0.24,2507.0,190,5790.0,1.8519999999999999,1.384,0.06,4.1,238.6253901,-27.3387434,5.022972213723387,6.15,6.3,6.11944,1,1,0,1,1,1,1,1,1,0,0,0
2.0,3.0,7,7.152629010433056,1.2565529204031982,2.3750073455979925,0.2987,1614.9920000000002,35,5290.4,1.56,1.3,-0.052000000000000005,3.7119999999999997,24.1983534,41.4038147,2.667603136287028,4.09565,2.859,3.98687,1,0,0,0,1,0,0,1,1,0,0,0
3.0,1.0,8,1.4764437925955598,0.04939950229476742,2.731701621433491,0.057,1802.0,23,6630.0,1.61,1.52,0.282,4.21,26.3389717,76.78236720799998,5.717047438053558,11.436,9.597,11.2407,0,0,0,0,0,0,0,0,0,0,0,0
1.0,1.0,7,5.834635283074963,0.7241612340891147,2.104105164486122,0.082,882.1119999999999,190,5041.0,4.41,1.38,0.064,3.25,304.0248392,4.5805708,4.28857684826411,6.45591,4.366,6.21085,1,0,0,0,0,0,0,1,0,0,0,0
1.0,1.0,8,1.4763600855045333,0.04411257461832096,2.3540383745829616,0.0,1479.0,64,5638.0,1.34,1.08,0.27,4.22,311.673345,-41.8209828,5.794847292011912,11.98,10.431,11.917,0,0,0,0,0,0,0,0,0,0,0,0
1.0,4.0,8,4.407522583040231,0.3264219007677115,1.501852701754163,0.012,1044.2,190,6174.0,1.3,1.17,-0.073,4.27,300.5171067,44.3815508,6.92924276062356,14.036,12.606,13.8825,0,0,0,0,0,0,0,0,0,0,0,0
1.0,2.0,7,7.438971592395862,1.2584609896100056,2.6875187206864606,0.628,174.56,91,4435.0,0.67,0.73,0.175,4.55,115.1366858,2.0985879,4.359977836623875,11.646,8.879,11.2667,1,0,0,0,0,0,0,0,0,0,0,0
1.0,1.0,7,6.423246963533519,0.8586616190375187,1.8969615735752572,0.19,969.4,190,5371.0,0.97,0.77,0.32,4.35,17.6979344,-66.1886947,3.6150472131736384,8.06,6.229,7.83743,1,0,0,0,0,0,0,0,0,0,0,0
1.0,3.0,8,2.2017697877552296,0.07166643027101807,0.9555114450274363,0.057600000000000005,1340.6,190,5775.8,0.54,0.56,0.3288,4.72,294.121482,48.3497977,5.562729532632828,13.961,11.366,13.7125,0,0,1,1,1,0,0,1,0,0,0,0
1.0,1.0,3,6.52172637929524,1.2892326482767593,2.4503304013914105,0.22399999999999998,1011.7119999999999,190,5536.4,1.284,0.5,0.0416,4.377999999999999,265.715667,-27.4355611,8.77043908654689,16.8172,14.586911999999993,10.863846,1,1,0,1,1,1,0,1,1,0,0,0
2.0,1.0,8,4.669074130824704,0.3806258180945189,1.667706820558076,0.032,475.0,63,5623.0,1.75,0.94,-0.11,3.93,286.830312,42.2791434,7.069525428213925,14.015,12.342,13.9066,0,0,0,0,0,0,0,0,0,0,0,0
1.0,6.0,8,3.4964954401808965,0.178146185383474,1.6467336971777973,0.012,804.4,190,5663.0,1.06,0.96,0.13140000000000002,4.37,297.1150949,41.9091092,6.472880927447951,13.817,12.18,13.7062,0,0,0,0,0,0,0,1,0,0,0,0
1.0,6.0,8,2.786979365940064,0.09884936404216896,1.1899752946820823,0.3765002,521.0,90,4316.0,0.65,0.65,-0.23,4.45,7.3020115,-30.4541159,4.154168863867766,11.955,8.656,11.1523,0,0,0,1,0,0,0,0,0,0,0,0
2.0,2.0,1,7.9671068536969445,1.4883995840570443,2.442733241130567,0.19,1069.6,190,5195.638,1.778,1.5619999999999998,-0.005399999999999999,4.2780000000000005,238.2337015,12.9120871,6.247690781583214,16.943,15.01963999999999,15.989448,1,0,0,0,1,1,1,1,1,0,0,0
2.0,2.0,8,0.7117779940995048,0.020400487757678696,0.9042181506398859,0.0,1842.0,190,5908.0,1.03,1.08,0.11,4.45,162.7766969,25.641065,4.42296702218541,9.182,7.776,9.03376,0,0,0,0,0,0,0,0,0,0,0,0
1.0,1.0,7,5.963579343618446,0.7419373447293773,2.704831204045758,0.34,1409.8,29,6250.0,1.6480000000000001,1.25,-0.12,4.0,80.6378979,76.78236720799998,3.0889083596174904,5.10111,3.911,4.97155,1,0,0,0,0,1,0,0,0,0,0,0
2.0,1.0,8,3.061448500298989,0.1140427160406602,2.446685436967803,0.042,377.0,190,3711.0,0.54,0.56,-0.11,4.74,135.0194934,13.2737056,5.597254611246368,16.52,12.555,15.7336,0,0,0,0,0,0,0,0,0,0,0,0
1.0,1.0,8,0.86147729536564,0.024673100204884193,2.802814777546633,0.246,1834.0,190,6010.0,1.05,1.11,2.7755575615628915e-18,4.45,140.0875894,-31.2692116,6.321009272407259,13.844,12.114,13.6269,0,0,0,0,0,0,0,1,0,0,0,0
1.0,1.0,7,7.026241525105851,1.3734623823045122,1.5033297251222981,0.099,1076.2,190,5380.8,3.7079999999999997,2.6,0.28600000000000003,3.9200000000000004,233.8173564,53.9221505,4.728183961883236,5.97272,3.406,5.6303,1,0,0,0,1,1,0,1,1,0,0,0
1.0,3.0,7,3.9551840223015606,0.2360992624744257,2.57418631103862,0.04,1331.2,51,5898.0,1.518,0.96,-0.17,4.45,73.9096193,-23.2413163,3.674965603885048,7.49,6.049,7.33222,1,0,0,0,0,1,0,0,0,0,0,0
2.0,1.0,7,7.044032897274685,1.1755733298042381,1.3971509663164432,0.11,894.3119999999999,190,5842.0,1.24,1.1,0.29,4.3,277.2955423,11.6954244,4.113787647766707,8.21,6.707,8.04953,1,0,0,0,0,0,0,0,0,0,0,0
1.0,6.0,7,3.926872208278352,0.23893815721285064,2.598512268505833,0.051,1484.2,190,5911.0,1.11,1.06,0.08,4.39,24.4731133,-60.5114881,3.6878964711444406,7.33,5.868,7.17261,1,0,0,0,0,0,0,0,0,0,0,0
2.0,1.0,8,1.7276955021385645,0.9281917945886017,2.828319033493155,0.11,612.712,190,6600.0,1.82,2.6,0.11,4.25,260.1161719,38.2421682,5.410140454726576,9.988,8.851,9.87283,0,0,1,0,0,0,0,0,0,0,0,0
1.0,2.0,7,1.1955514440013761,0.022534187304579945,1.422831627457124,0.10259999999999998,587.0,174,3326.0,0.3,0.3,0.1,4.85,326.6719598,66.803848,2.8337426157319547,13.078,7.986,11.7617,1,0,0,1,0,0,0,0,0,0,0,0
1.0,1.0,8,1.539528621162781,0.05059805276309138,2.8986705607108596,0.0,1716.0,24,6600.0,1.51,1.39,0.03,4.2,66.3709016,-30.6004362,5.51217796426333,10.044,9.056,9.97202,0,0,0,0,0,0,0,0,0,0,0,0
1.0,2.0,8,1.2550631781264967,0.11952212521867503,1.506297153514587,0.0796,770.4,190,4781.0,0.76,0.81,0.34,4.59,281.1947316,47.4972606,5.262192655829404,13.071,10.594,12.8567,0,0,1,1,0,0,0,0,0,0,0,0
1.0,2.0,7,3.435663218543434,0.17311261770864478,2.1117776273763518,0.2,1272.8,68,5793.0,1.0,1.0,0.09,4.53,23.3350424,29.2649187,3.9386707786165083,8.35,6.851,8.2095,1,0,0,0,0,0,0,0,0,0,0,0
1.0,1.0,7,5.235164551542768,0.5738004229273791,2.6376598253905006,0.0,906.9119999999999,93,4888.0,11.55,1.78,-0.21,2.55,352.82415,39.2358367,4.3364956535925545,5.23133,2.331,4.91781,1,0,0,0,0,0,0,0,0,0,0,0
1.0,1.0,7,5.802118375377063,0.636576829071551,2.4697283731218374,0.36,2165.592,190,5181.0,0.88,0.68,0.19,4.39,233.915082,-76.938055405,3.725310221292512,8.71,6.763,8.47996,1,0,0,0,0,0,0,0,0,0,0,0
1.0,6.0,8,2.9857324414756574,0.843797827265036,2.1412893033957383,0.0425,737.0,190,5770.0,0.97,1.02,0.07,4.47,192.1848981,64.8552755,4.448939678150557,9.534,8.034,9.36789,1,0,1,0,0,0,0,0,0,0,0,0
3.0,1.0,8,1.2427992089806073,0.8411372418370048,3.02061998906177,0.0,842.512,190,6330.0,1.85,2.6,-0.25,4.25,274.743418,10.5971968,5.637856324540034,10.639,9.433,10.4253,0,0,1,0,0,0,0,0,0,0,0,0
1.0,1.0,8,2.395845901543627,0.08709470685093376,1.1939224684724346,0.47,1174.0,190,6011.0,1.49,1.01,-0.4,4.228,336.5761233,-18.011665,4.405491664824862,8.24,6.887,8.103581,0,0,0,0,0,0,0,0,1,0,0,0
1.0,3.0,8,3.1735034932491275,0.12724920091546355,1.1628382609673809,0.3307,881.0,36,6120.0,1.45,1.26,0.0,4.13,65.2383065,-68.1026875,4.945997212447145,9.42,8.175,9.29976,0,0,0,0,0,0,0,0,0,0,0,0
2.0,1.0,0,5.653856665886475,0.49448280442581716,2.5674005641231545,0.35,984.0,167,5235.8,2.994,0.44,-0.22199999999999998,4.066,352.9700384,19.9370011,1.9824101314078804,10.05,5.326,9.03758,1,0,0,0,1,1,0,1,1,0,0,0
1.0,1.0,8,1.476582862466881,0.04669272799198229,2.964396393244138,0.233,1823.0,190,6050.0,1.87,1.27,0.0,4.0,191.7028214,-24.4273897,6.652829480403491,13.315,11.572,12.9613,0,0,0,0,0,0,0,0,0,0,0,0
1.0,4.0,8,2.1263835705273526,0.12346079818730941,1.3837912309017721,0.078,1130.8,190,4749.4,1.72,1.12,-0.1456,4.5920000000000005,298.3183909,47.2794824,7.528713414300646,15.69,13.633,15.3951,0,0,1,0,1,0,0,1,1,0,0,0
1.0,1.0,7,9.85332303799997,2.5891915872188935,2.64695536306537,0.155,1150.8,190,5541.8,1.336,0.67,0.21159999999999995,4.242,315.4141767,-32.5250028,3.068615567524,9.37,6.221,8.8377,1,0,0,0,1,1,0,1,1,0,0,0
1.0,2.0,7,7.46971665672684,1.345993064346365,2.6762450238928794,0.21,1358.6,190,5073.6,5.464,0.98,-0.10399999999999998,3.748,275.0159879,-9.5966905,3.7043713328818537,6.92122,5.211,6.73166,1,0,0,0,1,1,0,1,1,0,0,0
1.0,1.0,3,5.182391606723101,0.9932517730102833,2.701887223850495,0.154,1208.9119999999998,190,5536.4,1.33,0.37,-0.0064,4.46,269.786708,-30.7594722,8.824824939175638,16.676,15.01963999999999,10.822476,1,1,0,1,1,1,0,1,1,0,0,0
2.0,1.0,7,9.757459263104305,2.4103626851674766,2.7268799447374565,0.381,1556.8,190,5153.8,1.816,0.46,0.11000000000000001,3.726,263.8072214,-48.6788427,2.3677312419884142,10.129,5.829,9.28322,1,0,0,0,1,1,0,1,1,0,0,0
2.0,1.0,8,1.2482364535523902,0.03681397312271631,2.7235954124376724,0.0,1710.0,37,6100.0,1.26,1.14,0.07,4.29,342.3858995,-10.6754686,5.686978746164582,11.591,10.062,11.3347,0,0,0,0,0,0,0,0,0,0,0,0
2.0,1.0,7,1.830962714280052,0.05968300216117373,2.5353082734889396,0.0,1139.4,57,5824.0,1.22,1.13,0.24,4.25,189.3173489,-40.8121458,4.1601650737587095,8.08,6.678,8.02456,1,0,0,0,0,0,0,0,1,0,0,0
1.0,1.0,8,6.6040970648911,0.9707789171582247,2.3942522815198695,0.4,933.0,190,6157.0,1.12,1.09,0.0,4.37,296.8241065,43.6248197,7.419194714327251,15.823,14.089,15.6837,0,0,0,0,0,0,0,0,0,0,0,0
1.0,1.0,3,6.462185429987281,1.0296194171811583,2.4503304013914105,0.31816,1011.7119999999999,190,5290.8,1.284,0.37,0.0416,4.378,266.170917,-25.1430306,8.699681400989514,16.8172,15.01963999999999,9.770026,1,1,0,1,1,1,0,1,1,0,0,0
1.0,5.0,8,1.8384784423423233,0.05373979925248402,0.598121822621983,0.1,857.0,190,4909.0,0.72,0.8,0.11,4.332,281.4824731,47.2078263,4.689474569040121,12.072,9.351,11.4784,0,0,0,0,0,0,0,0,1,0,0,0
1.0,2.0,8,2.644250962183741,0.4636019009608926,1.1631508098056809,0.20285999999999998,721.4,190,5367.0,0.81,0.91,0.19,4.472,297.7950939,40.4176403,6.357115832875047,14.149,12.321,14.0561,0,0,1,1,0,0,0,0,1,0,0,0
2.0,3.0,7,2.952668184082964,0.12221763272424921,2.268935120239012,0.18,1192.6,190,5399.0,1.0,0.98,0.39,4.43,117.0309753,50.2169068,5.026495519806854,11.196,9.272,10.9278,1,0,0,0,0,0,0,0,0,0,0,0
1.0,1.0,3,5.2590133683401294,0.7701082216960736,2.4503304013914105,0.22400000000000003,1011.7119999999999,190,5544.0,1.33,0.09,-0.09840000000000002,4.5120000000000005,268.847931,-30.2072506,8.271548374755515,16.4732,14.586911999999993,10.822476,1,1,0,1,1,1,0,1,1,0,0,0
2.0,1.0,7,3.0187649726645636,0.11243542932978817,1.2901227514623916,0.12,401.0,144,3837.0,0.56,0.57,-0.14,4.71,278.8294172,45.7456038,2.8068391713769976,9.84,6.082,9.10496,1,0,0,0,0,0,0,0,0,0,0,0
2.0,1.0,8,1.4122449625981395,0.043988176870716676,2.8806019663003597,0.062,1634.0,190,6277.0,1.31,1.26,0.199,4.3,292.9397825,-26.7402021,6.203183080752724,12.679,11.095,12.3793,0,0,0,0,0,0,0,0,0,0,0,0
1.0,1.0,3,6.609433931338261,1.4816045409242156,2.450330401391411,0.22400000000000003,1011.7119999999999,190,5536.4,1.284,0.61,0.0416,4.378,270.166375,-27.3415833,8.824824939175638,17.02,15.01963999999999,10.863846,1,1,0,1,1,1,0,1,1,0,0,0
2.0,2.0,7,4.5667723341915245,1.0302717780668167,2.273849288628427,0.063,935.0,111,4929.0,3.3620000000000005,0.85,0.3,4.57,171.689687,3.0071331,2.955108176117483,7.56727,5.256,7.26005,1,0,1,0,0,1,0,0,0,0,0,0
1.0,1.0,3,6.687787639525121,1.1410330045520618,2.6780387662724796,0.154,1069.9119999999998,190,5544.0,1.33,0.46,-0.0064,4.46,269.0042917,-32.7134722,8.892855620084674,16.8172,15.01963999999999,10.822476,1,1,0,1,1,1,0,1,1,0,0,0
2.0,1.0,8,1.9055627442804794,1.2841640391937088,2.6472380617054525,0.09,1423.4,190,6087.0,1.3,1.45,0.21,4.34,33.1310921,51.7787754,5.7512257003651355,11.825,10.297,11.7336,0,0,1,0,0,0,0,0,0,0,0,0
1.0,5.0,8,3.4274331931522592,0.1523776804208825,1.0543120297715298,0.063,467.0,121,4684.0,0.71,0.67,-0.2,4.53,55.4590314,-62.7672667,3.6897315909421993,9.73,7.207,9.38476,0,0,0,0,0,0,0,0,0,0,0,0
1.0,1.0,7,5.0751175636517365,0.4272265998896771,2.593425077604335,0.2,1275.0,111,4914.0,3.06,0.8,-0.033960000000000004,3.4480000000000004,20.5314418,-26.8940678,3.455881254868802,8.76,6.504,8.47487,1,0,0,0,0,1,0,1,1,0,0,0
1.0,1.0,8,1.4716512389302698,0.04181350281341039,2.5382104218103114,0.193,1120.0,114,5130.0,0.88,0.92,0.15,4.51,313.9000261,-18.9714084,5.676568853659493,13.21,11.004,12.989,0,0,0,0,0,0,0,0,0,0,0,0
2.0,1.0,2,3.1781594899038206,5.846438775057725,1.8223849395357603,0.07780000000000001,811.4,182,5044.6,1.292,0.09,0.056999999999999995,4.288,42.4851627,-5.9599921,4.205607126474997,17.02,11.055,15.6894,1,1,0,1,1,1,0,1,1,0,0,0
1.0,1.0,8,5.672855377659536,0.5944312076207876,1.1314021114911006,0.72,279.0,190,5596.0,0.87,0.86,-0.255,4.426,289.2172051,47.8841427,5.276286458477214,11.751,10.152,11.6444,0,0,0,0,0,0,0,0,1,0,0,0
1.0,1.0,7,2.7394842665917403,0.11457790470743509,2.60222254464819,0.049,984.6,66,5646.0,1.63,1.14,0.24,4.228,287.7903733,-2.6387703,4.258609632994147,7.95,6.311,7.77454,1,0,0,0,0,0,0,0,1,0,0,0
1.0,1.0,8,4.332360305533998,0.2866815721181974,2.510411940196362,0.018,441.0,57,5700.0,1.06,0.89,-0.21,4.2,302.7984228,-61.1354659,5.8575016328199485,12.42,10.897,12.2819,0,0,0,0,0,0,0,0,0,0,0,0
1.0,1.0,7,7.10002716662926,1.1339794325054011,2.4232603600071085,0.298,851.2,190,5049.8,0.83,0.85,0.172,4.53,10.2072994,40.1842918,2.9405366380860407,7.36,5.164,7.07827,1,0,0,0,0,0,0,0,0,0,0,0
1.0,3.0,8,2.516047775546917,0.06961934188005701,1.1419910119700547,0.032,387.0,135,3506.0,0.38,0.39,-0.2,4.87,68.4160804,-51.9573937,3.1561191819090175,12.603,8.251,11.6306,0,0,0,0,0,0,0,0,0,0,0,0
1.0,6.0,8,2.3944238908817317,0.07538572690588961,1.1653359207110179,0.3765002,600.0,90,4316.0,0.65,0.65,-0.23,4.45,7.3020115,-30.4541159,4.154168863867766,11.955,8.656,11.1523,0,0,0,1,0,0,0,0,0,0,0,0
1.0,1.0,8,2.848079412105753,0.12292534683729822,2.273053290388008,0.029,814.0,41,5846.0,1.09,1.13,0.3,4.42,192.1895676,-47.6136789,5.9947865232302675,12.402,10.698,12.2179,0,0,0,0,0,0,0,0,0,0,0,0
1.0,4.0,8,2.2290461896591753,0.08291587317157315,1.4586150226995167,0.0202,1042.0,190,5502.0,0.8,0.76,0.09999999999999999,4.51,299.2242557,40.343167,6.767891881460579,15.851,13.702,15.7661,0,0,1,1,1,0,0,1,0,0,0,0
1.0,1.0,8,1.3488794205774235,0.031159462249101887,1.1410330045520618,0.32,693.0,154,3556.0,0.52,0.52,-0.06,4.73,20.4384281,-46.7147234,3.155940284936159,11.403,7.294,10.5521,0,0,0,0,0,0,0,0,0,0,0,0
1.0,1.0,7,6.53124199282374,0.9643187008847366,2.59055817113546,0.017,971.2,190,5338.0,2.03,1.21,0.25,3.88,86.9963141,-8.3280256,4.52650461296253,8.26,6.279,8.03397,1,0,0,0,0,0,0,0,0,0,0,0
1.0,2.0,8,2.6592891365093814,0.2907711528363655,1.205970806988609,0.0,721.4,190,5378.0,0.73,0.76,-0.44,4.6,298.348382,47.4913021,6.725672093775418,15.547,13.657,15.2819,0,0,1,0,0,0,0,0,0,0,0,0
1.0,2.0,7,6.7357800142423265,1.091923300517313,2.323117900788484,0.25,1239.6,190,4862.0,5.52,1.46,-0.036000000000000004,3.09,172.1261621,43.9662025,4.994505912166372,7.65,5.335,7.37747,1,0,0,0,0,0,0,1,0,0,0,0
1.0,1.0,3,7.61909492572246,1.366091653802371,2.7018872238504956,0.23199999999999998,1208.9119999999998,190,5411.6,1.16,0.56,-0.0064,4.46,274.0005417,-29.7438889,8.049107721326406,15.488,11.810583999999995,7.629859999999999,1,1,0,1,1,1,0,1,1,0,0,0
1.0,1.0,8,0.9969695202823643,0.029607344752658034,3.0222281373579563,0.0,1970.0,60,5720.0,1.52,1.24,0.32,4.17,108.301409,-42.4097623,5.525934894685693,11.001,9.424,10.8384,0,0,0,0,0,0,0,0,0,0,0,0
1.0,1.0,7,7.469608943859138,1.3622577832916491,2.301231756515208,0.8206009999999999,581.0,190,5779.0,1.9119999999999997,1.06,0.09,4.114,140.7912931,33.9048294,4.458930961238806,8.48,6.914,8.33173,1,0,0,0,1,1,0,1,1,0,0,0
1.0,2.0,7,8.815863125606754,1.8293763327993617,2.0432033471587943,0.17,1053.2,190,5120.6,0.86,0.42,0.1366,4.534000000000001,130.2445254,-23.452809,2.7848136918623503,12.4,7.028,10.7539,1,0,0,0,1,1,0,1,1,0,0,0
1.0,1.0,7,5.806639860095909,0.712949807856125,1.7216845243453567,0.16,1371.8,190,5025.0,3.86,1.64,0.08,3.48,247.1171311,-13.3996231,4.281514070906531,6.90498,4.682,6.63542,1,0,0,0,0,0,0,0,0,0,0,0
2.0,2.0,1,8.67265729404031,1.9315214116032138,2.6120359238555317,0.04,827.0,190,5372.4800000000005,1.294,0.7,0.22218400000000002,4.272,53.8694682,-25.7393857,6.063417728160639,16.7753,14.776,15.989448,1,0,0,0,1,1,0,1,1,1,0,0
1.0,2.0,7,7.988542982737695,1.3711807233098425,2.599296129875645,0.132,1012.6,190,3719.0,0.37,0.39,-0.362,4.89,165.834471,35.972317,1.8984850028248494,7.49,3.501,8.423876,1,0,0,0,0,0,0,0,0,0,0,0
2.0,3.0,7,8.31238059678675,1.8082887711792655,1.2702300279857464,0.089,761.0,190,5687.0,1.07,1.03,0.32,4.231999999999999,287.4786474,38.2290751,5.446172557016128,11.567,9.968,11.4395,1,0,0,0,0,0,0,0,1,0,0,0
1.0,1.0,8,1.466169900975512,0.04688358589885042,2.9109366218492747,0.009,1700.0,42,5914.0,1.73,1.34,0.34,4.1,279.2624729,40.0186905,6.4153849700656345,12.591,11.051,12.4967,0,0,0,0,0,0,0,0,0,0,0,0
2.0,2.0,7,4.767255021280609,0.4200252594394941,2.5260757868426746,0.207,2312.592,47,5972.0,2.29,1.38,0.03,3.86,246.4380471,-33.5672217,4.700980240834068,7.96,6.581,7.81828,1,0,0,0,0,0,0,0,0,0,0,0
1.0,1.0,4,0.9341030661250014,0.02703133905103043,2.7877236098240514,0.08394200000000002,2140.0,190,6409.0,1.32,1.2,-0.1,4.2,294.1921185,39.6189727,6.714121985041868,13.474,12.092,13.2755,0,0,0,1,0,0,0,0,0,0,0,0
1.0,5.0,7,3.965753327849114,0.2207406666978994,2.477810180127105,0.02,877.8,112,4956.0,1.116,0.77,-0.31,4.47,88.5172191,-60.0237289,2.634496946858927,7.17,4.793,6.84367,1,0,0,0,0,1,0,0,0,0,0,0
1.0,1.0,7,2.280707514474728,0.0639133257436528,1.7513336946037186,0.0,450.0,154,5187.0,8.599899999999998,0.5,-0.1,3.8845,70.7353853,18.953358,2.3485570039015276,9.95,5.607,8.99955,1,0,0,0,1,1,0,0,1,0,0,0
1.0,1.0,8,1.7293587502510999,0.05930610589740758,2.879984665009678,0.581,1659.0,15,6438.0,1.74,1.42,0.09,4.11,193.5524603,-46.5877159,6.706847666568493,12.782,11.55,12.6792,0,0,0,0,0,0,0,0,0,0,0,0
1.0,1.0,8,0.9105586548653363,0.02558002360276953,2.7523860149222616,0.011,1570.0,190,5781.0,1.01,1.04,0.26,4.45,298.3952437,47.8149865,6.581682975098313,14.314,12.585,14.1311,0,0,0,0,0,0,0,0,0,0,0,0
1.0,1.0,7,1.6266882658406279,0.7423730686859127,2.343813662254788,0.15,1375.2,38,6165.0,1.082,1.14,0.22680000000000003,4.3,132.8293081,11.6710271,6.723618475624596,13.699,12.337,13.5888,1,0,1,0,0,1,0,1,0,0,0,0
1.0,1.0,7,6.483443640471458,0.9162907318741551,2.778076953931672,0.41,2312.592,190,5870.0,1.03,1.09,0.11,4.45,238.0735585,-18.4359716,3.536957123005818,7.25,5.764,7.09149,1,0,0,0,0,0,0,0,0,0,0,0
2.0,1.0,7,4.671996712643622,0.2949059175411005,1.747899197896419,0.101,689.912,190,3534.0,0.48,0.48,-0.04,4.9,289.2277322,5.1631615,1.9330550176367856,9.12,4.673,8.0976,1,0,0,0,0,0,0,0,0,0,0,0
1.0,1.0,7,3.2657975779776054,0.13365638481267358,2.155521050897985,0.15,1148.112,129,4127.0,0.8,0.61,-0.24596,3.54,335.5661579,-54.5596006,2.6481374092080645,10.24,5.663,8.40444,1,0,0,0,0,1,0,1,1,0,0,0
1.0,1.0,7,7.759443487670634,1.5129270120532565,2.707436874794572,0.6708,1611.312,58,5870.0,1.2260000000000002,1.06,0.06,4.39,271.3444007,-21.6737039,4.0677661309262,8.42,6.927,8.26134,1,0,0,0,0,1,0,0,0,0,0,0
1.0,1.0,3,5.2590133683401294,0.76080582903376,2.4503304013914105,0.22399999999999998,1011.7119999999999,190,5544.0,1.284,0.32,-0.09840000000000002,4.5120000000000005,267.465125,-29.4615,8.799510901368867,16.4732,15.01963999999999,10.863846,1,1,0,1,1,1,0,1,1,0,0,0
1.0,2.0,8,2.6630319144505457,0.1028273097994703,1.3444301570211918,0.13,805.0,190,5532.0,0.99,0.95,0.11,4.244,13.0800239,10.7947051,5.503663478831665,12.101,10.344,11.9535,0,0,0,0,0,0,0,0,1,0,0,0
1.0,1.0,7,7.979311497626742,1.6461554953692632,2.7875665978969666,0.532,1680.104,190,5907.0,1.13,1.15,0.29,4.37,253.3732313,-46.3333582,4.487386150331208,9.18,7.634,9.01051,1,0,0,0,0,0,0,0,0,0,0,0
1.0,1.0,8,1.322714127344948,0.036274068364224185,2.510411940196362,0.047,1218.0,190,5131.0,0.89,0.89,0.28,4.48,42.7217412,29.0222492,5.892072296979825,14.107,11.621,13.787,0,0,0,0,0,0,0,0,0,0,0,0
1.0,3.0,7,6.910750787961936,1.1505720275988207,1.691300551916824,0.2,612.712,190,4819.44,4.22,1.232,0.363,4.37,293.7583002,41.871807,6.817824006881181,12.598,10.227,12.4298,1,0,0,0,0,0,1,0,1,0,0,0
1.0,1.0,8,1.1971429136313925,0.03343477608623739,2.273876928857302,0.0,1264.0,190,5394.0,0.96,0.98,0.348,4.46,167.8214811,69.9647749,5.015072103551055,11.302,9.34,10.9887,0,0,0,0,0,0,0,0,0,0,0,0
1.0,2.0,7,8.812545770172237,2.127040520479115,2.363847494847243,0.08,1329.2,35,6122.0,1.3619999999999997,1.29,0.29,4.34,133.4611999,33.0566885,4.370086888746167,8.03,6.662,7.89597,1,0,0,0,0,1,0,0,0,0,0,0
1.0,1.0,3,5.096486509487754,1.5260563034950494,2.4503304013914105,0.22399999999999998,1011.7119999999999,190,5536.4,1.284,0.54,0.0416,4.378,269.764618,-28.4210281,8.268988209506656,16.676,15.01963999999999,10.822476,1,1,0,1,1,1,0,1,1,0,0,0
1.0,1.0,7,6.333279628139691,0.8812851226753398,2.724541843116454,0.098,1345.0,190,4776.0,5.9,1.19,-0.06,2.97,45.5825716,49.7441421,6.197685719226242,9.901,6.869,9.4629,1,0,0,0,0,0,0,0,0,0,0,0
1.0,1.0,7,6.368187186350492,0.9932517730102833,1.4418643076080542,0.4,612.712,108,4308.0,26.6,1.8,-0.28,1.8,280.7932014,70.7928237,5.459700401161414,6.28209,3.574,5.89765,1,0,0,0,0,0,0,0,0,0,0,0
1.0,1.0,7,4.789739215322525,0.41871033485818504,2.202762613130113,0.27,1204.0,190,6136.0,1.436,1.2,-0.05920000000000001,4.36,105.0746449,-5.3668142,3.4333515186087182,6.29351,4.953,6.15257,1,0,0,0,0,1,0,1,0,0,0,0
1.0,1.0,8,1.6161581211641964,0.05949457178563976,2.68614536571416,0.341,2290.0,190,7700.0,2.3,1.86,-0.01,3.98,147.1745753,-51.756564,6.247274687845808,10.514,9.775,10.428,0,0,0,0,0,0,0,0,0,0,0,0
1.0,5.0,8,2.42584351134661,0.08266695363377043,0.7673265787341967,0.092,686.0,190,4909.0,0.72,0.8,0.11,4.331999999999999,281.4824731,47.2078263,4.689474569040121,12.072,9.351,11.4784,0,0,0,0,0,0,0,0,1,0,0,0
1.0,2.0,7,6.2166061010848646,0.8197798314933114,2.0613635711448643,0.0,1027.0,190,5497.0,1.06,0.99,0.274,4.38,45.9564744,76.78236720799998,4.720960125636431,10.218,8.462,10.0089,1,0,0,0,0,0,0,0,0,0,0,0
1.0,1.0,8,1.8270231649863355,0.06400712997429238,2.801419103907658,0.36718,1742.0,190,6260.0,2.21,1.41,-0.18,3.9,5.016937917,-8.9262512,5.622525418849223,9.974,8.805,9.81929,0,0,0,1,0,0,0,0,0,0,0,0
2.0,1.0,8,1.7085094639477032,0.055529309792480296,2.738256043159276,0.0,1456.0,190,5936.0,1.48,1.22,0.158,4.18,272.2670293,45.3368996,6.340692581517873,12.586,11.245,12.4592,0,0,0,0,0,0,0,0,0,0,0,0
1.0,1.0,7,1.9074811224355315,0.058268908123975775,2.1395501586313515,0.09,1310.0,190,5341.0,0.97,1.37,0.32,4.6,135.3022475,-25.5282343,3.848763665788955,8.63,6.761,8.40992,1,0,0,0,0,0,0,0,0,0,0,0
2.0,2.0,7,2.961487559556579,0.13164210905171514,2.249445827292303,0.34,1098.0,190,5752.92,1.17,1.11,0.296,4.35,184.8059773,-3.3199927,3.9203006509942346,8.01,6.474,7.85111,1,0,0,0,0,0,0,0,0,0,0,0
1.0,1.0,7,8.094073148069352,1.6094379124341003,2.583656863855256,0.03,829.2,126,5511.6,1.802,0.8,0.018000000000000006,4.102,167.6082179,-29.4143018,3.7072815913776824,9.83,7.276,9.4828,1,0,0,0,1,1,0,1,1,0,0,0
1.0,4.0,8,2.383763155907834,0.12346079818730944,1.4906543764441333,0.15,904.6,190,4749.4,1.72,1.12,-0.1456,4.5920000000000005,298.3183909,47.2794824,7.528713414300646,15.69,13.633,15.3951,0,0,1,0,1,0,0,1,1,0,0,0
1.0,1.0,7,6.320948134193518,0.8415671856782186,2.6376598253905006,0.204,879.912,73,4742.0,11.2,0.99,-0.5798,2.33,349.2946794,3.2823664,3.745040009147232,3.8593936,1.5122200000000001,3.80122,1,0,0,0,0,0,0,0,0,0,0,0
1.0,1.0,8,1.5982502836434394,0.04974209189481407,2.7157537854872427,0.0,1415.0,190,5567.0,1.7,1.16,0.405,4.04,256.7706392,70.2384806,5.781561082727952,11.37,9.742,11.2912,0,0,0,0,0,0,0,0,0,0,0,0
2.0,1.0,7,1.506135277885718,0.04879016416943201,2.87006479085388,0.03,1289.8,190,6117.0,1.23,1.29,0.26,4.37,131.9181715,-41.7377748,3.4050499509776455,6.35,5.012,6.21047,1,0,0,0,0,0,0,0,0,0,0,0
1.0,2.0,8,1.706877532461316,0.04907583764659263,0.883767540168595,0.0,979.0,117,5152.0,0.78,0.83,-0.05,4.59,90.9842762,-60.6663348,4.098158944872868,9.866,7.851,9.65064,0,0,0,0,0,0,0,0,0,0,0,0
1.0,1.0,8,1.3325849924793909,0.576071886533141,2.88625217293517,0.324,1466.6,190,6566.0,1.47,1.42,0.0,3.39,100.8480137,27.2521823,5.773429798609079,10.92,9.83,10.8245,0,0,1,1,0,0,0,0,0,0,0,0
2.0,1.0,8,5.486881895375719,0.5823832035750903,1.9746364273137096,0.0359,865.8,190,5527.0,0.83,0.94,0.09,4.57,283.2413322,46.3784691,6.095477655420098,13.672,11.92,13.5227,0,0,0,0,0,0,0,0,0,0,0,0
1.0,1.0,8,1.6133804703289507,0.04756083742828268,2.2625960847776825,0.0,1091.0,190,5306.0,0.89,0.95,0.344,4.52,89.1300265,-5.0120298,5.396414568087652,12.234,10.363,12.0921,0,0,0,0,0,0,0,0,0,0,0,0
1.0,2.0,8,3.917048357169643,0.22234323114344062,2.4099136707465703,0.157,1085.2,132,5096.0,0.79,0.85,0.14,4.58,86.8509737,-60.5213081,5.982418757034427,14.216,11.905,14.012,0,0,0,0,0,0,0,0,0,0,0,0
1.0,1.0,8,0.9955790627693746,0.026544555222112288,2.5293221798183856,0.0,1459.0,104,5165.0,0.91,0.89,0.22,4.47,165.167198,64.9638452,5.574834846228947,12.97,10.931,12.7933,0,0,0,0,0,0,0,0,0,0,0,0
1.0,1.0,8,1.4983071140032065,0.05278218543896945,3.0211563258941494,0.3163074,2262.0,2,7826.0000000000055,1.56,1.76,-0.29,4.29,294.6614126,31.2192001,4.923085590416629,7.59,7.415,7.57492,0,0,0,1,0,0,0,0,0,0,0,0
1.0,6.0,8,1.9602374499263473,0.028830381667877016,0.6523251860396903,0.14198200000000002,1052.5120000000002,190,2953.0,0.1505,0.09,-0.24596,5.201500000000001,346.6263919,-5.0434618,3.8961944945679994,17.02,10.296,15.6451,0,0,0,1,0,0,0,1,0,1,0,0
1.0,1.0,7,4.8758078238306135,0.42133845726445457,2.1260941533888627,0.24,1372.6,190,6067.0,0.788,1.13,0.022,4.33,329.3332489,-37.7641354,3.8318319534187992,7.47,6.159,7.33164,1,0,0,0,0,1,0,0,0,0,0,0
3.0,2.0,7,6.360611392542035,0.8333438110532287,2.2722157948888704,0.27,1026.2,190,5612.0,1.2920000000000003,0.87,0.15078400000000003,4.44,118.4209646,-63.6466892,3.5868605711993755,7.97,6.329,7.7943,1,0,0,0,0,1,0,1,0,0,0,0
1.0,3.0,8,1.974335160393801,0.05164323315183845,1.091923300517313,0.222382,675.0,129,4236.0,0.58,0.62,-0.29,4.7,351.7717763,-1.2853435,3.4229914886978254,10.37,7.193,9.83773,0,0,0,1,0,0,0,0,0,0,0,0
1.0,1.0,8,0.5815665377360565,0.01638502924932282,2.8250032627958435,0.0126,2113.0,190,5616.0,1.01,0.96,0.04,4.42,148.4167672,-45.6591078,5.595918828780256,12.248,10.481,12.1088,0,0,0,0,0,0,0,0,0,0,0,0
1.0,1.0,7,7.646974647644465,1.4350845252893227,2.320150728659361,0.4,771.112,93,4820.0,2.9,1.0,-0.04,3.51,348.7243579,56.7303001,5.113095608232383,8.909,6.421,8.59745,1,0,0,0,0,0,0,0,0,0,0,0
1.0,1.0,8,2.375461878977593,0.0880108773227133,1.7715567619105355,0.077,885.0,57,5939.0,1.14,1.1,0.17,4.36,280.6671392,6.2191669,6.442791727180837,13.82,11.988,13.7305,0,0,0,0,0,0,0,0,0,0,0,0
1.0,3.0,8,1.3226716871329234,0.019724192847729763,0.7090205297162355,0.0015,396.0,137,2960.0,0.18,0.14,-0.09,5.12,165.6904843,-16.4064445,3.313920514887777,16.91,10.644,15.0715,0,0,0,0,0,0,0,0,0,0,0,0
1.0,1.0,8,1.5206766416366135,0.046501833651419786,2.5085417928854343,0.065,1500.0,49,5900.0,1.08,1.05,-0.1,4.4,278.4958319,5.5383811,6.918972134187302,15.774,12.985,15.3902,0,0,0,0,0,0,0,0,0,0,0,0
1.0,2.0,8,1.6155128227443545,0.04655910577995409,1.7476334111854996,0.0688,1089.0,190,5191.0,0.9,0.89,0.152,4.48,298.5508922,48.3325405,6.592393637423614,15.034,13.064,14.9567,0,0,0,1,0,0,0,0,0,0,0,0
1.0,4.0,7,2.635407821110098,0.10084031492607147,2.2530165148581167,0.126,1350.0,190,5817.0,1.34,0.95,-0.2,4.25,240.2600639,33.3001861,2.915990770513784,5.40816,3.857,5.24167,1,0,0,0,0,0,0,0,0,0,0,0
1.0,4.0,8,2.8078446629830407,0.18444171210293653,1.3506671834767394,0.083942,960.4,190,5843.0,1.03,0.95,0.2044,4.39,296.3586251,39.1152033,6.877555831571292,15.086,13.283,14.8663,0,0,1,1,0,0,0,1,0,0,0,0
1.0,2.0,2,5.560919855692347,5.771441123130016,2.5900171341906173,0.305,1240.0,190,5296.2,0.8420000000000002,1.0,-0.086,3.946,201.3001096,-64.9391566,4.560357949363382,11.124,8.392,10.6505,0,1,0,1,1,1,0,1,1,0,0,0
1.0,1.0,8,1.4963832055915698,0.047103027468642825,2.7162167637686037,0.0,1624.0,69,5599.0,1.75,1.25,0.33,4.319999999999999,354.337670099,-17.0775947,6.402308496610478,12.816,11.024,12.5435,0,0,0,0,0,0,0,0,1,0,0,0
1.0,4.0,8,2.5900171341906173,0.19562413540479784,1.2567549897649053,0.014,665.6,190,6028.0,1.1,1.06,-0.03800000000000001,4.386,290.4132621,38.3437283,7.05428556867791,15.04,13.372,14.9234,0,0,1,0,0,0,0,1,1,0,0,0
1.0,3.0,5,3.2681230274368134,0.173953307123438,1.4255540353194465,0.0,639.6,190,4988.2,8.527899999999999,1.4,0.09040000000000002,3.9205000000000005,195.0149029,12.6823534,6.398594934535208,8.87673,5.982600000000001,8.28117,1,0,0,0,1,1,0,1,1,0,0,0
1.0,1.0,8,2.7392691132715568,0.09075436326846414,2.581579537048261,0.013,712.112,140,3799.0,0.57,0.54,-0.01,4.68,320.4784442,35.648625,4.338282405832925,13.502,9.735,12.7543,0,0,0,0,0,0,0,0,0,0,0,0
1.0,1.0,8,1.1059054951311407,0.03584965289369722,2.9290581402859983,0.223,2329.0,18,7000.0,1.79,1.59,0.1,4.13,196.0437932,-35.5495292,6.051034495304609,10.517,9.76,10.5786,0,0,0,1,0,0,0,0,0,0,0,0
1.0,1.0,8,1.6702714536018382,0.046024438311279336,2.0554049638515948,0.13,885.0,190,4802.0,0.69,0.75,0.15,4.14,319.4982407,-22.0498228,4.9101148979907006,12.095,9.793,11.827,0,0,0,0,0,0,0,0,0,0,0,0
1.0,1.0,7,5.701880667366605,0.6805683983530851,1.7671124151991187,0.11,785.112,190,5013.0,4.19,1.39,0.046,3.33,283.9203211,4.2649344,4.872162187482026,8.020001,5.829,7.75927,1,0,0,0,0,0,0,1,0,0,0,0
1.0,2.0,7,7.399398083331354,1.2119409739751128,2.069117221980061,0.05,1364.824,190,4550.0,0.64,0.65,-0.35,4.64,278.3688659,-11.6370481,3.3381333285177486,10.03,6.867,9.48511,1,0,0,0,0,0,0,0,0,0,0,0
1.0,1.0,8,1.4903734811408855,0.037729216810007064,2.5649493574615367,0.14,759.0,140,3913.0,0.62,0.64,0.0,4.68,91.0036423,55.0199793,5.2047701318424,14.812,11.152,14.1321,0,0,0,0,0,0,0,0,0,0,0,0
1.0,1.0,8,1.3619171362895706,2.0913333978475968,2.65514156766903,0.0,1353.6,190,6050.0,1.82,0.76,0.15,3.9,29.2634506,0.7588247,5.896370593924996,10.56,9.32,10.5678,0,0,1,0,0,0,0,0,0,0,0,0
3.0,6.0,8,2.6860563668646127,0.09884936404216896,1.2202397767898079,0.16812,699.0,98,5266.0,0.79,0.8,-0.2,4.54,189.8392243,20.0273377,3.50129909402079,8.419,6.492,8.17208,0,0,0,1,0,0,0,0,0,0,0,0
1.0,1.0,3,5.2590133683401294,1.128171090909654,2.4503304013914105,0.22400000000000003,1011.7119999999999,190,5544.0,1.284,0.63,-0.09840000000000002,4.5120000000000005,267.9154167,-29.4979694,8.892855620084674,16.4732,15.01963999999999,10.822476,1,1,0,1,1,1,0,1,1,0,0,0
1.0,2.0,9,7.824445930877619,1.6486586255873816,1.9900370191802264,0.65,523.0,190,6564.4,1.4,1.5,0.0206,4.324,297.4537402,41.0110188,5.9924590524235954,11.51,10.234,11.2535,1,0,0,0,1,0,0,1,1,0,0,0
3.0,1.0,7,5.822475419701566,3.380994674344636,2.015914491399234,0.4,275.0,126,4760.0,0.68,0.76,0.22,5.201500000000001,330.8714021,-56.7969023,1.703444862165027,4.69,2.237,4.34562,1,1,0,0,0,0,0,0,0,0,0,0
1.0,2.0,7,7.487733761436444,1.4655675420143985,1.9518300876964432,0.284,935.0,190,4918.0,5.08,1.54,0.15599999999999997,3.24,164.698748,1.7290087,4.926942042398745,7.92,5.626,7.66056,1,0,0,0,0,0,0,1,0,0,0,0
1.0,2.0,8,2.31521055536137,0.08415730800672332,2.2126603854660587,0.063,1038.0,190,5611.0,1.13,1.08,0.41392000000000007,4.36,146.3970631,-66.6866307,5.174526947643771,10.984,9.303001,10.8542,0,0,0,0,0,0,0,0,0,0,0,0
1.0,3.0,8,3.677775629192208,0.2907711528363655,1.4279160358107101,0.020142,998.2,190,5858.0,0.89,0.98,0.026200000000000008,4.53,290.4617926,40.5624966,7.2204250424355925,15.367,13.807,15.3877,0,0,1,1,0,0,0,1,0,0,0,0
1.0,1.0,3,6.507110622048481,1.5933085305042167,2.450330401391411,0.22399999999999998,1011.7119999999999,190,5536.4,1.284,0.55,0.0416,4.377999999999999,269.533542,-27.1442222,8.643120748014027,17.02,15.01963999999999,10.863846,1,1,0,1,1,1,0,1,1,0,0,0
1.0,2.0,8,1.4613703859879206,0.04305948946044697,2.3960754360813845,0.0688,857.8,190,5460.0,0.94,1.01,0.41392000000000007,4.5,298.6249797,48.57745,6.550574492841093,14.429,12.47,14.229,0,0,0,1,0,0,0,0,0,0,0,0
1.0,2.0,8,1.858807495172802,0.059324954084683724,2.611612719465205,0.129,1128.0,190,5670.0,1.04,1.04,0.18,4.42,170.324325,-22.388177,6.467518585656435,14.033,12.238,13.7854,0,0,0,0,0,0,0,0,0,0,0,0
2.0,2.0,7,7.956827122090111,1.589235205116581,2.442457107816556,0.34,174.56,41,5927.200000000002,2.8080000000000003,1.0,0.06179999999999999,3.8600000000000003,300.9092476,29.894541,2.833619144061197,5.738,4.076,5.55436,1,0,0,0,1,1,0,1,1,0,0,0
1.0,2.0,8,3.2037215770965233,0.1510028735365274,2.1077860146889784,0.105,703.0,49,5844.0,1.02,1.03,0.156,4.44,124.0338967,33.2914532,5.251618763538796,10.385,8.946,10.1805,0,0,0,0,0,0,0,0,0,0,0,0
1.0,1.0,3,5.046397446196069,1.0612565021243408,2.4503304013914105,0.22399999999999998,1011.7119999999999,190,5536.4,1.284,0.21,0.0416,4.377999999999999,269.448833,-27.3945278,8.385032287813898,17.02,15.01963999999999,10.863846,1,1,0,1,1,1,0,1,1,0,0,0
1.0,2.0,8,1.749895265129356,0.15552667189491812,1.0367368849500223,0.08380000000000001,612.712,190,4725.0,0.69,0.75,0.05,4.64,287.9978721,50.9441847,5.573487743150213,13.655,11.255,13.4598,0,0,1,1,0,0,0,0,0,0,0,0
2.0,1.0,8,1.009049842284412,0.02759571159079919,2.8583075976423187,0.0143,812.912,190,5625.0,0.91,0.96,0.076,4.172,291.7770457,1.3836634,5.367297571288098,12.516,10.31,12.2489,0,0,0,0,0,0,0,1,1,0,0,0
2.0,1.0,8,1.4489949677643688,0.04130507781672771,2.6629830977329023,0.066,1171.0,75,5358.0,0.86,0.94,0.16,4.54,62.670422,24.4016558,5.190035922462546,12.532,10.062,12.2008,0,0,0,0,0,0,0,0,0,0,0,0
2.0,2.0,8,0.6878056901663903,1.9511892810375482,1.0199297666336409,0.0,1050.8,190,3472.0,0.45,0.45,0.19,4.79,56.3906096,37.1122803,3.591090203952428,13.217,8.6,12.1965,0,0,1,0,0,0,0,0,0,0,0,0
3.0,1.0,7,2.0589530792524995,0.07417939817425151,1.667830506298797,0.229,840.512,190,5923.0,2.0,1.3,0.14540000000000003,3.92,294.2987668,28.499514,3.9701352975148856,6.67973,5.26,6.51831,1,0,0,0,0,0,0,1,0,0,0,0
2.0,5.0,7,2.7007234257157493,0.09567375006828242,2.38592758131918,0.09,1023.2,97,5256.0,1.15,0.7,-0.11,4.37,50.0139757,-28.7841175,3.6101473455633837,8.48,6.553,8.2372,1,0,0,0,0,1,0,0,0,0,0,0
1.0,2.0,7,3.5702085243962576,0.1859815176254417,1.6273958083821731,0.1809,860.8,190,5555.0,0.91,0.95,0.099,4.5,254.1305022,44.3025361,5.510816466162932,12.036,10.506,12.0845,1,0,0,0,0,0,0,0,0,0,0,0
1.0,2.0,8,3.2777822655741424,0.6357087380912178,0.6097655716208943,0.2912276,761.0,190,5685.0,1.03,1.02,0.12,4.42,288.5308924,40.942373,5.4366783280075675,11.493,10.079,11.4904,0,0,1,1,0,0,0,0,0,0,0,0
1.0,2.0,8,1.9053075054758815,1.2557129201252595,2.2585921869406493,0.06,1397.592,190,4425.0,0.67,0.68,0.02,4.63,188.3864277,-10.1462141,4.185728864023919,11.592,8.637,11.174,1,0,1,0,0,0,0,0,0,0,0,0
1.0,1.0,8,0.9324518349009194,0.023130417388854383,2.510411940196362,0.0,1134.0,126,4309.0,0.7,0.72,0.252,4.61,160.748095,60.9641194,5.369572344209145,14.023,11.104,13.6871,0,0,0,0,0,0,0,0,0,0,0,0
1.0,2.0,8,3.5813220826901357,0.2841502676565246,1.1939224684724346,0.17099999999999999,994.2,190,5654.6,1.06,1.15,0.158,4.44,295.8092756,40.0084866,7.702641927111311,15.794,14.187,15.6036,0,0,1,1,1,0,0,1,0,0,0,0
1.0,2.0,7,2.42890932632754,0.04468651762240602,1.9547655277344176,0.36718,231.0,178,3024.0,0.1505,0.12,-0.25,5.1,5.016937917,-7.5462123,1.7662142849683886,6.97975744,7.439,11.7804,1,0,0,1,0,0,0,0,0,0,0,0
1.0,2.0,8,5.086881264815647,0.21339249098214977,2.261137903079872,0.306,693.4,41,5491.0,0.95,0.94,0.17,4.46,289.7917561,39.2852655,5.858638619869941,13.071,11.309,12.9559,0,0,1,0,0,0,0,0,0,0,0,0
1.0,1.0,8,1.5679945082121565,0.0453557017207972,2.4817349586223654,0.33,1070.0,104,5170.0,0.86,0.93,0.24,4.54,290.3579781,40.5676965,6.4733457948339845,14.845,12.806,14.7301,0,0,0,0,0,0,0,0,0,0,0,0
1.0,4.0,7,7.624929178767353,1.443571267939269,1.411738811095807,0.013121,287.4,190,5151.0,0.8099999999999999,1.08,-0.07959999999999999,4.564,282.3919451,43.8894167,5.971358773867713,12.775,11.167,12.677,1,0,0,0,1,1,0,1,1,0,0,0
1.0,1.0,8,1.43924700015831,0.04056596174666165,2.5817308344235403,0.18,1300.0,47,5725.0,0.92,0.91,-0.21,4.47,289.4346668,49.473455,6.738975615454656,15.032,13.212,14.8069,0,0,0,0,0,0,0,0,0,0,0,0
1.0,1.0,7,7.507141079727608,1.355061658688792,2.6398996892249054,0.182,1404.9119999999998,68,5474.0,1.122,0.96,-0.29,4.43,274.2067844,-11.4067857,4.013239345841606,8.9,7.155,8.7114,1,0,0,0,0,1,0,0,0,0,0,0
1.0,1.0,7,5.945027887522687,0.6678293725756554,2.198624909916711,0.75,1076.8,190,4802.0,0.76,0.39,0.05,4.26,50.1794053,-33.72969,3.8861368308259414,9.92,7.543,9.61323,1,0,0,0,0,0,0,0,0,0,0,0
1.0,1.0,4,1.1228329199741371,0.136065075783591,1.4001183931734673,0.08026000000000001,968.8,190,6118.4,1.57,1.22,0.01,4.09,288.8470423,47.0228607,6.5821705576818825,13.144,11.83,13.1059,1,0,1,1,0,0,0,0,0,0,0,0
1.0,1.0,8,2.8477663453272,0.12142085520433943,2.579003973167116,0.6058,806.0,190,5756.0,1.09,1.08,0.318,4.4,310.2917002,3.6382967,4.551078242189994,9.48,8.052,9.429071,0,0,0,0,0,0,0,0,0,0,0,0
2.0,2.0,8,2.584169914935452,0.0729716124558227,1.220829921392359,0.024,359.0,190,3358.0,0.38,0.38,0.06,4.85,154.6449033,-11.717801,3.134685193106247,13.14,8.204001,11.8465,0,0,0,0,0,0,0,0,0,0,0,0
1.0,1.0,5,9.224341891611996,2.421256622711544,2.5008275313746275,0.236,1401.4,190,5170.8,3.3280000000000003,1.44,0.1396,3.868,53.2472749,54.5791636,5.790163655288396,17.02,15.01963999999999,15.989448,1,0,0,0,1,1,0,1,1,1,0,0
1.0,1.0,2,6.785470985387124,3.6428355156125294,2.7018872238504956,0.3521599999999999,1208.9119999999998,190,5426.0,1.226,1.85,-0.0064,4.459999999999999,276.1240717,-29.7805318,4.741447804280639,8.156,6.41,8.05449,1,1,0,1,1,1,0,1,1,0,0,0
1.0,1.0,8,1.5984077027215815,0.04688358589885042,1.2770373751829411,0.0,1125.0,190,5597.0,0.99,0.92,0.001,4.41,158.9007013,-5.1813735,4.968889261673334,10.606,9.134,10.6364,0,0,0,0,0,0,0,0,0,0,0,0
1.0,3.0,7,2.9454589850992625,0.11778303565638346,1.623733291153949,0.047,777.6,190,5809.4,2.032,0.81,0.1186,3.976,65.1975693,-59.4096776,3.802685703940278,9.36,7.071,9.06573,1,0,0,0,1,1,0,1,1,0,0,0
1.0,1.0,7,6.285252900719812,0.8285518175661483,2.522008829645305,0.35,1025.8,190,4052.0,38.409499999999994,1.61,-0.49,1.6624999999999999,59.1510071,74.0800789,5.707930526249054,6.74616,3.13,6.17839,1,0,0,0,0,0,0,0,0,0,0,0
1.0,2.0,7,9.85332303799997,3.603621085162025,1.9303184210468676,0.126,697.6,190,4436.2,10.568100000000001,1.01,-0.28396,3.304,182.4021288,11.2115695,4.263858055955322,8.63,7.014,8.46692,1,0,0,0,1,1,0,1,1,0,0,0
1.0,1.0,8,1.4433123928845146,0.047379646046774866,2.7483600645057087,0.0688,1460.0,190,5647.0,1.39,1.21,0.34,4.24,296.8372475,48.2399695,6.376793272229732,13.286,11.634,13.1714,0,0,0,1,0,0,0,0,0,0,0,0
1.0,1.0,8,2.29792002848171,0.07696104113612832,1.2544757864990428,0.0,714.0,190,5158.0,0.78,0.84,-0.002,4.57,209.2171751,68.6182106,4.56056500255797,10.964,8.964,10.8073,0,0,0,0,0,0,0,0,0,0,0,0
1.0,1.0,8,2.358390412369985,0.09531017980432487,2.5914414756735953,0.276,1200.0,190,6039.0,2.03,1.46,0.332,3.99,201.9626552,9.0306437,5.413719793023874,9.815,8.446,9.65981,0,0,0,0,0,0,0,0,0,0,0,0
1.0,1.0,7,7.735870319952567,1.2267122912954254,1.6977610763526787,0.21,885.8,167,3370.0,0.38,0.36,0.3,4.83,73.0245495,6.4752347,2.591965722081408,11.963,6.942,10.7055,1,0,0,0,0,0,0,0,0,0,0,0
1.0,2.0,7,2.4234832715505745,0.08434114843375087,2.5221164837095715,0.224,793.6,190,5976.6,1.29,0.85,0.08399999999999999,4.3759999999999994,43.9140248,26.8723829,3.1580339294495663,7.518,5.427,7.33209,1,0,0,0,1,1,0,1,1,0,0,0
1.0,1.0,3,4.903318709324144,0.3920420877760237,2.4503304013914105,0.154,1011.7119999999999,190,5544.0,1.33,0.09,-0.09840000000000002,4.5120000000000005,269.3759583,-29.7365639,8.870803443982124,17.02,15.01963999999999,10.822476,1,1,0,1,1,1,0,1,1,0,0,0
1.0,3.0,8,1.2434338732068495,0.03254463147572652,0.8514321595256585,0.079,1121.0,190,5033.0,0.71,0.79,-0.09,4.64,230.4799011,-20.2317975,4.226924252121216,10.883,8.375,10.4191,0,0,0,0,0,0,0,0,0,0,0,0
2.0,1.0,7,6.173994415536895,0.7839015438284094,1.4418643076080542,0.38,612.712,106,4200.0,22.03,0.98,-0.46,1.71,276.4975053,65.5633652,4.51802607291669,4.8262,2.085,4.43216,1,0,0,0,0,0,0,0,0,0,0,0
1.0,3.0,8,1.5051268459118454,0.04372976286132523,1.0986122886681098,0.0,721.4,190,5345.0,1.11,0.97,0.19,4.31,298.0794448,44.746248,6.073152823167808,13.771,11.756,13.5393,0,0,0,0,0,0,0,0,0,0,0,0
1.0,3.0,8,3.322262393574013,0.13837645195451798,1.2809338454620642,0.11208740000000002,668.4,190,5817.6,1.7,1.21,0.086,4.05,289.0860607,41.5630224,6.171683895810067,11.671,10.403,11.7451,0,0,1,1,1,0,0,1,0,0,0,0
1.0,3.0,8,2.9364598620889195,0.23431447231893535,1.410986973710262,0.040582,916.8,190,5608.4,1.25,1.0,0.128,4.24,285.4195845,39.7061009,6.86470058551019,13.965,12.393,13.7606,0,0,1,1,1,0,0,1,0,0,0,0
2.0,2.0,7,6.871091294610546,2.104462216788831,1.5316542309725638,0.74,959.6,190,4686.4,1.172,1.232,-0.12596000000000002,4.362,89.9566041,-48.2394189,3.62942584951413,8.65,6.428,7.11871,1,0,1,0,1,1,1,1,1,0,0,0
1.0,1.0,7,8.383890344101816,1.8164520818184267,2.365016677434995,0.06,1075.4,190,5312.0,0.84,0.7,0.41,4.43,165.8658796,-22.0943303,4.293461778933456,9.955,7.956,9.65278,1,0,0,0,0,0,0,0,0,0,0,0
1.0,2.0,8,2.7304087748687644,0.11350724079359488,1.2383742310432684,0.08,943.0,16,6203.0,1.19,1.13,-0.12,4.5,12.5467785,-76.938055405,4.070471863410543,7.94,6.605,7.80375,0,0,0,0,0,0,0,0,0,0,0,0
1.0,2.0,3,6.52172637929524,1.6094379124341003,2.4503304013914105,0.22400000000000003,1011.7119999999999,190,5536.4,1.284,1.06,-0.09840000000000002,4.5120000000000005,263.577917,-27.14275,8.299037181613066,17.02,14.586911999999993,11.087644000000001,1,1,0,1,1,1,0,1,1,0,0,0
1.0,1.0,8,1.5113155822387636,1.289855378405528,2.6937484163913505,0.02,1197.8,190,6000.0,1.24,1.46,-0.05,4.5,52.8180374,-23.8197924,5.764099598219501,11.99,10.318,11.5821,0,0,1,0,0,0,0,0,0,0,0,0
1.0,1.0,8,3.3549439971446935,0.17563256864315802,1.6568938535903959,0.157,748.0,190,5841.0,1.62,1.23,0.226,4.11,241.7639371,67.8776404,5.443741509238174,10.55,9.053001,10.4168,0,0,0,0,0,0,0,0,0,0,0,0
2.0,1.0,8,1.3092486163965147,2.147454877057162,2.917013688842586,0.0,1315.6,190,6304.0,1.7,1.96,0.05,4.2,148.6431193,40.3879446,5.353051733648089,9.816,8.662,9.76324,0,0,1,0,0,0,0,0,0,0,0,0
1.0,2.0,7,6.60136597906466,1.01450577937111,1.8842839363204298,0.06,1178.2,190,4826.0,4.87,1.34,0.21,3.19,99.171276,-19.2561808,3.035438445776025,3.95,1.564,3.80122,1,0,0,0,0,0,0,0,0,0,0,0
1.0,1.0,3,5.046397446196069,0.6418538861723948,2.701887223850495,0.22399999999999998,1188.9119999999998,190,5536.4,1.284,0.13,0.0416,4.377999999999999,270.4399583,-27.4186694,8.842315546841863,17.02,15.01963999999999,10.863846,1,1,0,1,1,1,0,1,1,0,0,0
1.0,1.0,3,5.182391606723101,0.9555114450274363,2.4503304013914105,0.22400000000000003,1011.7119999999999,136,5544.0,1.284,0.29,-0.09840000000000002,4.5120000000000005,268.9682917,-29.8185278,8.81001204797317,16.676,15.01963999999999,10.822476,1,1,0,1,1,1,0,1,1,0,0,0
1.0,1.0,8,0.9894921217777746,0.029898550345863254,2.670694414558441,0.1508,2013.0,190,6210.0,1.32,1.3,0.37,4.31,162.6440933,-61.9572476,7.607689376231057,16.536,14.99,15.989448,0,0,0,1,0,0,0,0,0,0,0,0
1.0,3.0,8,3.492986217289887,0.06874944536862262,1.3609765531356006,0.18339999999999998,1047.6,190,5752.8,1.03,1.1,0.22799999999999998,4.46,293.568197,39.0363123,7.043910725763184,15.481,13.838,15.3648,0,0,1,1,1,0,0,1,0,0,0,0
1.0,2.0,8,2.9367877832757734,0.1432341680859078,2.6937484163913505,0.34,769.6,190,6011.2,1.4,1.5,0.0198,4.292,297.4537402,41.0110188,5.9924590524235954,11.51,10.234,11.2535,0,0,0,0,1,0,0,1,1,0,0,0
1.0,2.0,7,3.8118932300090806,0.2141431691169107,1.9126302044046333,0.4686,2312.592,89,5441.0,1.262,0.93,0.1,4.42,245.7490012,-61.6901291,3.7238990472149767,8.3,6.571,8.11145,1,0,0,0,0,1,0,0,0,0,0,0
1.0,2.0,7,1.3826948907921495,0.039797469874066085,2.3513359315933315,0.012,784.8,97,5442.0,0.94,1.0,0.34,4.39,144.2994103,-43.272721,3.735264346983796,8.23,6.444,8.0265,1,0,0,0,0,0,0,0,0,0,0,0
1.0,3.0,7,7.779885115070522,1.5260563034950494,1.788774495953718,0.098,1363.4,190,5872.0,1.21,1.06,0.04,4.3,164.8647611,40.4304931,2.6944041829349272,5.03352,3.75,4.87837,1,0,0,0,0,0,0,0,0,0,0,0
2.0,1.0,7,4.812997033190408,0.3784364357202451,2.637775250495583,0.34,1241.0,190,5630.0,1.1560000000000001,0.85,-0.26,4.57,176.6208003,-40.4986211,2.3311142391080195,4.89,3.489,4.71107,1,0,0,0,0,1,0,0,0,0,0,0
2.0,6.0,8,2.4726718927858684,0.08947500642760275,1.359436906950008,0.076,828.0,190,5495.0,0.92,0.93,0.07,4.324000000000001,287.6979913,42.3385782,5.647434320702328,12.61,10.871,12.4535,0,0,0,0,0,0,0,0,1,0,0,0
2.0,1.0,1,6.634633357861686,0.9604989865384754,1.7276408189346515,0.2722,1401.8,190,5698.800000000001,2.5879999999999996,0.712,-0.012000000000000005,4.1160000000000005,255.5272522,-29.9455833,6.269796745447317,11.8384,5.6495999999999995,7.037008,1,0,0,1,1,1,1,1,1,1,0,0
1.0,1.0,7,6.698268054115413,1.068153081183401,1.6167714940750042,0.13,812.8,29,5368.784,8.509899999999998,1.4,0.06319999999999999,3.7644999999999995,193.2953521,-3.5531133,3.532918386523229,6.11006,4.993,5.99548,1,0,0,0,1,1,0,1,1,0,0,0
1.0,2.0,8,3.980870292984938,0.23822918873225063,1.4881738249410612,0.0,470.0,190,5649.0,0.96,0.94,-0.018,4.45,30.9050061,21.2813274,4.227531312130811,9.2,7.559,9.02543,0,0,0,0,0,0,0,0,0,0,0,0
1.0,3.0,8,2.18854255295337,0.4899815274068621,2.0794415416798357,0.2,1052.2,190,5322.0,0.82,0.88,0.06,4.51,174.9602543,0.603596,5.672728588667063,13.024,11.161,12.8153,0,0,1,0,0,0,0,0,0,0,0,0
1.0,1.0,8,2.6388573096125914,0.10255658832509207,1.601405740736836,0.04,867.0,51,5840.0,1.02,0.98,-0.09,4.41,354.240829,39.6392793,5.05075944518041,10.622,9.19,10.5521,0,0,0,0,0,0,0,0,0,0,0,0
1.0,2.0,7,7.152268856032539,1.220829921392359,2.6884903692653914,0.21,1015.2,190,6272.0,1.53,1.13,-0.27,4.12,195.9818362,30.640145,5.487804853293519,10.371,9.083,10.1934,1,0,0,0,0,0,0,0,0,0,0,0
1.0,2.0,8,1.4411137652191943,0.0374884444109916,1.0043016091968684,0.02,913.0,190,4491.0,0.68,0.71,-0.01,4.186,208.9014508,-6.1360833,4.6869160578383715,12.358,9.625,11.9053,0,0,0,0,0,0,0,0,1,0,0,0
1.0,1.0,7,2.749064177192824,0.07544229583352012,1.5109646362761757,0.13,690.4,153,3499.0,0.31,0.3,-0.38,4.94,246.3557854,54.3033625,2.011228276934846,10.066,5.833,9.13702,1,0,0,0,0,0,0,0,0,0,0,0
1.0,1.0,7,6.158249385912351,0.8109302162163288,2.3926628445003213,0.27,1288.0,190,4175.0,38.409499999999994,2.24,-0.37,1.6624999999999999,32.4173964,32.3164548,6.212251323408415,7.57,3.997,7.01743,1,0,0,0,0,0,0,0,0,0,0,0
1.0,2.0,7,1.965010709231746,0.06775210205081847,2.606681706713921,0.301,1371.0,95,5788.0,2.03,1.22,0.22,3.99,203.509956,53.7281876,4.535379496328842,8.05,6.543,7.89255,0,0,0,0,0,0,0,0,0,0,0,0
1.0,1.0,3,6.5161358214801925,0.7030975114131134,2.4503304013914105,0.3581599999999999,1011.7119999999999,190,5550.8,1.2840000000000003,0.21,0.0416,4.378,266.883057,-24.5226669,8.401998438099195,17.02,15.01963999999999,9.770026,1,1,0,1,1,1,0,1,1,1,0,0
1.0,2.0,7,3.371596911885865,0.16296882827813966,1.7806554226530267,0.14,934.2,92,5460.0,1.0299999999999998,0.93,0.25,4.47,201.087663,48.8847322,4.139642922849387,9.38,7.578,9.15101,1,0,0,0,0,1,0,0,0,0,0,0
2.0,1.0,7,1.1435356530607992,0.03401487858727765,1.8096039547262266,0.0119,1640.6,32,5939.0,1.46,1.21,0.22,4.345999999999999,149.0243714,-3.8083543,4.653350640512844,8.73,7.299,8.58804,1,0,0,0,0,0,0,0,1,0,0,0
3.0,1.0,7,4.283365847849911,0.29266961396282004,1.371140340666804,0.11,314.512,190,5588.0,1.08,1.24,0.24,4.46,287.2632091,34.6006972,3.737019406941782,7.97,6.375,7.86705,1,0,0,0,0,0,0,0,0,0,0,0
1.0,1.0,7,6.863803391452954,1.0473189942805592,2.6653568357499395,0.26,1061.712,190,5736.0,1.5,1.03,-0.5798,4.09,290.7212224,-32.9208401,4.114222350092346,7.84,6.294,7.67484,1,0,0,0,0,0,0,0,0,0,0,0
1.0,3.0,8,1.2806287989401046,0.029073247485707086,1.184789984909162,0.4213202,674.0,149,3681.0,0.51,0.51,0.07,4.73,160.0658525,-8.5110827,4.177931750028368,13.667,9.607,12.8191,0,0,0,1,0,0,0,0,0,0,0,0
1.0,2.0,7,6.4345304672942625,1.1019400787607843,2.01803873077328,0.18,923.3119999999999,109,4137.0,38.409499999999994,2.6,-0.5798,1.6624999999999999,154.186782,19.8912626,7.339998628122906,9.743,6.42,9.22684,1,0,0,0,0,0,0,0,0,0,0,0
1.0,2.0,8,3.2339614622862416,1.19757094959304,1.9213246735826988,0.115,1445.8,42,6310.0,1.43,1.15,-0.16,4.19,253.7848853,20.491524,4.690411664297357,8.855,7.629,8.76412,0,0,1,0,0,0,0,0,0,0,0,0
1.0,3.0,7,3.038791763014438,0.13190507087993858,2.3210846114041535,0.293,1119.0,43,5845.0,1.1,0.89,-0.18,4.39,166.9742616,-30.1751383,3.273784376331481,6.51,4.995,6.35547,1,0,0,0,0,1,0,0,0,0,0,0
1.0,1.0,3,6.6678597480536155,1.308332819650179,2.4503304013914105,0.22400000000000003,1011.7119999999999,190,5536.4,1.284,0.38,-0.09840000000000002,4.5120000000000005,268.75425,-29.0471111,8.101980731853192,16.676,15.01963999999999,10.822476,1,1,0,1,1,1,0,1,1,0,0,0
1.0,4.0,7,8.517393171418904,1.791759469228055,2.183090973119291,0.26,933.0,92,5600.0,1.318,1.07,0.35,4.28,236.7235392,46.986288,3.6380307977023736,7.20856,5.499,7.00926,1,0,0,0,0,1,0,0,0,0,0,0
1.0,3.0,8,1.2550745803750203,0.4899815274068621,0.7466879474879752,0.1998,1052.2,190,5322.0,0.82,0.88,0.06,4.51,174.9602543,0.603596,5.672728588667063,13.024,11.161,12.8153,0,0,1,1,0,0,0,0,0,0,0,0
1.0,1.0,7,8.175547596021026,1.814824742159051,1.3711403406668035,0.8206009999999999,612.712,190,4829.0,5.86,1.42,0.12,3.09,285.1863974,38.6111112,5.997021578170353,10.372,7.776,9.99106,1,0,0,0,0,0,0,0,0,0,0,0
2.0,1.0,8,3.1964256960306088,2.2737255127415925,1.4350845252893227,0.42012019999999994,615.0,111,5070.0,0.78,0.8,0.2,4.6,50.5104166,17.2392094,4.429112967193819,10.9,8.582,10.5927,0,0,1,1,0,0,0,0,0,0,0,0
1.0,1.0,7,5.746458748936638,0.7499999921527281,2.454022979725823,0.269,1123.112,93,4853.0,10.9,1.91,0.0,2.65,8.2938367,54.8948177,4.710457698981288,5.9258,3.629,5.64532,1,0,0,0,0,0,0,0,0,0,0,0
1.0,1.0,8,1.888797216534015,0.06588136911351271,2.7483600645057087,0.0,1604.0,32,6110.0,2.01,1.34,0.06,3.96,127.3872297,-12.9447683,6.442645256487451,12.167,10.483,11.7206,0,0,0,0,0,0,0,0,0,0,0,0
1.0,2.0,8,2.4639395347390614,0.08892620919440151,1.262996144775397,0.0,795.0,190,5618.0,0.96,0.94,0.007,4.44,26.2092533,-18.4013844,4.631753692637778,10.07,8.449,9.90726,0,0,0,0,0,0,0,0,0,0,0,0
1.0,2.0,7,6.246881658972487,0.832909122935104,2.092400961236735,0.11,1170.0,190,5776.49,1.39,1.1,0.197,4.2,57.5962104,17.4752873,3.8633032387807504,7.515,5.969,7.33476,1,0,0,0,0,0,0,0,0,0,0,0
1.0,2.0,7,2.8142403725005134,0.10947304759394853,2.092400961236735,0.071,1170.0,190,5775.0,1.25,0.84,-0.46,4.3,59.8903081,21.2985263,5.3052631883809065,11.13,9.377,10.9294,1,0,0,0,0,0,0,0,1,0,0,0
2.0,1.0,8,3.2301471442178866,0.15357908792830063,1.8250330459909805,0.0,603.0,190,5684.0,0.96,1.03,0.147,4.49,94.2838373,76.21102,4.409484931426702,9.545,7.959,9.35983,0,0,0,0,0,0,0,0,0,0,0,0
1.0,1.0,8,1.6265014978599808,1.5416289129391632,2.814989469873251,0.0,1555.2,190,6600.0,1.76,1.33,-0.31,4.3,158.2250301,-34.9899074,6.217120938593168,11.605,10.452,11.5904,0,0,1,0,0,0,0,0,0,0,0,0
1.0,1.0,8,0.8219471024095193,0.02562875963381428,3.027666892084337,0.0,1716.1920000000002,190,6147.000000000002,1.46,1.36,0.0946,4.214,107.6002312,-39.0972705,5.601742366265716,10.514,9.374,10.3746,0,0,0,0,1,0,0,1,1,0,0,0
2.0,4.0,9,3.4815393676244,0.1705863005755337,1.2643679750688306,0.016,503.0,111,5315.0,0.82,0.87,0.04799999999999999,4.532,287.6057027,49.5233937,5.041332606565056,12.448,10.062,12.2327,1,0,0,0,1,0,0,1,1,0,0,0
2.0,1.0,7,7.4059156175594865,1.3787660946990992,2.445537687317909,0.73,1039.2,190,5061.2,11.4759,1.28,-0.02,3.2024999999999997,21.5378455,34.5793389,3.6600143362177633,6.331,5.169,6.2242,1,0,0,0,1,1,0,1,1,0,0,0
1.0,1.0,8,1.9965774618429721,0.06297479916138844,1.6409365794934714,0.0,811.0,190,5133.0,0.84,0.92,0.287,4.55,14.1142611,48.6375168,4.810882695572622,11.302,9.277,11.1107,0,0,0,0,0,0,0,0,0,0,0,0
1.0,1.0,7,6.311734809152915,0.8415671856782186,2.0347780963857316,0.59,922.5120000000001,190,5671.0,2.47,1.53,-0.48,3.84,278.0643694,6.9456827,4.724365557162306,8.292,6.604,8.10233,1,0,0,0,0,0,0,0,0,0,0,0
1.0,1.0,3,5.182391606723101,1.3962446919730587,2.450330401391411,0.22400000000000003,1011.7119999999999,190,5544.0,1.33,0.81,-0.09840000000000002,4.512,269.154875,-30.3114167,8.27664912542186,16.676,15.01963999999999,10.822476,1,1,0,1,1,1,0,1,1,0,0,0
2.0,2.0,7,5.920881125652519,0.7556523859113424,2.593425077604335,0.266,914.4,95,4898.0,5.03,1.39,-0.01,3.17,12.3085089,-24.1369079,4.021488882545814,5.9,3.691,5.6509,1,0,0,0,0,0,0,0,0,0,0,0
2.0,1.0,8,1.6365540055340513,0.04688358589885042,1.2809338454620642,0.34,964.2,111,5145.0,0.77,0.86,0.0,4.54,44.2620144,-56.1918694,3.6779524714916545,8.99,6.883,8.73117,0,0,0,0,0,0,0,0,0,0,0,0
1.0,2.0,7,5.4510384535657,0.5596157879354227,2.202574919074924,0.38,826.7120000000001,190,5735.0,1.02,1.04,0.149,4.43,334.5041029,54.3190454,4.996252353728802,10.61,9.086,10.5069,1,0,0,0,0,0,0,0,0,0,0,0
2.0,1.0,8,1.1489406343089972,0.02664193094642118,2.511305123642531,0.03,750.0,153,3660.0,0.51,0.53,0.1,4.75,69.5523415,39.4580035,4.7336513476366315,15.7,10.852,14.3107,0,0,0,0,0,0,0,0,0,0,0,0
1.0,2.0,7,9.63692914096725,2.51478902426987,1.503978982483322,0.211,666.8,190,5316.854,8.298,0.83,0.1668,3.3579999999999997,199.2155793,17.0160384,2.4833721396960486,6.50066,4.381,6.28558,1,0,0,0,1,1,0,1,1,0,0,0
1.0,1.0,2,9.214182979693634,1.2809338454620642,1.680734597492408,0.2642,370.0,190,2953.0,0.962,0.09,-0.07799999999999999,4.72,224.6208333,10.2286111,4.722545774737965,11.42432,9.568055999999995,10.9123592,1,0,0,1,0,1,0,1,0,1,0,0
2.0,1.0,8,1.4977647583786795,0.03360884217376796,2.2341991801275807,0.083,555.0,190,3266.0,0.42,0.44,0.357,4.83,166.0747423,-47.8214964,4.599612772130647,16.0,11.084,14.9535,0,0,0,0,0,0,0,0,0,0,0,0
1.0,1.0,8,2.7965841406272345,0.11386425614904709,1.208960345836975,0.16,871.0,190,5942.0,1.11,0.99,-0.315,4.41,16.4625203,11.7537171,4.628114930483189,9.543,8.105,9.36072,0,0,0,0,0,0,0,0,1,0,0,0
1.0,2.0,8,1.326950325253151,0.02890810514720769,0.8064758658669485,0.039,709.0,140,3803.0,0.44,0.44,-0.43,5.2,99.2915429,17.5662696,2.3983951478400214,9.63,5.862,8.876041,0,0,0,0,0,0,0,0,0,0,0,0
1.0,1.0,3,6.687787639525121,1.205970806988609,2.4503304013914105,0.154,1294.9119999999998,190,5544.0,1.33,0.63,-0.054400000000000004,4.418000000000001,264.7570417,-33.8080278,8.533263371593732,16.817199999999996,14.586911999999993,11.087644000000001,1,1,0,1,1,1,0,1,1,0,0,0
3.0,1.0,8,1.1767300679320616,0.6006922683112957,2.801419103907658,0.09,1736.8,190,6475.0,1.4,1.62,0.0,4.07,218.2766247,21.8946875,5.093731795729415,9.745,8.621,9.64647,0,0,1,0,0,0,0,0,0,0,0,0
1.0,2.0,7,6.04930883679242,0.7895930788281975,2.363847494847243,0.105,1498.6,35,6122.0,1.3619999999999997,1.29,0.29,4.34,133.4611999,33.0566885,4.370086888746167,8.03,6.662,7.89597,1,0,0,0,0,1,0,0,0,0,0,0
1.0,3.0,7,1.4360364530147047,0.020782539182528505,1.6932380782426963,0.31,753.0,178,2953.0,0.16,0.12,-0.08,5.148000000000001,54.0032486,-44.5143104,1.703444862165027,12.7,6.61,10.9889,1,0,0,0,0,0,0,0,1,0,0,0
3.0,1.0,7,7.239214973779806,1.2947271675944,2.0072324078174804,0.2,1258.0,57,5319.6,1.3139999999999998,1.27,-0.21399999999999997,4.194,309.4637796,-60.6347649,3.9449586240740224,7.5,6.034,7.3407,1,0,0,0,1,1,0,1,1,0,0,0
1.0,1.0,8,1.6980217025340199,0.05609673935187014,2.733847893923351,0.123,1458.0,190,6120.0,1.4,1.28,0.3,4.25,270.4441831,-2.97098,5.675849283725655,11.997,9.924,11.6843,0,0,0,0,0,0,0,0,0,0,0,0
2.0,1.0,7,6.891473446407854,1.2458822074031457,1.6707910842399325,0.024,675.312,70,4980.0,8.8,2.1,-0.06,2.87,314.6078375,10.8391378,4.34668439052659,5.51048,3.366,5.27476,1,0,0,0,0,0,0,0,0,0,0,0
1.0,1.0,7,7.05444965813294,1.205970806988609,2.3831595992550576,0.76,1364.8,190,5882.0,1.61,1.12,0.2,4.07,72.1529519,-5.6751152,3.3017342569741164,5.77466,4.31,5.61828,1,0,0,0,0,0,0,0,0,0,0,0
1.0,1.0,8,1.39902547547362,0.04382547954002956,2.6784840655004434,0.0,1381.0,68,5610.0,1.39,1.0,0.15,4.16,180.5462193,-35.5486091,7.000507644913275,14.588,12.87,14.3896,0,0,0,0,0,0,0,0,0,0,0,0
1.0,3.0,7,7.6838639802564295,1.3862943611198906,2.4956959331624566,0.48,1244.512,116,4962.0,4.542,0.78,0.33,4.37,291.2873731,-66.4677838,3.3277732781810414,8.4,6.094,8.09228,1,0,0,0,0,1,0,0,0,0,0,0
1.0,2.0,8,2.0855655391701307,0.07325046173959267,1.2655381599840907,0.0,1198.0,190,6353.0,1.42,1.25,-0.018,4.23,60.7483361,9.2077676,3.841988877736347,6.91134,5.706,6.77613,0,0,0,0,0,0,0,0,0,0,0,0
2.0,1.0,7,7.029972911706386,1.0986122886681098,2.509028089173632,0.8206009999999999,1981.5840000000003,111,5122.0,0.79,0.84,0.04,4.45,186.8791724,-71.4224896,3.9102253906864726,9.38,7.326,9.14337,1,0,0,0,0,0,0,0,0,0,0,0
1.0,1.0,7,2.561018565086703,0.0760346862759976,2.2814801073555726,0.22,1042.4,190,5356.0,1.1099999999999999,0.47,0.134,4.335999999999999,18.6432425,-53.9407751,2.868955162186719,11.041,6.966,10.2011,1,0,0,0,1,1,0,1,1,0,0,0
1.0,3.0,7,2.2650722006842066,0.058929067529287484,1.9787925360653245,0.073,1091.4,190,5055.6,1.0020000000000002,0.6940000000000002,0.0005999999999999922,4.49,62.3228353,-53.3711768,2.7805878933925334,11.79,7.135,10.6771,1,0,0,0,1,1,1,1,1,0,0,0
1.0,1.0,7,6.94051284322031,1.1019400787607843,2.3905178483646266,0.132,1275.0,190,4912.0,1.97,1.01,0.15,3.19,25.471524,2.7044193,4.915401111404077,7.828,5.59,7.57742,1,0,0,0,0,0,0,1,0,0,0,0
1.0,2.0,7,7.064871859032955,1.146767330555157,2.6447002630444443,0.214,1403.0,190,5486.346,0.9100000000000001,0.96,-0.06599999999999999,3.864,192.2159553,-68.4246679,3.399766358236373,7.59,5.898,7.40535,1,0,0,0,1,1,0,1,1,0,0,0
1.0,1.0,8,0.8493948615710893,0.022348403663761812,2.7604528798952583,0.0,1464.6,190,5400.0,0.89,0.86,-0.07,4.47,353.5629149,-42.0617794,5.5917553419619965,12.483,10.746,12.3162,0,0,0,0,0,0,0,0,0,0,0,0
1.0,1.0,7,7.147559271189454,1.3137236682850553,2.414031285854356,0.17,1024.6,101,4805.0,8.8,1.66,0.04,2.66,150.4066612,-17.3330699,5.351094809042729,7.47,5.038,7.17997,1,0,0,0,0,0,0,0,0,0,0,0
1.0,3.0,8,2.0869197599732408,0.06453227111803984,0.8246139433022509,0.2002,790.0,190,5033.0,0.71,0.79,-0.09,4.64,230.4799011,-20.2317975,4.226924252121216,10.883,8.375,10.4191,0,0,0,0,0,0,0,0,0,0,0,0
1.0,1.0,3,5.2590133683401294,1.2947271675944,2.4503304013914105,0.22400000000000003,1011.7119999999999,190,5544.0,1.284,0.8,-0.09840000000000002,4.5120000000000005,267.91325,-29.611,8.197263371414335,16.4732,14.586911999999993,10.822476,1,1,0,1,1,1,0,1,1,0,0,0
1.0,1.0,7,6.032824796742959,0.7376424204464965,2.659589257436849,0.8206009999999999,1540.3840000000005,190,4664.0,8.33,1.0,-0.19,2.71,133.820353,-67.2653621,5.220523378608016,7.83,5.253,7.5144,1,0,0,0,0,0,0,0,0,0,0,0
1.0,1.0,8,0.9663859108079447,0.02634977532278202,2.579003973167116,0.038,1706.0,190,5700.0,1.03,0.96,0.09,4.39,354.337670099,-41.2772202,5.737014135338338,12.147,10.598,11.996,0,0,0,0,0,0,0,0,0,0,0,0
1.0,1.0,3,5.2590133683401294,1.0986122886681098,2.4503304013914105,0.22400000000000003,1011.7119999999999,190,5544.0,1.284,0.47,-0.09840000000000002,4.5120000000000005,267.8520833,-29.4231611,8.716207971151853,16.4732,15.01963999999999,10.822476,1,1,0,1,1,1,0,1,1,0,0,0
1.0,2.0,8,3.169685580677429,0.6684189251215293,0.9246556482057827,0.037,612.712,190,6072.0,1.66,1.18,-0.042,4.274,282.4922622,43.9802442,5.984890485238814,11.693,10.109,11.2886,0,0,1,0,0,0,0,1,1,0,0,0
1.0,3.0,8,2.2944218643220946,0.182712340300311,1.0647107369924282,0.0750294,648.2,190,5905.0,1.26,1.04,-0.09,4.3740000000000006,288.9612535,42.2650472,6.933520486868163,13.95,12.516,13.9132,0,0,1,1,0,0,0,0,1,0,0,0
1.0,1.0,8,1.4256664089753444,0.03665974436260261,2.4465122618006885,0.45,1715.3920000000003,126,4400.0,0.59,0.69,-0.03,4.63,203.6087259,-66.5811639,6.618684242366079,17.02,14.244,15.989448,0,0,0,1,0,0,0,0,0,0,0,0
1.0,2.0,8,1.9050881545350582,0.29077115283636545,1.4194873284756546,0.0162,795.6,190,5187.9,0.83,0.86,0.2064,4.556,293.6413146,44.6570692,6.46946734750647,15.017,12.897,14.7738,0,0,1,0,0,0,0,1,1,0,0,0
1.0,2.0,8,3.697884437276651,0.19309662996191307,1.0577902941478545,0.0,475.0,117,5152.0,0.78,0.83,-0.05,4.59,90.9842762,-60.6663348,4.098158944872868,9.866,7.851,9.65064,0,0,0,0,0,0,0,0,0,0,0,0
1.0,2.0,8,1.5923511618039088,0.04974209189481407,2.4091049363717185,0.0,1393.0,190,5718.0,1.56,1.16,0.283,4.12,223.0926408,70.4765573,5.81008654502624,11.314,9.964,11.3998,0,0,0,0,0,0,0,0,0,0,0,0
2.0,1.0,2,6.000434586699843,5.351858133476067,2.357196202447534,0.3822,2312.592,138,3850.0,1.0059999999999998,0.87,-0.016800000000000002,4.248,246.6167993,-25.446695,4.9247142315886165,14.763,9.099,13.2655,1,1,0,1,0,1,0,1,1,0,0,0
1.0,6.0,8,3.7024124683965205,0.20620083058389777,2.4351607929954575,0.04,574.0,190,5770.0,0.97,1.02,0.07,4.47,192.1848981,64.8552755,4.448939678150557,9.534,8.034,9.36789,1,0,0,0,0,0,0,0,0,0,0,0
1.0,2.0,7,6.7721646246757885,1.0123279200710973,2.278456290949116,0.494,836.6,190,5295.0,0.95,0.94,0.33,4.46,213.1438604,47.0147826,5.8546420303852456,13.225,11.275,12.9729,1,0,0,0,0,0,0,0,0,0,0,0
1.0,1.0,7,8.036554651445996,1.62412946117709,2.260919534508401,0.11,993.6,97,5436.0,1.206,0.95,0.184,4.418,177.5854673,-1.2522989,4.155094666361378,9.26,7.495,9.04883,1,0,0,0,0,1,0,1,1,0,0,0
1.0,1.0,8,1.765641341072996,0.05097824476462945,2.745474429748209,0.0,1177.0,75,5550.0,1.21,1.0,0.35,4.35,58.2639299,-30.8046405,6.801469891317575,14.529,12.647,14.2311,0,0,0,0,0,0,0,0,0,0,0,0
1.0,2.0,8,1.9329696377795786,0.2907711528363655,1.0848513734180727,0.020742000000000003,612.712,190,4499.3,0.66,0.68,-0.047999999999999994,4.444,292.1370409,42.4294835,6.0853168465391425,15.13,12.719,15.0257,0,0,1,1,0,0,0,1,1,0,0,0
1.0,2.0,8,0.6971566319564617,0.019920267435130746,1.009781074961494,0.0,2128.0,40,5978.0,1.1,1.07,-0.04,4.38,338.9837166,-59.864829,3.8936207171993886,7.95,6.419,7.80173,0,0,0,0,0,0,0,0,0,0,0,0
1.0,1.0,8,2.8643667622855817,0.11955923505763925,1.2839847422953208,0.0,723.0,190,5801.0,1.02,1.0,0.019,4.42,186.5242821,61.2589289,4.531913236227451,9.584,8.073,9.42861,0,0,0,0,0,0,0,0,0,0,0,0
1.0,2.0,8,4.7513147594465845,0.3927175352856617,2.673458756332591,0.036,478.0,190,5600.0,1.82,1.1,-0.17,3.96,297.9168433,46.9651146,7.117935163904488,14.681,12.981,14.5869,0,0,0,0,0,0,0,0,0,0,0,0
1.0,1.0,3,5.2590133683401294,0.4824261492442927,2.4503304013914105,0.154,1011.7119999999999,190,5544.0,1.3299999999999998,0.09,-0.09840000000000002,4.5120000000000005,267.8745,-30.6463889,8.892855620084674,16.4732,14.586911999999993,10.822476,1,1,0,1,1,1,0,1,1,0,0,0
1.0,1.0,7,7.3015525822226195,1.3454723665996355,2.155521050897985,0.21,1115.6,93,4823.0,5.27,1.39,0.06,2.99,349.2071949,-21.2033101,4.632454559015149,7.25,4.907,6.97658,1,0,0,0,0,0,0,0,0,0,0,0
2.0,4.0,8,4.013140110540799,0.2658964803798586,2.0228711901914416,0.019,584.0,190,6182.0,1.52,1.28,0.023,4.18,297.3330716,41.8911186,6.1697195131855,12.314,10.926,12.1882,0,0,0,0,0,0,0,0,0,0,0,0
1.0,5.0,9,4.047742003498081,0.1908103983179644,1.0116009116784799,0.031369999999999995,812.2,190,5573.5199999999995,0.95,1.03,0.254,4.6423000000000005,291.1118647,39.9490248,6.935808093424172,14.403,12.826,14.2223,0,0,1,1,1,0,0,1,1,0,0,0
1.0,1.0,2,1.351866424372226,5.846438775057725,3.1061199638849386,0.3361202,2580.960000000001,190,5400.8,1.584,1.048,0.06239999999999999,4.15,166.0375038,-76.4553693,5.25603597429143,12.335,8.661,11.7733,0,1,0,1,1,1,1,1,1,0,0,0
1.0,1.0,3,6.609433931338262,1.0331844833456545,2.701887223850495,0.22400000000000003,1208.9119999999998,190,5536.4,1.284,0.34,-0.0064,4.46,271.38525,-28.4902806,8.594339400592892,17.02,15.01963999999999,10.822476,1,1,0,1,1,1,0,1,1,0,0,0
1.0,1.0,8,1.2983960454618755,0.02780970063926723,2.5305967757051158,0.012,2198.0,129,4251.0,0.61,0.65,-0.43196,4.462,299.0506412,17.5699627,5.724565013838729,15.564,12.198,15.0324,0,0,0,0,0,0,0,1,1,0,0,0
2.0,1.0,8,4.473324925329486,0.32353172534547814,2.4458192610799534,0.772,511.0,68,5520.0,1.13,0.99,0.27,4.32,291.2250888,44.9272918,6.873180285195988,14.818,12.726,14.6419,0,0,0,0,0,0,0,0,0,1,0,0
2.0,1.0,7,7.195937226475569,1.2149127443642704,2.1997827346843164,0.48,1169.512,190,6254.0,1.31,1.28,0.22,4.31,309.9664609,11.2500236,3.5601706995680975,6.39677,5.072,6.26141,1,0,0,0,0,0,0,0,0,0,0,0
2.0,4.0,7,6.451449405658597,0.9038132103630425,1.25420261698003,0.102,815.6,190,5847.0,1.26,1.06,0.11,4.502,291.0323102,49.0402129,4.977877915191399,10.077,8.588,9.93355,1,0,0,0,0,0,0,0,1,0,0,0
1.0,1.0,7,5.5981997120811355,0.5766133643039938,2.141943055336193,0.29,906.9119999999999,190,4864.0,0.86,0.49,0.17,4.26,318.4010002,14.6893834,3.919038340322051,9.78,7.336,9.35108,1,0,0,0,0,0,0,0,0,0,0,0
1.0,1.0,8,0.8969255105020549,0.02099799099560547,0.7880027115726241,0.0,976.0,190,4115.0,0.61,0.6,0.012,4.64,232.946047,47.0555507,3.5108825325900583,10.51,7.25,9.87723,0,0,0,0,0,0,0,0,0,0,0,0
1.0,6.0,8,1.2098823087582184,0.033289697864641914,0.9202827531436926,0.048,1324.2,190,5356.3,0.86,0.94,0.14,4.54,348.9490311,-10.8497391,5.316083608091981,12.246,10.305,12.0252,0,0,0,0,0,0,0,0,0,0,0,0
1.0,1.0,3,6.507110622048481,0.9321640810304452,2.4503304013914105,0.154,1011.7119999999999,190,5536.4,1.284,0.37,-0.09840000000000002,4.5120000000000005,269.79275,-27.8350833,8.892855620084674,17.02,15.01963999999999,10.863846,1,1,0,1,1,1,0,1,1,0,0,0
1.0,1.0,8,0.7938604193351573,0.023550497210196784,2.7898145029048496,0.2594,2212.0,190,6050.0,1.418,0.18,0.16999999999999998,3.9059999999999997,269.1479583,-29.5392222,8.661305277425255,15.3,15.01963999999999,6.9298839999999995,0,0,0,1,0,1,1,1,1,1,0,0
1.0,1.0,2,4.880620811697892,5.846438775057725,2.120916493697405,0.3928,2580.960000000001,11,7826.0000000000055,2.0641,2.5,0.16799999999999998,4.0063,240.4810052,-21.980492,4.925505781651912,7.1691,6.405000000000001,7.14665,1,1,0,1,0,1,0,1,1,0,0,0
1.0,1.0,8,1.4416060708509626,0.04200529414503013,2.987246369903693,0.0,1747.0,29,6390.0,1.65,1.01,-0.5,4.01,289.3143526,-2.7747085,7.024835845742787,15.635,12.935,15.2625,0,0,0,0,0,0,0,0,0,0,0,0
1.0,1.0,8,1.7962160240194498,0.058268908123975775,2.598384133547774,0.33,1399.2,15,6361.0,1.47,1.22,-0.08,4.19,18.9953122,21.6169065,5.633052380786157,10.81,9.532,10.6509,0,0,0,0,0,0,0,0,0,0,0,0
1.0,3.0,7,1.8926299196130165,0.054488185284069734,2.4778101801271055,0.207,928.8,97,5205.0,1.116,0.67,-0.5798,4.53,86.129071,-70.1382377,3.311021001329369,8.09,6.094,7.85201,1,0,0,0,0,1,0,0,0,0,0,0
1.0,2.0,7,7.506042178518122,1.235471471385307,2.230926363891411,0.2,1715.3920000000003,133,4462.0,0.53,0.58,-0.24,3.79,196.233933,-52.4463502,2.849648138166581,9.05,5.637,8.4428,1,0,0,0,0,0,0,0,0,0,0,0
1.0,1.0,3,3.7640933409933433,0.6678293725756554,2.4503304013914105,0.22400000000000003,1011.7119999999999,190,5544.0,1.284,0.15,-0.09840000000000002,4.5120000000000005,268.742218,-29.7504635,8.824824939175638,16.4732,14.586911999999993,10.822476,1,1,0,1,1,1,0,1,1,0,0,0
1.0,2.0,7,9.137444196069952,2.255493485460195,2.5411773853063693,0.149,1408.8,190,5665.4,5.55,0.96,0.08399999999999999,4.444,93.3993231,-29.8971929,4.14964050199274,8.98,7.203,8.77158,1,0,0,0,1,1,0,1,1,0,0,0
1.0,1.0,7,4.9788005705762375,0.5423242908253617,2.073357247943276,0.09,1210.6,101,4945.0,11.6,2.42,0.03,2.6,327.5005089,-64.7126993,4.665135767155525,5.62,3.292,5.36073,1,0,0,0,0,0,0,0,0,0,0,0
1.0,1.0,3,7.955684663998076,1.8082887711792655,2.701887223850495,0.32815999999999995,1404.1119999999999,190,5247.2,1.1219999999999999,0.45,-0.004400000000000001,4.452,272.664612,-24.8577385,8.79497643168877,15.3,15.01963999999999,10.108464000000001,1,1,0,1,1,1,0,1,1,0,0,0
1.0,4.0,7,4.55849777778966,0.34712953109520095,2.183090973119291,0.04,933.0,92,5600.0,1.318,1.07,0.35,4.28,236.7235392,46.986288,3.6380307977023736,7.20856,5.499,7.00926,1,0,0,0,0,1,0,0,0,0,0,0
1.0,1.0,7,3.232999612938598,0.13976194237515868,1.670791084239933,0.05,675.312,190,4976.0,0.74,0.66,0.03,4.51,303.4990864,-0.8657574,3.0270322774702936,7.79,5.537,7.49558,1,0,0,0,0,0,0,0,0,0,0,0
1.0,1.0,2,2.6429127613504444,2.772588722239781,1.6285417196062106,0.1784,1065.0,186,3910.6,0.6300000000000001,0.09,0.07278400000000002,4.646,70.4371079,23.0308544,5.033793384661326,13.202000000000002,13.161,15.989448,1,1,0,1,1,1,0,1,1,1,0,0
1.0,2.0,7,6.458495010874302,0.9439058989071285,2.1286835756546885,0.092,1214.8,190,4871.0,4.06,1.27,-0.23996,3.26,13.7558096,0.7893425,4.807335218917103,8.05,5.699,7.77238,1,0,0,0,0,0,0,1,0,0,0,0
1.0,1.0,3,5.2590133683401294,1.33500106673234,2.4503304013914105,0.22400000000000003,1011.7119999999999,190,5544.0,1.284,0.56,-0.09840000000000002,4.5120000000000005,267.5772917,-30.0049694,8.79497643168877,16.4732,15.01963999999999,10.822476,1,1,0,1,1,1,0,1,1,0,0,0
1.0,3.0,8,3.587004135871673,0.1814878760453772,1.4886252922173524,0.0,458.0,190,5192.0,0.8,0.86,0.02,4.57,217.3920159,39.7903991,3.759083924651569,9.139,7.115,8.91028,0,0,0,0,0,0,0,0,0,0,0,0
1.0,1.0,8,2.621868152851688,0.06466351332572215,0.6719235441083187,0.5,315.0,164,3296.0,0.26,0.24,-0.32,5.201500000000001,5.016937917,13.5576175,2.580974118534234,12.6,7.807,11.3963,0,0,0,0,0,0,0,0,0,0,0,0
1.0,1.0,8,1.0995615046866751,0.026836653953559674,2.4664031782234406,0.0,939.0,190,3996.0,0.65,0.67,0.14,4.67,184.9016378,48.6832895,5.969768378192884,16.74,12.735,15.6306,0,0,0,0,0,0,0,0,0,0,0,0
1.0,1.0,7,5.950642552587727,0.7227059828014898,1.4712736933290358,0.38,603.8,81,4895.6,1.81,1.08,-0.0348,4.172,173.9646303,-4.7555425,3.922638461571093,8.42,6.735,8.2387,1,0,0,0,1,1,0,1,1,0,0,0
1.0,4.0,8,1.4977787127601072,0.03745954782704742,1.2781522025001875,0.0,1089.0,111,4975.0,0.79,0.83,0.0,4.4,349.3843458,1.3001522,5.049605975994328,12.075,9.971,11.804,0,0,0,0,0,0,0,0,0,0,0,0
1.0,2.0,8,0.8948157461658574,0.023316055814587427,1.0818051703517284,0.26,1329.0,92,5271.8,0.77,0.85,0.044000000000000004,4.502000000000001,131.1069959,1.8598933,4.620925417932598,10.825,8.855,10.5745,0,0,0,1,1,0,0,1,1,0,0,0
1.0,2.0,7,7.673223121121708,1.5225719794124384,2.454022979725823,0.099,870.7119999999999,103,4915.0,3.49,1.33,0.22,3.138,5.1317548,30.9750611,4.4976373124686075,7.52,5.272,7.25688,1,0,0,0,0,0,0,0,1,0,0,0
1.0,1.0,7,1.6545613624159081,0.05135829227514207,2.6376598253905006,0.013,1074.2,190,5758.0,1.18,1.03,0.18,4.31,344.3675399,20.7690958,2.801018246309987,5.45309,3.911,5.28647,1,0,0,0,0,0,0,0,0,0,0,0
1.0,3.0,8,3.8189429969420483,0.183487543433924,0.8993480111438431,0.091,305.0,136,3844.0,0.55,0.55,-0.157,4.7,172.3353708,-1.4551364,3.8082767417198418,12.168,8.561,11.4785,0,0,0,0,0,0,0,0,0,0,0,0
1.0,1.0,7,1.409159451149177,0.04334680450336586,2.1951139508190067,0.022,1447.9119999999998,190,6168.0,1.316,1.21,0.137,4.34,288.8890182,-24.1797939,3.3484047181682914,6.25,4.936,6.1106,1,0,0,0,0,1,0,0,0,0,0,0
1.0,4.0,8,3.4289876306436544,0.16347846899247476,1.3862943611198906,0.06,564.0,190,5261.0,0.88,0.84,0.04,4.154000000000001,8.7401487,4.3807215,3.87722242906119,8.97,7.066,8.76221,0,0,0,0,0,0,0,0,1,0,0,0
1.0,1.0,8,1.792388854456946,0.06398836983208996,3.0374019087253834,0.05,1749.0,190,6460.0,2.08,1.54,0.072,3.99,99.7345935,-36.64613,5.837721700772005,10.51,9.243,10.4006,0,0,0,0,0,0,0,0,0,0,0,0
1.0,1.0,7,2.0674954706614352,0.05902334044946101,1.1837324184729332,0.121,590.0,138,3867.0,0.61,0.63,-0.04,4.65,242.2645452,52.9441443,2.8864027808055526,10.166,6.331,9.40765,1,0,0,0,0,0,0,0,0,0,0,0
1.0,3.0,7,3.5527733211169448,0.1697427745870945,2.4778101801271055,0.333,928.8,97,5205.0,1.116,0.67,-0.5798,4.53,86.129071,-70.1382377,3.311021001329369,8.09,6.094,7.85201,1,0,0,0,0,1,0,0,0,0,0,0
2.0,2.0,8,1.5358212749403486,0.04617722961775126,1.415853163361435,0.0,1212.0,190,5908.0,1.03,1.08,0.11,4.45,162.7766969,25.641065,4.42296702218541,9.182,7.776,9.03376,0,0,0,0,0,0,0,0,0,0,0,0
1.0,2.0,8,1.667936794112131,0.049456608712592526,2.702836634049323,0.044,1108.0,190,5295.0,0.95,0.94,0.33,4.46,213.1438604,47.0147826,5.8546420303852456,13.225,11.275,12.9729,0,0,0,0,0,0,0,0,0,0,0,0
1.0,5.0,7,4.0923926584968555,0.26290258108755804,2.725086459766222,0.055,1678.7920000000001,190,5576.0,1.16,1.05,0.343,4.33,228.8103897,-70.5203328,3.324708628980275,6.86,5.177,6.67835,1,0,0,0,0,0,0,0,0,0,0,0
1.0,1.0,8,1.317686237036735,1.5365344115794453,2.9409592477066995,0.0,1355.0,190,6768.0,1.81,1.76,0.0,4.5,78.2955912,33.3179532,4.924939415095966,8.56,7.543,8.45173,0,0,1,0,0,0,0,0,0,0,0,0
1.0,1.0,7,6.755768921984255,1.0577902941478545,2.1091083023932073,0.124,922.2,190,4934.0,4.96,1.21,0.094,3.21,128.4028287,13.5507189,4.8468528215660545,7.82,5.614,7.57415,1,0,0,0,0,0,0,1,0,0,0,0
1.0,3.0,8,2.868362658128991,0.10580041888621161,1.415853163361435,0.0,499.0,190,4227.0,0.67,0.68,-0.1,4.57,157.1440712,65.8541986,4.312109675635232,11.922,8.95,11.5743,0,0,0,0,0,0,0,0,0,0,0,0
1.0,1.0,8,1.6374376553137497,0.04939950229476742,2.6091870502983374,0.03,1278.0,190,5678.0,1.1,1.01,0.217,4.36,292.4588212,62.5291892,5.585265419673533,11.64,10.208,11.6787,0,0,0,0,0,0,0,0,0,0,0,0
1.0,1.0,8,1.9089494698146379,0.04094998632895411,1.0647107369924282,0.0,441.0,190,3395.0,0.3,0.3,-0.07,4.84,134.7188514,21.0747961,3.364796156680538,13.821,9.19,12.7331,0,0,0,0,0,0,0,0,0,0,0,0
1.0,2.0,7,5.976604684200958,0.09531017980432487,1.9169903974428053,0.0,852.4,190,5058.0,0.8,0.85,0.131,4.56,97.7487104,66.3605956,4.833738993947366,11.446,9.425,11.3103,1,0,0,0,0,0,0,0,0,0,0,0
1.0,3.0,8,2.3075427833132736,0.0683126401820873,1.2584609896100056,0.062,533.0,140,3985.0,0.55,0.58,-0.26,4.7,282.7372281,64.419466,4.61071578071369,13.86,10.27,13.1798,0,0,0,0,0,0,0,0,0,0,0,0
1.0,2.0,7,8.974744612722734,2.2407096892759584,2.330879921930048,0.489,913.8,190,4867.0,3.4,1.26,-0.06739999999999999,3.46,133.0992289,13.2330548,4.459359134588433,7.84,5.502,7.5599,1,0,0,0,0,0,0,1,0,0,0,0
1.0,1.0,7,4.782897873771819,0.3784364357202451,1.9356386386870628,0.37,1464.6,190,5399.0,0.93,0.74,0.27,4.37,343.9748751,-26.6595286,3.6286649044564196,8.11,6.311,7.91638,1,0,0,0,0,0,0,0,0,0,0,0
1.0,6.0,7,6.956545443151569,1.1216775615991057,2.307385315615169,0.27,1364.8,190,5879.0,1.38,1.14,0.18,4.21,79.4207483,7.3527156,3.852075529296815,7.31,5.79,7.14947,1,0,0,0,0,0,0,0,0,0,0,0
1.0,2.0,7,5.867034468729805,0.7323678937132266,2.37874477524731,0.17,1713.592,35,6330.0,1.55,1.36,0.25,4.19,121.9155672,31.5511553,4.350557897166617,8.05,6.866,7.92235,1,0,0,0,0,0,0,0,0,0,0,0
1.0,1.0,8,4.834136511998524,0.38662202030668447,1.5439389302014046,0.0,300.0,190,5081.0,0.85,0.9,0.339,4.53,261.3748943,75.8822796,4.847802589886148,11.638,9.521,11.4808,0,0,0,0,0,0,0,0,0,0,0,0
1.0,2.0,7,3.746676552840153,0.15357908792830063,2.2308543958202813,0.38,1104.6,190,3287.0,0.36,0.34,0.076,4.87,175.4326081,42.7515862,2.4860976069835243,11.939,6.822,10.5769,1,0,0,0,0,0,0,1,0,0,0,0
2.0,1.0,8,1.0185000035741207,0.025765207886026414,2.405863442447547,0.0,1200.0,111,4900.0,0.68,0.76,-0.04,4.65,322.2537644,-58.8361466,4.5250333072139295,11.636,9.194,11.3583,0,0,0,0,0,0,0,0,0,0,0,0
1.0,1.0,8,1.2526772505359745,0.0344014267173324,2.581579537048261,0.01,1345.0,97,5241.0,0.98,0.89,0.24,4.41,328.9759206,-14.0684399,6.063729393176463,13.69,11.642,13.4954,0,0,0,0,0,0,0,0,0,0,0,0
1.0,2.0,7,8.81001204797317,2.0731719286662407,2.1933965134924582,0.24,974.6,190,5582.0,1.5,0.99,0.34,4.08,11.1722288,20.4483925,4.411336619555187,8.7,7.047,8.51545,1,0,0,0,0,0,0,0,0,0,0,0
1.0,1.0,8,2.362191785131107,0.08157998699242287,1.2977363341380992,0.0,759.0,190,5457.0,0.84,0.88,-0.079,4.53,185.0628734,56.2014094,4.68264035675499,10.714,8.887,10.4785,0,0,0,0,0,0,0,0,0,0,0,0
1.0,1.0,8,4.183497949025391,0.28292075535007044,2.5293221798183856,0.021,636.0,190,5802.0,1.7,1.11,0.1,4.03,118.9945352,-52.3548332,5.694644180678495,11.529,9.489,11.1911,0,0,0,0,0,0,0,0,0,0,0,0
1.0,1.0,7,2.7237923080508177,0.07862632045518954,2.404361392893743,0.1,351.0,164,3451.0,0.36,0.36,-0.03,4.96,103.7002499,33.2664632,1.884121367725216,9.89,5.275,8.85518,1,0,0,0,0,0,0,0,0,0,0,0
1.0,3.0,8,1.7396852910827603,0.04277209184386899,1.1817271953786161,0.4213202,553.0,149,3681.0,0.51,0.51,0.07,4.73,160.0658525,-8.5110827,4.177931750028368,13.667,9.607,12.8191,0,0,0,1,0,0,0,0,0,0,0,0
1.0,4.0,8,1.43031646183407,0.04443784943056829,0.9305880365749795,0.1,1592.0,190,5854.0,1.45,1.24,0.321,4.497999999999999,297.028162,48.2086019,6.267194855925539,12.543,11.06,12.4627,0,0,0,0,0,0,0,0,1,0,0,0
1.0,1.0,8,1.3723033416689498,0.036910354020097076,2.4666578147312035,0.062,1031.6,190,5150.0,0.77,0.78,-0.036,4.504,101.1275033,-42.7622296,5.339891078457965,12.539,10.45,12.3208,0,0,0,0,0,0,0,1,1,0,0,0
1.0,1.0,7,4.06791502538512,0.22314355131420976,2.4815968491578344,0.17,912.4,190,3901.0,0.65,0.69,-0.14,4.65,41.6800749,-23.0860048,3.193393900853509,10.25,6.736,9.59893,1,0,0,0,0,0,0,0,0,0,0,0
1.0,1.0,3,5.182391606723103,0.3293037471426004,2.4503304013914105,0.154,1011.7119999999999,190,5536.4,1.284,0.29,-0.09840000000000002,4.512,268.88325,-29.2538333,8.0774471493312,17.02,15.01963999999999,10.863846,1,1,0,1,1,1,0,1,1,0,0,0
1.0,1.0,8,1.851246660101378,0.0641947120419968,2.6311691567662523,0.0,1500.0,28,6400.0,1.6,1.35,-0.02,4.17,7.7095292,-40.5734613,6.297571459907969,11.645,10.65,11.6333,0,0,0,0,0,0,0,0,0,0,0,0
2.0,3.0,7,1.7258035885552916,0.05753467637765433,2.5984799532003655,0.0215,1808.3920000000003,35,5448.2,1.56,1.3,-0.016000000000000004,3.774,24.1983534,41.4038147,2.667603136287028,4.09565,2.859,3.98687,1,0,0,0,1,0,0,1,1,0,0,0
1.0,3.0,8,3.1091676495979064,0.1528927461031425,2.379546134130174,0.08642940000000002,612.712,190,4840.0,4.23,1.32,0.2,3.31,293.7583002,41.871807,6.817824006881181,12.598,10.227,12.4298,0,0,0,1,0,0,0,0,0,0,0,0
1.0,1.0,8,1.5263825546171899,0.04688358589885042,2.667228206581955,0.035,1358.0,190,5940.0,1.08,1.03,-0.11,4.28,163.487394,-25.5245988,6.270589486505685,13.361,11.78,13.1868,0,0,0,0,0,0,0,0,0,0,0,0
1.0,1.0,7,9.217018026729423,2.4069451083182885,1.6945282945135283,0.12,1124.4,47,5353.8,1.638,1.34,0.04,4.164,353.3319001,-76.938055405,3.4701480300355017,5.82,4.306,5.65862,1,0,0,0,1,1,0,1,1,0,0,0
1.0,3.0,8,1.9834687674082723,0.06672363204290818,1.6762238645971792,0.077,940.2,190,5518.8,1.124,1.1,-0.36588000000000004,4.424000000000001,84.2992798,-76.938055405,2.958559861199608,5.65,4.241,5.5128,1,0,0,0,1,1,0,1,1,0,0,0
1.0,1.0,7,6.795370148387346,1.0691834779772975,1.8086924101819384,0.05,980.4,101,4845.0,4.5,1.17,0.14,3.25,68.3903471,-62.8237576,3.810030146177957,5.79,3.777,5.50503,1,0,0,0,0,0,0,0,0,0,0,0
2.0,1.0,7,6.407209964623703,0.9932517730102833,2.339841420971236,0.08,890.3120000000001,120,4092.1,38.409499999999994,1.7,-0.29,1.6624999999999999,124.1286379,9.1853306,4.500333977301785,3.8593936,1.5122200000000001,3.80122,1,0,0,0,0,0,0,0,0,0,0,0
1.0,4.0,8,2.4259878638725234,0.07259969241434357,0.598121822621983,0.02,452.0,190,3841.0,0.54,0.54,-0.18,4.71,290.3814122,43.2930645,4.217482125662608,13.04,9.506,12.4715,0,0,0,0,0,0,0,0,0,0,0,0
1.0,1.0,8,1.4765298683446477,0.042043647997679325,2.6058698086732344,0.069,1237.0,190,5400.0,0.97,0.93,0.251,4.43,269.5720695,5.7613709,6.0025478992164185,13.657,11.512,13.5106,0,0,0,0,0,0,0,0,0,0,0,0
1.0,1.0,8,4.253295701385002,0.2978798974282269,2.3614198787149383,0.17,414.0,190,5730.0,1.01,1.03,0.18,4.3,70.9975864,-31.9066369,5.010548623673817,10.507,9.12,10.4403,0,0,0,0,0,0,0,0,0,0,0,0
1.0,1.0,2,6.892488739458931,4.02535169073515,2.3989315858007787,0.1204,1900.0,10,7826.0000000000055,0.9259999999999999,2.6,-0.36,3.78,354.337670099,44.3338511,3.9321726313368726,4.13791,4.571,4.13478,1,1,0,1,0,1,0,0,0,0,0,0
1.0,1.0,8,4.2478996590107005,0.27702549226325207,0.7880027115726241,0.69,438.0,190,5421.0,0.9,0.91,0.05,4.426,293.6792058,46.8527337,4.236610613075769,9.636,7.768,9.39109,0,0,0,0,0,0,0,0,1,0,0,0
1.0,1.0,8,1.4502718499082408,0.048761592332689535,2.9290581402859983,0.312,2101.0,190,6460.0,2.26,1.56,0.01,3.92,100.5712467,-29.77678,7.2028771076878,13.478,12.147,13.2842,0,0,0,0,0,0,0,0,0,0,0,0
1.0,1.0,7,4.362843815257108,0.32497785719547784,2.633176321691127,0.0,683.0,39,6000.0,2.13,1.26,-0.013,4.01,133.0147781,11.6899626,6.749688775648885,12.704,11.306,12.5858,1,0,0,0,0,0,0,0,0,0,0,0
1.0,1.0,3,6.609433931338261,1.5602476682433286,2.4503304013914105,0.22399999999999998,1011.7119999999999,190,5536.4,1.284,0.69,0.0416,4.378,270.30375,-27.4267639,8.210939733379021,17.02,15.01963999999999,10.863846,1,1,0,1,1,1,0,1,1,0,0,0
2.0,4.0,7,3.596588162876524,0.16636153721522526,2.726879944737456,0.152,1389.2,190,5206.6,1.7740000000000002,0.63,0.06200000000000001,3.814,262.5448903,-51.6377777,2.834812065419913,9.58,5.825,8.86517,1,0,0,0,1,1,0,1,1,0,0,0
1.0,1.0,7,4.809823847988456,0.4252677354043441,1.4180157216357285,0.35,938.2,190,4284.0,38.409499999999994,2.6,-0.02,2.2,132.4866957,11.6924845,6.707097027886999,9.616,6.693,9.40374,1,0,0,0,0,0,0,0,0,0,0,0
1.0,1.0,7,7.217663510192084,1.1878434223960523,2.2053476238972753,0.459,1358.2,64,5560.0,0.85,0.85,-0.24,4.44,69.4681379,60.6762985,3.465545259628472,7.76,6.082,7.58565,1,0,0,0,0,0,0,0,0,0,0,0
2.0,1.0,8,1.6226389539974437,0.047103027468642825,2.6606091265020737,0.0,1074.0,190,5281.0,0.86,0.91,0.168,4.53,39.4297435,76.78236720799998,5.329753047127677,12.084,10.286,12.0572,0,0,0,0,0,0,0,0,0,0,0,0
2.0,1.0,8,1.3377866570548471,1.0268127932885456,2.84147325452492,0.04,1423.2,190,6304.0,1.31,1.55,0.13,4.36,123.9498431,5.8368669,5.370568258251941,10.352,9.151,10.2998,0,0,1,0,0,0,0,0,0,0,0,0
1.0,1.0,3,6.609433931338262,1.358409157630355,2.701887223850495,0.22400000000000003,1208.9119999999998,190,5536.4,1.284,0.57,-0.0064,4.46,271.863875,-29.2815806,8.74528448245438,17.02,15.01963999999999,10.822476,1,1,0,1,1,1,0,1,1,0,0,0
1.0,1.0,8,0.7024571083790546,0.01838004728142952,2.7898145029048496,0.0,2000.0,111,5000.0,0.75,0.82,0.2,4.6,293.7327826,36.8154936,7.153756808830757,15.954,13.414,15.5965,0,0,0,0,0,0,0,0,0,1,0,0
1.0,2.0,8,1.7451463949776291,0.052051506871803474,0.9074517832069507,0.0,1133.0,190,5669.0,0.92,0.91,-0.18,4.231999999999999,291.4181275,38.6723124,4.573798190905487,9.996,8.37,9.86249,0,0,0,0,0,0,0,0,1,0,0,0
1.0,1.0,8,2.7658970704948334,0.11386425614904709,2.35080366526452,0.478,804.0,190,5695.0,1.07,1.06,0.2,4.4,233.0743401,-22.3583447,5.071008904019684,11.41,9.188,11.067,0,0,0,0,0,0,0,0,0,0,0,0
1.0,6.0,7,4.778030458992533,0.3931900772325518,2.304856611425639,0.027,1071.0,43,5836.0,1.38,1.07,0.14,4.21,79.4207483,7.3527156,3.852075529296815,7.31,5.79,7.14947,1,0,0,0,0,0,0,0,0,0,0,0
1.0,2.0,3,6.687787639525121,0.8153648132841945,2.4503304013914105,0.154,1294.9119999999998,136,5544.0,1.33,0.14,-0.12840000000000001,4.418000000000001,266.489125,-33.8428111,8.892855620084674,16.817199999999996,14.586911999999993,11.087644000000001,1,1,0,1,1,1,0,1,1,0,0,0
1.0,5.0,7,1.8242397925481124,0.39847154724374556,2.0040955745181703,0.1572,748.2,42,5391.0,1.21,1.08,-0.1624,4.138,261.3495847,52.7904721,3.3339815018185086,6.47915,4.965,6.30694,1,0,1,1,1,0,0,1,1,0,0,0
1.0,1.0,7,5.943324171780047,0.7793248768009976,1.9721872320274083,0.149,1279.0,190,4972.0,6.48,1.53,0.071,3.06,67.8560643,4.5752495,5.251791636611103,8.38,5.775,8.05469,1,0,0,0,0,0,0,1,0,0,0,0
1.0,1.0,8,1.4591702406305347,0.046263164469638136,3.026067473350064,0.245,1918.0,15,6071.0,2.04,1.3,-0.02,3.94,144.9268593,-28.5856004,6.760232751010741,13.006,11.435,12.8431,0,0,0,0,0,0,0,0,0,0,0,0
1.0,1.0,7,8.30795254527102,1.8562979903656263,2.015558579255946,0.16,1342.4,56,5902.200000000002,2.096,1.28,0.014000000000000007,4.132,229.4511514,-45.9225871,4.052097942293679,7.72,6.29,7.56578,1,0,0,0,1,1,0,1,1,0,0,0
1.0,2.0,7,5.889099540429954,0.7916341272745994,1.7097528855382496,0.071,1028.2,101,4866.0,7.3,1.81,-0.02,2.97,99.4200181,-12.9856593,4.446821372985029,6.11151,4.055,5.83869,1,0,0,0,0,0,0,0,0,0,0,0
1.0,1.0,7,5.415211118019536,0.5698489642154517,1.8503592841500698,0.084,380.0,31,6273.0,1.21,1.2,0.18,4.3,333.8158177,58.2755601,4.4319102484284105,8.48,7.244,8.34865,1,0,0,0,0,0,0,0,0,0,0,0
1.0,1.0,7,5.897703194750949,0.7030975114131134,2.4778101801271055,0.41,1048.4,190,5981.0,1.49,1.37,-0.18,4.23,84.2605324,-73.6998131,3.6651373271689347,6.69,5.267,6.54392,1,0,0,0,0,0,0,0,0,0,0,0
1.0,1.0,8,2.278858633527399,0.07881118042428978,1.457917104792858,0.0,993.0,190,5631.0,1.32,0.97,0.035,4.18,203.3974857,49.0608433,5.0549137083097975,10.32,8.692,10.1444,0,0,0,0,0,0,0,0,0,0,0,0
1.0,4.0,9,5.580800950240972,0.2907711528363655,1.4082860972589664,0.02,833.4,190,5674.0,0.87,0.96,0.047,4.504,296.4797624,49.9376486,6.665468407980713,14.885,13.197,14.6777,1,0,1,0,0,0,0,0,1,0,0,0
1.0,1.0,8,1.5443601312552993,0.048437721116294075,2.3561258599220753,0.14,1526.0,190,5710.0,1.89,1.2,0.215,3.96,61.9410587,-25.2088028,5.479671789151785,10.343,8.779,10.2321,0,0,0,0,0,0,0,0,0,0,0,0
1.0,1.0,8,1.6052491518126457,0.04974209189481407,2.6149109963585864,0.0,1953.5840000000003,190,5924.0,1.14,1.14,0.12,4.31,167.3279228,-61.0952624,7.825145406299593,16.9195,14.737,15.989448,0,0,0,0,0,0,0,1,1,0,0,0
1.0,2.0,7,6.874705088933208,1.1993621917682529,2.3627668279929033,0.065,2312.592,93,4879.0,12.38,1.78,-0.27,2.5,233.8818636,-14.789502,3.879534937072696,3.90672,1.524,3.80122,1,0,0,0,0,0,0,0,0,0,0,0
1.0,4.0,7,2.960881996118245,0.11395349007584525,2.4737216565685882,0.0,660.0,81,5401.0,1.018,0.7,-0.4,4.22,49.9997666,-43.0666533,1.9463072130721049,4.26,2.636,4.06635,1,0,0,0,0,1,0,0,0,0,0,0
1.0,1.0,3,5.2590133683401294,1.4609379041156565,2.4503304013914105,0.22400000000000003,1011.7119999999999,190,5544.0,1.284,0.76,-0.09840000000000002,4.5120000000000005,268.458458,-29.8774389,8.108021221376747,16.4732,14.586911999999993,10.822476,1,1,0,1,1,1,0,1,1,0,0,0
2.0,1.0,7,6.943797870329067,1.1216775615991057,1.8994676930154817,0.22,877.9119999999999,31,6150.0,1.1780000000000002,1.11,-0.2,4.4,309.8869681,42.247593,3.5320618879712034,6.82294,5.488,6.67106,1,0,0,0,0,1,0,0,0,0,0,0
1.0,1.0,8,3.9477558545878657,0.22896656461699844,1.2267122912954254,0.15,470.0,190,5368.0,0.85,0.88,-0.08,4.1739999999999995,129.6821253,15.6806039,5.09669677563357,11.568,9.748,11.4055,0,0,0,0,0,0,0,0,1,0,0,0
1.0,1.0,8,1.4753692326395305,0.04392118705792815,2.701294096605202,0.017,1400.0,37,6050.0,1.02,1.07,-0.02,4.44,332.7143373,-30.7497189,6.108440590567068,12.724,11.31,12.5754,0,0,0,0,0,0,0,0,0,0,0,0
1.0,1.0,8,1.5801944604644318,0.8615272367525865,2.821676461177069,0.0,1491.8,190,6250.0,1.55,1.82,-0.1,4.26,75.2996637,-26.0541438,6.193711272709207,12.489,11.008,12.0702,0,0,1,0,0,0,0,0,0,0,0,0
1.0,2.0,7,5.312713246831769,0.5709795465857378,2.387861311256585,0.26,1514.4,190,6245.0,2.57,1.5,-0.26,3.8,113.5130656,-22.2958661,3.2947844605680916,4.44,3.355,4.30793,1,0,0,0,0,0,0,0,0,0,0,0
1.0,1.0,8,1.6267315123990933,0.7155319278218462,2.828319033493155,0.0,1286.4,190,6030.0,2.55,2.52,0.14,3.93,319.9496969,-58.1489328,5.761038291159764,10.468,9.028,10.2607,0,0,1,0,0,0,0,0,0,0,0,0
1.0,2.0,7,2.6486822892948565,0.10436001532424277,2.618257887420877,0.07,1410.2,48,5869.0,1.4140000000000001,1.03,0.04,4.47,96.1820205,-28.7806402,3.133457360337798,6.383,4.871,6.21037,1,0,0,0,0,1,0,0,0,0,0,0
1.0,1.0,3,5.046397446196069,0.5193888544264785,2.4503304013914105,0.22399999999999998,1011.7119999999999,190,5536.4,1.284,0.09,0.0416,4.377999999999999,269.8230833,-26.982,8.76748487464946,17.02,15.01963999999999,10.863846,1,1,0,1,1,1,0,1,1,0,0,0
1.0,1.0,2,9.85332303799997,5.497168225293202,1.5863966765660484,0.3822,2175.0,187,2953.0,0.9420999999999999,0.09,-0.07999999999999999,4.25,245.604961,-24.0872219,5.992096156970838,10.249,13.423,15.989448,1,0,0,1,0,1,0,1,0,1,0,0
1.0,1.0,8,1.3848733519644436,0.11519639375596409,2.405863442447547,0.019,770.4,190,4780.0,3.22,1.32,0.39,3.5,290.6198948,60.8539035,6.286083751920239,12.524,9.678001,11.8752,0,0,1,0,0,0,0,0,0,0,0,0
1.0,1.0,8,3.4366816357588896,0.1831545430978465,2.5021733846867185,0.15,904.0,190,6219.0,1.29,1.19,0.1,4.29,18.0485164,-56.9253875,5.571522654193402,10.937,9.73,10.9545,0,0,0,0,0,0,0,0,0,0,0,0
1.0,1.0,2,2.6192962244921163,5.802118375377063,1.6285417196062106,0.1808,1065.0,143,3910.6,0.27,0.33,0.022,4.616,67.4231674,26.5493897,4.9115218911988965,13.98,8.178001,12.4961,1,1,0,1,1,0,0,1,1,0,0,0
1.0,1.0,7,6.595233889179368,0.9555114450274363,2.4042472007706213,0.1,1210.8,190,5974.0,1.07,1.12,-0.13,4.43,54.9281897,-52.9162344,3.539773113521346,7.12,5.705,6.96235,1,0,0,0,0,0,0,0,0,0,0,0
1.0,1.0,8,2.1324588303848184,1.1906572541979394,1.1841781769977564,0.0,899.2,91,4174.0,0.62,0.57,-0.5798,4.62,229.8374423,29.2078771,3.3671440943372715,10.25,7.104,9.71999,0,0,1,0,0,0,0,0,0,0,0,0
2.0,4.0,8,3.4878951261409172,0.16908433001193415,1.5005155052099135,0.05,550.0,190,5271.0,0.86,0.83,-0.06,4.49,252.426008,-19.5430504,5.066902199549558,12.304,9.821,12.0036,0,0,0,0,0,0,0,0,0,0,0,0
1.0,1.0,7,5.878323844131193,0.7687183674070194,2.3013560682328906,0.147,876.1119999999999,190,4943.0,5.14,1.63,0.172,3.24,11.4181301,7.8450492,4.92222657764605,7.83,5.595,7.57399,1,0,0,0,0,0,0,1,0,0,0,0
3.0,1.0,8,1.405199526994487,1.6774129806287188,2.814989469873251,0.0,1170.0,190,6200.0,1.57,1.27,0.01,4.15,343.0414932,35.4471778,5.359191369031234,10.358,8.953,10.1489,0,0,1,0,0,0,0,0,0,0,0,0
1.0,1.0,7,6.726197430488745,0.9790777199729198,2.547405043646041,0.042,1015.8,190,5717.0,0.85,0.88,-0.28,4.5,11.1125532,-26.5150392,3.5608670893129806,7.783,6.163,7.61066,1,0,0,0,0,0,0,0,0,0,0,0
1.0,3.0,8,2.4779214768392195,0.19679218433421544,1.4902038245104021,0.05561,612.712,190,5466.0,0.9,0.99,0.27,4.276,291.1481028,40.669413,5.934531696062128,13.209,11.454,13.1048,0,0,1,0,0,0,0,0,1,0,0,0
1.0,1.0,7,6.465323236053212,0.8462973600536201,2.4727106839373776,0.35,1846.104,118,4684.0,2.78,0.77,-0.057999999999999996,3.6620000000000004,270.7787177,-28.5608343,3.6979209562657984,9.62,7.169,9.32786,1,0,0,0,0,1,0,1,1,0,0,0
2.0,1.0,7,1.1773341243742304,0.0295588022415444,2.2338494675061815,0.0,1585.0,190,6239.0,1.16,1.55,0.18,4.5,336.8803957,-76.938055405,4.0115135263275725,7.76,6.466,7.63495,1,0,0,0,0,0,0,0,0,0,0,0
2.0,4.0,8,1.3875825310726013,0.03681397312271631,1.2240695060250584,0.146,1138.0,111,5256.2,0.82,0.87,0.055999999999999994,4.532,287.6057027,49.5233937,5.041332606565056,12.448,10.062,12.2327,0,0,0,0,1,0,0,1,1,0,0,0
2.0,1.0,8,1.935031475997262,0.06015392281974709,2.2992796359853194,0.0,910.0,92,5310.0,0.8,0.92,0.2,4.59,49.562173,-41.3020235,5.3635056765271045,12.456,10.472,12.2715,0,0,0,0,0,0,0,0,0,0,0,0
1.0,1.0,3,6.52172637929524,2.0781907597781832,2.450330401391411,0.22400000000000003,1011.7119999999999,190,5536.4,1.284,0.66,0.0416,4.378,265.7404167,-27.7728806,8.636042325254618,16.8172,14.586911999999993,10.863846,1,1,0,1,1,1,0,1,1,0,0,0
2.0,2.0,7,7.6632224246281195,1.441255919193865,2.292337520584534,0.357,931.4,190,5319.4,1.34,0.98,0.094,4.296,86.6451363,1.1675866,3.76939435797761,5.92848,4.211,5.74796,1,0,0,0,1,1,0,1,1,0,0,0
1.0,2.0,7,4.223909766576744,0.2745968329031255,1.7806554226530267,0.12,934.2,92,5460.0,1.0299999999999998,0.93,0.25,4.47,201.087663,48.8847322,4.139642922849387,9.38,7.578,9.15101,1,0,0,0,0,1,0,0,0,0,0,0
1.0,1.0,8,2.9494511341478047,0.14236724128692196,2.624741053305903,0.815,2092.184,190,6532.0,1.83,1.45,0.017,4.07,155.9841428,-56.8431169,5.908047611457993,10.86,9.693,10.7051,0,0,0,0,0,0,0,0,0,0,0,0
1.0,2.0,8,2.594210878775646,0.271932121313456,0.6976370858327973,0.18652019999999997,997.8,190,5923.8,0.82,0.93,0.167,4.502,294.5703593,50.6730147,6.4677127011619815,15.067,12.862,14.7628,0,0,1,1,1,0,0,1,1,0,0,0
1.0,3.0,8,1.524990518356481,0.045928931888399804,1.0818051703517284,0.06,1616.0,80,5430.0,1.71,1.05,0.2,3.99,228.2482353,-16.7246474,5.775470377946984,11.429,9.714,11.4019,0,0,0,0,0,0,0,0,0,0,0,0
1.0,2.0,7,2.6905648867611904,0.08525984395082342,1.3971509663164432,0.049,1380.8,147,3722.0,0.49,0.5,-0.16,4.77,259.0020507,11.0561751,2.952088593487436,10.844,6.816,9.98337,1,0,0,0,0,0,0,0,0,0,0,0
1.0,2.0,8,2.92664154013586,0.09621885774054292,0.8109302162163288,0.0,347.0,158,3759.0,0.44,0.44,-0.24,5.11,285.6365235,75.4185135,3.759281998212076,13.19,8.988,12.094,0,0,0,0,0,0,0,0,0,0,0,0
1.0,1.0,3,5.2590133683401294,1.5918847531865112,2.4503304013914105,0.22399999999999998,1011.7119999999999,190,5544.0,1.284,0.4,-0.09840000000000002,4.5120000000000005,267.970612,-29.2713604,8.456593569287309,16.4732,15.01963999999999,10.822476,1,1,0,1,1,1,0,1,1,0,0,0
1.0,2.0,8,2.2242580793421056,0.06325644963501485,1.0289048762432895,0.052,520.0,190,3725.0,0.55,0.54,-0.21,4.8,178.577997,-37.5533568,3.3382611317577346,11.536,7.615,10.7409,0,0,0,0,0,0,0,0,0,0,0,0
2.0,1.0,3,6.609433931338262,1.4350845252893227,2.701887223850495,0.22399999999999998,1236.312,190,5536.4,1.284,0.57,0.0416,4.378,271.9492083,-27.0335556,8.682877107057168,17.02,15.01963999999999,10.108464000000001,1,1,0,1,1,1,0,1,1,0,0,0
2.0,3.0,7,6.263760101881796,0.827240915040644,1.2319223856059707,0.0053,761.0,190,5687.0,1.07,1.03,0.32,4.231999999999999,287.4786474,38.2290751,5.446172557016128,11.567,9.968,11.4395,1,0,0,0,0,0,0,0,1,0,0,0
1.0,1.0,2,4.44759570770294,5.846438775057725,2.355018894014539,0.2536,1616.0,190,5843.8,3.714,1.492,0.010000000000000009,3.8579999999999997,321.3662989,-76.938055405,3.558639780689491,11.804,7.341,10.8133,1,1,0,1,1,1,1,1,1,0,0,0
1.0,1.0,7,7.069874128458572,0.5177578076273814,2.4164990990200326,0.51,1400.4,190,5245.0,0.8760000000000001,1.09,0.09204000000000001,4.458,285.0033888,-69.9450664,4.277864012366355,8.01,6.288,7.82424,1,0,1,0,1,1,0,1,1,0,0,0
1.0,1.0,7,4.973832987572151,0.39001300354924273,1.9765353543171322,0.14,1060.2,117,4995.0,2.162,0.7,0.15,4.26,161.0866672,-33.5776794,3.384929101197428,8.3,6.132,8.04206,1,0,0,0,0,1,0,0,0,0,0,0
1.0,4.0,8,4.457968638249039,0.32497785719547784,2.302585092994046,0.014,439.0,190,6018.0,0.94,1.04,-0.06399999999999997,4.51,296.4797624,49.9376486,6.665468407980713,14.885,13.197,14.6777,0,0,0,0,0,0,0,1,0,0,0,0
1.0,1.0,7,8.223010032622097,1.7817091333745536,2.6376598253905006,0.51,1542.8,37,5940.0,0.858,1.16,0.09,4.24,351.6144715,8.6428871,3.941781787672357,7.10831,5.651,6.94595,1,0,0,0,0,1,0,0,0,0,0,0
1.0,5.0,8,2.367806193621224,0.7979607463507729,1.3110318766193438,0.20451660000000005,848.4,190,5194.0,0.89,0.88,0.17,4.49,299.1393094,40.948939,5.729248771615457,13.174,11.221,13.0772,0,0,1,1,0,0,0,0,0,0,0,0
1.0,2.0,7,6.784457062637643,1.1249295969854831,1.8974870251228104,0.29,1521.2,190,5098.0,4.9,1.54,-0.03,3.5,155.8684866,-0.9023998,4.291405568770929,6.4535,4.285,6.20374,1,0,0,0,0,0,0,0,0,0,0,0
1.0,1.0,8,2.9882135788758033,0.11127300240942878,1.420695787837223,0.0,443.0,142,4065.0,0.6,0.61,0.05,4.65,326.8516615,62.7538164,3.7151659177997747,11.93,7.93,10.8385,0,0,0,0,0,0,0,0,0,0,0,0
1.0,4.0,8,3.661649049050582,0.1922718876471227,1.5071836783953438,0.0,464.0,190,5213.0,0.86,0.89,0.168,4.51,251.1158702,70.4299917,5.138277714042718,11.632,9.907,11.7291,0,0,0,0,0,0,0,0,0,0,0,0
1.0,1.0,8,1.4836104708826314,0.04325104199431494,2.6853955105374037,0.0,1456.0,190,4481.719999999999,1.08,0.99,0.014040000000000007,4.7726000000000015,353.6162694,-1.5799849,5.85648639414453,12.274,10.732,12.0286,0,0,0,0,1,0,0,1,1,0,0,0
2.0,1.0,3,6.593347225780621,0.8020015854720274,2.4503304013914105,0.3481202,1011.7119999999999,190,5290.8,1.284,0.27,0.068,4.354,264.0267083,-26.1459889,8.850947451970402,16.8172,14.586911999999993,9.770026000000001,1,1,0,1,1,1,0,1,1,0,0,0
1.0,2.0,8,3.086019404398713,4.909729386066324,1.8562979903656263,0.06,2312.592,190,5625.0,1.16,1.07,0.34,4.29,242.5734559,-24.9906029,5.144944717309803,11.275,9.18,10.9072,0,0,1,0,0,0,0,0,0,0,0,0
2.0,1.0,7,1.1689389231864624,1.1485927281165,2.6149109963585864,0.0,632.112,190,5052.0,0.75,0.79,-0.02,4.49,300.1821223,22.7097759,3.0332110858631136,7.67,5.541,7.41432,0,0,1,0,0,0,0,0,0,0,0,0
1.0,2.0,7,3.130825945184905,0.14842000511827327,1.6219759857788136,0.496,945.0,190,4450.2,1.24,1.14,-0.044,4.288000000000001,252.0080127,-15.964345,3.797738343320897,7.43,6.099,7.28278,1,0,0,0,1,1,0,1,1,0,0,0
2.0,1.0,8,1.5054531167061795,0.04142980976313955,2.5575373408229076,0.0,1006.0,111,5052.0,0.72,0.82,-0.025,4.64,222.2100773,22.1526136,4.623481505759345,11.496,9.226,11.1249,0,0,0,0,0,0,0,0,0,0,0,0
1.0,5.0,7,8.560383295717843,1.9049673139007894,1.8252711214574675,0.015283,523.0,190,6016.6,1.142,0.92,0.030600000000000006,4.3340000000000005,299.1393094,40.948939,5.729248771615457,13.174,11.221,13.0772,1,0,0,0,1,1,0,1,1,0,0,0
1.0,4.0,7,1.3563504847468186,0.0413338634929772,2.522468645652965,0.07,1632.0,35,6196.0,1.26,1.21,-0.09999999999999999,4.41,86.7761233,-10.6303217,4.151650742921767,7.98,6.69,7.85032,1,0,0,0,0,0,0,1,0,0,0,0
1.0,1.0,7,7.179307969504034,1.269760544863939,1.8846692965444773,0.07,1473.0,190,5999.0,0.858,1.3,0.244,4.15,343.4094703,-48.5986332,3.525872170096384,6.03,4.612,5.88357,1,0,0,0,0,1,0,0,0,0,0,0
1.0,1.0,8,1.6969431674458997,1.6774129806287188,2.892480643743516,0.0,774.512,190,6080.0,1.94,1.03,0.22,3.93,335.5129199,45.4573423,6.143045499440496,11.34,10.009,11.4162,0,0,1,0,0,0,0,0,0,0,0,0
1.0,1.0,8,1.461088936793174,0.04583341634317221,2.6784840655004434,0.0,1540.0,37,5900.0,1.37,1.25,0.29,4.26,71.8244347,-17.1151736,6.249092613475033,12.65,11.194,12.4822,0,0,0,0,0,0,0,0,0,0,0,0
1.0,1.0,8,1.2398916299356841,0.0295588022415444,2.464703942470481,0.11,1000.0,135,3820.0,0.55,0.59,0.28,4.7,292.8729292,41.0641727,5.947901821045234,16.744,12.892,15.9804,0,0,0,0,0,0,0,0,0,0,0,0
2.0,3.0,8,2.194465218248618,0.0683126401820873,0.7001227942963706,0.14,610.0,190,4500.0,0.68,0.74,-0.02,4.68,67.4128615,22.8825674,4.098459417912653,11.101,8.368,10.8545,0,0,0,0,0,0,0,0,0,0,0,0
1.0,1.0,8,1.0492673406345647,0.030538904308832288,2.738256043159276,0.0,1790.0,51,5750.0,1.29,1.15,0.38,4.28,294.5132465,45.9816453,6.997669106450936,14.509,12.892,14.413,0,0,0,0,0,0,0,0,0,0,0,0
1.0,1.0,8,1.7840632625935846,1.6322948437045746,2.854456686196037,0.0,1275.3120000000001,190,6430.0,1.8,0.94,-0.08,3.96,309.5112337,-48.4620833,6.262933392651573,11.388,10.322,11.478,0,0,1,0,0,0,0,0,0,0,0,0
1.0,1.0,2,6.778416649349703,5.056245805348308,2.84147325452492,0.365,530.512,181,3064.0,0.28,0.11,-0.18796,4.59,34.8427046,-39.4230767,3.5629670684515107,7.399999999999999,10.404,15.0123,0,1,0,1,0,0,0,1,0,1,0,0
1.0,3.0,7,2.8652533602277463,0.11813852801704157,2.57418631103862,0.1,1331.2,51,5898.0,1.518,0.96,-0.17,4.45,73.9096193,-23.2413163,3.674965603885048,7.49,6.049,7.33222,1,0,0,0,0,1,0,0,0,0,0,0
1.0,1.0,7,2.0724421026595907,0.03970136685155207,1.1837324184729332,0.0,348.0,175,3273.0,0.2,0.18,-0.12,4.92,255.8503747,51.4089795,2.3897256283090464,13.627,7.921,11.9925,1,0,0,0,0,0,0,0,0,0,0,0
1.0,1.0,3,5.2590133683401294,1.4929040961781488,2.4503304013914105,0.22400000000000003,1011.7119999999999,190,5544.0,1.33,0.44,-0.09840000000000002,4.5120000000000005,268.325708,-30.4711667,8.511376306094673,16.4732,15.01963999999999,10.822476,1,1,0,1,1,1,0,1,1,0,0,0
1.0,1.0,8,1.180329808445169,0.03463328389435067,2.57816928024769,0.0,1715.0,47,5880.0,1.29,1.15,0.24,4.28,16.7786879,-75.1989452,6.013323881460876,12.355,10.815,12.2379,0,0,0,0,0,0,0,0,0,0,0,0
1.0,3.0,7,4.6491870714048655,0.353469812989784,2.3210846114041535,0.27,1119.0,43,5845.0,1.128,0.89,-0.18,4.39,166.9742616,-30.1751383,3.273784376331481,6.51,4.995,6.35547,1,0,0,0,0,1,0,0,0,0,0,0
1.0,1.0,3,7.107425474110705,1.1537315878891892,2.4503304013914105,0.42,1011.7119999999999,190,5263.2,1.284,0.88,0.0416,4.377999999999999,269.717926,-27.6135559,8.820404065485645,17.02,15.01963999999999,9.652848,1,0,0,0,1,1,0,1,1,0,0,0
1.0,2.0,8,3.2898970378789545,0.1595645696713384,1.9763007827603225,0.0,615.0,190,5735.0,1.02,1.04,0.149,4.43,334.5041029,54.3190454,4.996252353728802,10.61,9.086,10.5069,0,0,0,0,0,0,0,0,0,0,0,0
1.0,1.0,7,5.6222108209623896,0.6626879730752367,2.6376598253905006,0.11,1001.912,65,4831.0,11.22,1.46,-0.2,2.48,348.3604055,11.0649832,4.6628256984762535,5.84863,3.392,5.57762,1,0,0,0,0,0,0,0,0,0,0,0
1.0,4.0,8,3.7084924114631246,0.19136388477818356,1.1085626195212777,0.1,499.0,190,5357.0,0.79,0.79,-0.36,4.273999999999999,284.0592503,44.5183733,4.1731665250898,9.770001,7.942,9.54988,0,0,0,0,0,0,0,0,1,0,0,0
2.0,2.0,7,6.811244378601294,1.383690599836633,1.8058545992722206,0.038,691.4,190,5251.6,8.256,1.33,-0.052000000000000005,3.226,200.1646905,24.6484725,4.822255422718337,7.88,5.534,7.60909,1,0,1,0,1,1,0,1,1,0,0,0
1.0,2.0,8,2.772588722239781,0.633462596978595,0.8841806779559215,0.1753644,612.712,190,6072.0,1.66,1.18,-0.038000000000000006,4.274,282.4922622,43.9802442,5.984890485238814,11.693,10.109,11.2886,0,0,1,1,0,0,0,1,1,0,0,0
2.0,1.0,7,7.564757012905729,1.3686394258811698,1.9126302044046333,0.53,1647.7920000000001,190,5421.0,1.04,0.9,0.19,4.35,242.5481731,-76.938055405,3.5633219000567626,7.7,5.964,7.51423,1,0,0,0,0,0,0,0,0,0,0,0
1.0,2.0,7,1.8505942549489476,0.03229292519626216,1.9912362411130655,0.23,999.8,170,3159.0,0.1505,0.16,-0.27,5.05,75.4868824,-6.9485133,1.852358992690313,12.57,6.736,10.6467,1,0,0,0,0,0,0,0,1,0,0,0
1.0,1.0,8,2.6989253627696517,0.097190229584501,1.2787091504399533,0.13,638.0,190,5010.0,0.71,0.74,-0.34,3.9879999999999995,207.3497402,-12.2849182,4.766217032503191,11.985,9.607,11.6627,0,0,0,0,0,0,0,0,1,0,0,0
1.0,2.0,7,8.133880887949207,1.6351056591826783,1.8212261325932602,0.601,612.712,190,4780.0,0.68,0.81,0.31,4.537999999999999,297.7101763,48.0818635,3.6575100387012114,9.46,7.009,9.15098,1,0,0,0,0,0,0,0,1,0,0,0
1.0,4.0,8,0.6727612932006802,0.017800624625506637,0.9820784724121582,0.0,1774.0,190,5261.0,0.88,0.84,0.04,4.154000000000001,8.7401487,4.3807215,3.87722242906119,8.97,7.066,8.76221,0,0,0,0,0,0,0,0,1,0,0,0
1.0,1.0,8,1.6719397359103567,0.050693114315518116,2.5641798306825083,0.0,887.0,57,5227.8,2.994,0.82,-0.122,4.058,347.4928024,18.3961597,5.558471498162529,11.59,9.982,11.3987,0,0,0,0,1,1,1,1,1,0,0,0
1.0,1.0,8,2.3113977472355547,0.07816402096935436,2.609996260626822,0.0,801.0,190,5321.0,0.79,0.87,0.071,4.58,15.6543938,51.3038918,5.178609980516584,11.948,10.151,11.9579,0,0,0,0,0,0,0,0,0,0,0,0
1.0,1.0,8,1.0835324912330162,0.02887895955037667,2.644044871126298,0.18080000000000002,1395.0,190,5400.0,0.84,0.89,-0.14396,4.292,43.6880738,-10.8980242,5.224929135318663,11.44,9.969,11.5518,0,0,0,1,0,0,0,1,1,0,0,0
1.0,2.0,8,0.5771982588079475,0.016473562692888934,0.9604989865384754,0.0,2463.0,190,5959.0,1.22,1.18,0.255,4.322,140.3390845,14.3678691,4.708268143991659,9.452,8.018,9.30733,0,0,0,0,0,0,0,0,1,0,0,0
1.0,1.0,3,6.687787639525121,1.1216775615991057,2.450330401391411,0.154,1294.9119999999998,190,5455.8,1.33,0.37,-0.12840000000000001,4.264,266.6682917,-34.3860806,8.843759381917984,15.740199999999998,14.586911999999993,10.620735999999999,1,1,0,1,1,1,0,1,1,0,0,0
1.0,1.0,7,6.799055862058796,1.1019400787607843,2.3775859341909005,0.181,1585.6,190,4846.0,4.44,1.34,-0.03196,3.18,223.3461495,18.2352618,4.889213144891079,7.8,5.437,7.52124,1,0,0,0,0,0,0,1,0,0,0,0
1.0,2.0,7,6.279609012639604,0.6481498146292095,2.2308543958202813,0.342,1104.6,190,3287.0,0.36,0.34,0.076,4.87,175.4326081,42.7515862,2.4860976069835243,11.939,6.822,10.5769,1,0,0,0,0,0,0,1,0,0,0,0
1.0,1.0,8,1.0606465583609903,0.03567597645246986,2.804147949480851,0.18,2580.960000000001,190,7826.0000000000055,1.88,1.78,0.041,4.17,109.1045212,-31.2443947,7.286075269566746,12.227,12.04,12.586,0,0,0,0,0,0,0,0,0,0,0,0
1.0,3.0,7,3.612808017162641,0.1806534996932576,1.623733291153949,0.015,777.6,111,5809.4,2.0319999999999996,0.8,0.3,3.976,65.1975693,-59.4096776,3.802685703940278,9.36,7.071,9.06573,1,0,0,0,1,1,0,0,1,0,0,0
1.0,1.0,3,5.096486509487754,1.0116009116784799,2.4503304013914105,0.22400000000000003,1011.7119999999999,190,5536.4,1.284,0.51,-0.09840000000000002,4.5120000000000005,269.408997,-28.9631577,8.833608482690892,16.676,15.01963999999999,10.822476,1,1,0,1,1,1,0,1,1,0,0,0
1.0,1.0,7,5.651787179537821,0.6678293725756554,2.128683575654689,0.442,1214.8,93,4840.0,11.16,1.41,-0.21,2.48,27.1628025,37.9527542,4.766489396110288,5.94188,3.875,5.67103,1,0,0,0,0,0,0,0,0,0,0,0
1.0,1.0,3,8.609042845046117,1.791759469228055,2.623969283102103,0.0,1421.312,41,5912.0,1.384,1.0,-0.24,4.5,272.1769583,-29.8358056,8.071218539969863,17.02,15.01963999999999,6.9298839999999995,1,0,0,0,0,1,0,0,0,0,0,0
1.0,1.0,8,2.424005416801556,0.08709470685093376,2.6939512767227085,0.57,1100.0,51,5800.0,1.35,0.96,-0.19,4.14,288.2545808,43.7048379,6.926380743105302,14.301,12.777,14.1964,0,0,0,0,0,0,0,0,0,0,0,0
1.0,1.0,3,5.2590133683401294,1.9095425048844386,2.4503304013914105,0.154,1011.7119999999999,190,5544.0,1.3299999999999998,0.5,-0.09840000000000002,4.5120000000000005,268.668625,-31.0319167,8.892855620084674,16.4732,15.01963999999999,10.822476,1,1,0,1,1,1,0,1,1,0,0,0
2.0,1.0,3,6.507110622048481,2.0014800002101243,2.4503304013914105,0.22399999999999998,1011.7119999999999,190,5536.4,1.284,0.72,0.0416,4.378,269.260406,-28.1161671,8.134760782418645,17.02,15.01963999999999,10.863846,1,1,0,1,1,1,0,1,1,0,0,0
1.0,4.0,8,3.803200949992814,0.10779104900015879,1.269760544863939,0.1266,1101.6,190,5858.0,1.04,1.0,-0.12,4.41,300.864006,44.3375497,6.098797616002851,12.923,11.431,12.8391,0,0,1,1,0,0,0,0,0,0,0,0
1.0,1.0,3,5.2590133683401294,1.0647107369924282,2.6780387662724796,0.154,1069.9119999999998,190,5544.0,1.3299999999999998,0.53,-0.0064,4.46,269.5835833,-32.2953056,8.160803920954665,16.8172,15.01963999999999,10.822476,1,1,0,1,1,1,0,1,1,0,0,0
3.0,1.0,7,7.3427791893318455,1.2864740258376797,2.3756216641316152,0.22,1540.6,190,6289.0,1.3,1.23,-0.08000000000000002,4.3,224.5892892,44.0428571,4.664900290195858,8.928001,7.431,8.85821,1,0,0,0,0,0,0,1,0,0,0,0
2.0,1.0,8,2.312576581416071,0.07622002591140908,1.2438663679876125,0.215,753.0,190,5048.0,0.76,0.8,0.0,4.58,353.9543517,0.4447043,4.150238009662634,10.19,8.029,9.93208,0,0,0,0,0,0,0,0,0,0,0,0
1.0,1.0,8,1.6462758659921752,0.05364502689561411,2.7353410613381137,0.24,1518.0,190,6450.0,1.31,1.27,0.02,4.3,101.9942455,-21.9107112,6.6504213411800395,13.325,12.137,13.2385,0,0,0,0,0,0,0,0,0,0,0,0
1.0,2.0,7,6.175659348283617,0.795839138783491,2.655317955117481,0.477,370.0,40,5799.0,1.59,1.04,-0.03,4.05,231.7420543,-16.5090014,5.051885996708063,9.899,8.244,9.77168,1,0,0,0,0,0,0,0,0,0,0,0
1.0,1.0,8,1.2427184046309805,0.11952212521867503,0.598836501088704,0.07959999999999999,968.8,190,6104.0,1.23,1.08,-0.2,4.29,284.7862158,48.4232622,4.497397875400712,8.834,7.486,8.6992,0,0,1,1,0,0,0,0,0,0,0,0
1.0,1.0,8,1.57612149298344,0.044782142771893185,1.9499021703248507,0.0,934.0,190,4987.0,0.83,0.87,0.305,4.54,32.782085,2.4181937,4.812720796827821,11.559,9.339,11.3227,0,0,0,0,0,0,0,0,0,0,0,0
1.0,1.0,8,1.7717223944512124,0.058929067529287484,2.949845390781515,0.18,1387.0,38,6100.0,1.34,1.16,-0.15,4.2,171.1303716,-42.7321394,5.843674843308092,11.693,10.325,11.5712,0,0,0,0,0,0,0,0,0,0,0,0
1.0,1.0,6,7.065613363597717,0.9932517730102833,2.720563141775751,0.0,1484.7040000000002,190,7826.0000000000055,0.23,0.5,-0.324,5.201500000000001,331.0504119,26.4188227,7.0875569969806245,14.769,15.01963999999999,14.5897,1,0,0,0,0,0,0,1,0,0,0,0
1.0,2.0,8,2.435436254313704,0.4636019009608926,1.2325602611778486,0.20285999999999998,721.4,190,5367.0,0.81,0.91,0.19,4.472,297.7950939,40.4176403,6.357115832875047,14.149,12.321,14.0561,0,0,1,1,0,0,0,0,1,0,0,0
1.0,1.0,7,1.5095620153873688,1.6774129806287188,2.8082574615192355,0.0,1166.912,190,6091.0,1.19,1.23,0.01,4.45,330.7950219,18.8842419,3.897956534883068,7.65,6.308,7.50866,0,0,1,0,0,0,0,0,0,0,0,0
1.0,1.0,8,1.4727036819100525,0.4004635185411476,2.5293221798183856,0.05,1464.6,190,5450.0,0.73,0.55,-0.2,4.6,348.1571282,-22.6741248,5.288867860261306,11.907,10.325,11.9761,0,0,1,0,0,0,0,0,0,0,0,0
1.0,1.0,7,2.8069901489571136,0.11332868530700317,2.5098245914180093,0.0,1523.6,190,5686.0,1.02,0.93,-0.35,4.39,11.1652594,-65.6527159,3.136180936604262,6.55,4.945,6.37578,1,0,0,0,0,0,0,0,0,0,0,0
3.0,1.0,2,9.85332303799997,3.179719109667007,2.339102442873147,0.35540000000000005,2050.0,135,5900.600000000001,2.534,0.14,0.07999999999999999,4.117999999999999,248.8075,-35.7247583,5.0008071557772755,7.9824787200000005,6.0972,7.585983999999999,1,0,0,1,1,1,0,1,1,0,0,0
2.0,1.0,8,1.330184221178233,0.9042575682141146,2.598384133547774,0.0,1098.2,190,5600.0,0.97,0.92,-0.23,4.5,91.0897193,-16.9653901,5.27583144242877,11.352,9.749,11.2907,0,0,1,0,0,0,0,0,0,0,0,0
1.0,2.0,7,2.611539300721366,0.10436001532424277,2.3149825361328022,0.02,1881.6,43,6123.0,1.12,1.12,0.05,4.55,263.3395365,5.7008254,4.308184973210166,8.65,7.297,8.51188,1,0,0,0,0,0,0,0,0,0,0,0
1.0,1.0,8,2.9160497926576645,0.11511280710050457,1.252762968495368,0.39,641.0,97,5278.0,0.78,0.8,-0.27,4.5,187.9948428,-35.5544523,4.116461502892013,9.743,7.874,9.55369,0,0,0,0,0,0,0,0,0,0,0,0
1.0,3.0,8,3.6040565896736583,0.1988508587451652,1.597365331199831,0.15,752.0,80,5430.0,1.71,1.05,0.2,3.99,228.2482353,-16.7246474,5.775470377946984,11.429,9.714,11.4019,0,0,0,0,0,0,0,0,0,0,0,0
1.0,4.0,7,4.131961425793407,2.1168208066031826,2.477810180127105,0.073,796.912,127,4440.0,0.68,0.74,0.12,4.62,106.559098,-47.5878156,3.879342776599514,10.54,7.715,10.1026,1,0,1,0,0,0,0,0,0,0,0,0
2.0,1.0,7,6.646000828540272,1.0260415958332743,2.1286835756546885,0.11,1214.8,95,4807.0,5.43,1.29,0.04,3.06,14.5594349,33.9505774,4.079408573606119,6.00272,3.826,5.72695,1,0,0,0,0,0,0,0,0,0,0,0
1.0,1.0,8,2.1196170152504545,0.06439819879285144,2.2079446888399246,0.013,739.0,190,4656.1,0.72,0.73,0.099,4.59,339.0258401,-17.0003046,4.856621271597626,12.324,9.764,12.0725,0,0,0,0,0,0,0,0,0,0,0,0
1.0,1.0,8,3.0949987079614316,0.15186234930924608,2.7013612129514133,0.112,897.0,31,6350.0,1.4,1.29,0.1,4.4,296.9603348,46.0342954,6.964523060979846,14.355,12.918,14.2622,0,0,0,0,0,0,0,0,0,0,0,0
2.0,3.0,8,3.921266155594917,0.2528576812976011,1.3987168811184478,0.021,508.4,190,5816.780000000001,0.94,0.96,-0.18520000000000003,4.386,295.2978883,46.9204303,6.933442518718113,15.31,13.535,15.1626,0,0,0,0,1,0,0,1,1,0,0,0
1.0,1.0,7,5.637642672151656,0.6397464038328301,2.2042535768477043,0.27,1160.8,190,6176.0,1.33,1.22,0.19,4.29,324.5351273,-31.7378373,4.538054480094275,8.56,7.299,8.41991,1,0,0,0,0,0,0,0,0,0,0,0
1.0,1.0,8,1.117111452445613,1.9373969276607643,2.7877236098240514,0.1204,1155.6,35,6520.0,1.14,1.14,-0.05,4.25,340.0846204,69.5037313,5.513646464398131,10.858,9.669,10.7156,0,0,1,1,0,0,0,0,0,0,0,0
2.0,2.0,7,6.19957567558823,0.8586616190375187,2.5260757868426746,0.23,2312.592,47,5972.0,2.29,1.38,0.03,3.86,246.4380471,-33.5672217,4.700980240834068,7.96,6.581,7.81828,1,0,0,0,0,0,0,0,0,0,0,0
1.0,1.0,8,1.2883136862155338,0.039605254592359425,2.9121332496776775,0.0,1957.0,29,6367.0,1.69,1.39,-0.14,4.15,76.8673317,16.8676948,6.499537385434432,12.624,11.093,12.4667,0,0,0,0,0,0,0,0,0,0,0,0
1.0,2.0,8,2.4282057783183992,2.2206616493541986,2.547020358442544,0.35,961.512,190,5246.0,0.87,0.99,0.0,4.53,324.5359781,30.4881882,4.536710386678631,10.375,8.544,10.2743,0,0,1,0,0,0,0,0,0,0,0,0
1.0,1.0,8,1.649466011102422,0.05270629563093425,2.70951579326382,0.092,1367.0,190,6214.0,1.13,1.2,0.108,4.41,114.2833819,-32.7554188,6.414831784899802,13.525,12.02,13.3498,0,0,0,0,0,0,0,0,0,0,0,0
1.0,1.0,8,2.6560970399276433,0.10029772131536394,2.4740142086215764,0.53,600.0,104,5075.0,0.79,0.89,0.26,4.65,291.0636813,0.7460143,5.827138102685946,15.293,11.782,14.6645,0,0,0,0,0,0,0,0,0,0,0,0
1.0,1.0,8,0.9151637770990992,0.5043363517931448,2.84147325452492,0.13804,1542.8,35,6250.0,1.21,1.13,-0.06,4.3,16.1849423,74.3313055,5.672181722386313,11.552,10.094,11.4128,0,0,1,1,0,0,0,0,0,0,0,0
2.0,1.0,2,9.85332303799997,5.846438775057725,2.2069577300631797,0.4,1428.0,9,5204.0,2.002,2.6,-0.027399999999999997,4.118,220.4897992,-37.7936323,4.596063848871989,4.01,4.487,4.01093,1,0,0,0,1,1,0,1,1,0,0,0
1.0,1.0,7,1.8257099085976025,0.06428848988236187,2.442074804466668,0.078,1000.0,26,6500.0,1.78,1.44,-0.054759999999999996,4.1,27.407731,-34.4590985,4.934042185264735,8.57,7.437,8.45824,1,0,0,0,0,0,0,1,0,0,0,0
1.0,1.0,3,5.2590133683401294,1.200248319005721,2.5183054784773864,0.22400000000000003,1114.9119999999998,190,5544.0,1.284,0.9,-0.09840000000000002,4.5120000000000005,267.982875,-29.9897306,7.901377353792616,16.4732,14.586911999999993,10.822476,1,1,1,1,1,1,0,1,1,0,0,0
1.0,1.0,3,5.203642183511226,0.6678293725756554,2.701887223850495,0.154,1208.9119999999998,190,5536.4,1.3299999999999998,0.11,-0.0064,4.46,270.097833,-31.2452583,8.881975184248867,16.676,15.01963999999999,10.822476,1,1,0,1,1,1,0,1,1,0,0,0
1.0,1.0,8,0.8760433222483786,0.024009452460351865,2.745474429748209,0.0,1094.4,68,5675.0,0.96,0.98,0.02,4.47,267.2848846,29.8790428,5.701159036449487,13.181,11.037,13.0045,0,0,0,0,0,0,0,0,0,0,0,0
1.0,1.0,3,5.096486509487754,1.4929040961781488,2.4503304013914105,0.22399999999999998,1011.7119999999999,190,5536.4,1.284,0.76,0.0416,4.377999999999999,269.6496667,-28.1336694,8.418697944667139,16.676,15.01963999999999,10.863846,1,1,0,1,1,1,0,1,1,0,0,0
1.0,1.0,8,1.9168956118175544,0.03700672562909567,1.1384738220932402,0.32,384.0,190,3131.0,0.24,0.21,0.39,4.99,23.507315,65.5139877,3.501811651694749,15.648,10.205,14.1872,0,0,0,0,0,0,0,0,0,0,0,0
2.0,1.0,8,5.609268477814087,0.6135627012171029,1.4350845252893227,0.117,797.8,41,5800.0,1.05,1.1,-0.17240000000000003,4.292,256.8431021,62.475548,4.566445989549982,9.017,7.349,8.81983,0,0,0,0,0,0,0,1,1,0,0,0
1.0,1.0,7,8.647923918335279,1.987463304783483,2.6190719086814553,0.8206009999999999,814.6,190,5111.6,1.6600000000000001,1.02,0.0,4.196,170.2147665,-23.2181063,3.7652083510445666,8.0,6.419,7.82889,1,0,0,0,1,1,0,1,1,0,0,0
1.0,1.0,7,7.731492029245684,1.5830939370944985,2.06990152187303,0.148,1193.0,190,5603.0,3.13,1.49,0.17240000000000003,3.64,43.3636339,-8.8480392,4.826720468723738,7.89,6.204,7.72194,1,0,0,0,0,0,0,1,0,0,0,0
1.0,1.0,8,1.4361934340322164,0.044973365642731154,2.745474429748209,0.0,1587.0,51,5630.0,1.59,1.19,0.34,4.11,347.7043164,-7.8575592,6.289646922912703,13.973,12.032,13.6635,0,0,0,0,0,0,0,0,0,0,0,0
2.0,2.0,7,5.378929143040425,0.13811891092829648,1.5808136140741038,0.037,862.6,190,5158.8,1.31,1.09,-0.007399999999999995,4.542,92.1330955,-59.5409853,5.991507046204883,11.722,10.635,11.8764,1,0,1,0,1,0,0,1,1,0,0,0
1.0,1.0,7,4.316687793365541,0.25541711186450544,1.95526957277452,0.44,1023.0,153,3785.0,8.701899999999998,0.6,0.14,4.2885,35.5624031,47.8802075,2.5596661953359523,9.4,5.554,8.63186,1,0,0,0,0,1,0,0,1,0,0,0
1.0,2.0,8,2.235396642559805,0.07055165595094469,2.6390573296152584,0.0398,650.0,190,4360.0,0.7,0.74,0.11,4.55,286.3760037,-41.4376399,4.081949729340252,11.595,8.351,10.9028,0,0,0,0,0,0,0,0,0,0,0,0
1.0,2.0,8,2.5580099507619365,0.09133866741538797,2.511305123642531,0.042,920.0,132,5144.0,0.79,0.82,0.04,4.55,51.2284214,-73.9575458,5.467777400745893,13.004,10.8,12.7606,0,0,0,0,0,0,0,0,0,0,0,0
2.0,1.0,8,1.353707066120089,0.04449523988655121,2.9230540480560054,0.0,2085.0,23,6670.0,1.91,1.52,0.09,4.06,216.5238248,59.4442735,5.775718566174208,10.16,9.21,10.1036,0,0,0,0,0,0,0,0,0,0,0,0
1.0,1.0,8,3.139547295441991,0.1595645696713384,2.217353948631385,0.074,1431.4,190,6560.0,1.72,1.41,-0.09,4.11,42.5582023,25.3335334,4.469924181399101,7.51,6.579,7.40775,0,0,0,0,0,0,0,0,0,0,0,0
3.0,1.0,7,1.4915998752651614,0.039220713153281295,2.4070270980037365,0.0,1127.0,190,5186.0,0.94,0.77,0.13,4.38,7.4990038,-5.76496,4.024674675898028,9.44,7.308,9.192761,1,0,0,0,0,0,0,0,0,0,0,0
1.0,1.0,3,6.6595229946299455,1.5040773967762742,2.7018872238504956,0.154,1208.9119999999998,190,5536.4,1.33,0.69,-0.0064,4.46,271.522167,-30.7326389,8.31898612539206,17.02,15.01963999999999,10.822476,1,1,0,1,1,1,0,1,1,0,0,0
1.0,1.0,8,2.5363502745420416,0.09839632185619336,2.3540383745829616,0.286,1046.0,190,5445.0,1.64,1.09,0.36,4.04,163.0323119,0.493167,5.367297571288098,10.612,8.89,10.4594,0,0,0,0,0,0,0,0,0,0,0,0
1.0,4.0,8,1.8585850605257013,0.05638033343610764,1.9358598132018119,0.03,907.0,91,4960.0,0.83,0.88,0.37,4.54,20.2148196,66.0722009,5.184611009932202,12.291,10.157,12.1216,0,0,0,0,0,0,0,0,0,0,0,0
1.0,1.0,8,1.6823314331544061,0.8921477808926671,2.821676461177069,0.0,927.0,190,5550.0,1.86,1.28,0.08,4.01,94.3363562,-38.3233826,5.675671024495125,11.155,9.393,10.9185,0,0,1,0,0,0,0,0,0,0,0,0
1.0,2.0,7,9.574080300037034,2.5494451709255714,2.0980328887546635,0.77,1743.9920000000002,74,5636.8,2.466,1.06,0.09200000000000001,3.9599999999999995,236.8689866,-37.9172333,2.788265201624789,6.01,4.323,5.83135,1,0,0,0,1,1,0,1,1,0,0,0
1.0,1.0,8,1.4451597894035408,0.03835495387646399,2.701294096605202,0.0,1457.0,63,5650.0,1.34,1.02,0.15,4.0,72.9005729,-34.2262128,6.948206004590618,14.412,12.724,14.2136,0,0,0,0,0,0,0,0,0,0,0,0
1.0,4.0,7,5.099073430558133,0.43048287108345223,1.767104457652191,0.18,529.6,190,5685.8,1.3619999999999999,0.78,0.238,4.078,26.0093029,-15.9337987,1.703444862165027,3.8593936,1.794,3.80122,1,0,0,0,1,1,0,1,1,0,0,0
2.0,1.0,8,1.4289590408524666,0.04261877933518441,2.651197622842733,0.096,1414.0,40,5943.0,1.06,1.09,0.06,4.42,5.618525,-59.9425892,5.83813852715528,12.283,10.793,12.0815,0,0,0,0,0,0,0,0,0,0,0,0
1.0,1.0,8,1.6521181939889913,0.04919008419075894,2.674631291556765,0.22084,1168.0,190,5453.0,0.99,0.96,0.302,4.43,21.0651251,32.8107,6.089246669144085,13.51,11.614,13.2846,0,0,0,1,0,0,0,0,0,0,0,0
1.0,6.0,8,3.307655637253791,0.16041672140590468,2.1412893033957383,0.001,658.0,190,5770.0,0.97,1.02,0.07,4.47,192.1848981,64.8552755,4.448939678150557,9.534,8.034,9.36789,1,0,0,0,0,0,0,0,0,0,0,0
2.0,1.0,8,1.148092690759006,0.0309558841204451,2.573909098833009,0.46980000000000005,1311.0,190,5180.0,0.87,0.9,0.12,4.51,307.7255587,6.4293305,5.038522797583147,11.728,9.632,11.5638,0,0,0,1,0,0,0,0,0,0,0,0
1.0,3.0,8,2.0918640616783932,0.29274572220009365,0.9700210542951229,0.017,647.2,190,5828.0,1.55,1.08,-0.006,4.51,294.2189131,49.4792536,6.729532510666265,13.567,11.998,13.4015,0,0,1,0,0,0,0,1,1,0,0,0
2.0,1.0,7,7.4999765409521215,1.3812818192963463,2.3723418053632073,0.575,1331.0,64,5748.0,1.05,1.08,0.18,4.318,138.7885794,23.3748792,3.9110004828300524,8.05,6.53,7.8859,1,0,0,0,0,0,0,0,1,0,0,0
1.0,1.0,3,4.974939555809527,0.9669838461896731,2.450330401391411,0.22400000000000003,1011.7119999999999,190,5536.4,1.284,0.18,0.0416,4.378,268.8655417,-28.3060611,7.601402334583733,16.676,15.01963999999999,10.863846,1,1,0,1,1,1,0,1,1,0,0,0
1.0,2.0,3,6.403247795774632,0.8153648132841945,2.701887223850495,0.22399999999999998,1208.9119999999998,190,5308.4,1.284,0.26,-0.0064,4.46,271.915,-28.4852222,6.68586094706836,15.488,11.962383999999993,10.822476,1,1,0,1,1,1,0,1,1,0,0,0
2.0,1.0,8,1.3413126854426312,0.045928931888399804,2.8986705607108596,0.0,2100.0,5,7800.0,1.92,1.75,0.0,4.1,147.5800667,-66.1139253,5.145725471184772,8.191,7.75,8.17401,0,0,0,0,0,0,0,0,0,0,0,0
1.0,2.0,8,1.397246665077835,0.04334680450336586,0.8603550995438518,0.0,1586.0,190,6353.0,1.42,1.25,-0.018,4.23,60.7483361,9.2077676,3.841988877736347,6.91134,5.706,6.77613,0,0,0,0,0,0,0,0,0,0,0,0
1.0,1.0,7,5.998936561946683,0.7419373447293773,2.7167647635647976,0.2,1188.0,92,4263.0,32.3,1.1,-0.31,1.6624999999999999,48.7813299,73.868015,5.584078845840952,6.55594,3.062,6.02012,1,0,0,0,0,0,0,0,0,0,0,0
1.0,1.0,8,0.9749912449565168,0.026972937501426045,2.5203542279708007,0.072,1714.0,190,5640.0,1.09,1.0,0.143,4.36,130.2951535,-16.0363275,5.301218155189563,11.097,9.604,11.1424,0,0,0,0,0,0,0,0,0,0,0,0
1.0,1.0,8,1.4180333093869395,0.044208254664320365,2.8322717244009548,0.049,1652.0,190,6330.0,1.32,1.26,0.07,4.3,274.3732697,-3.3810594,5.702581754079682,12.783,10.201,12.3977,0,0,0,0,0,0,0,0,0,0,0,0
2.0,1.0,8,1.865109058644176,0.06156535565815483,2.570472538117647,0.0,1445.0,190,5760.0,1.73,1.15,0.13,4.02,115.9317105,-1.073333,5.9260589835310595,11.544,9.991,11.4079,0,0,0,0,0,0,0,0,0,0,0,0
1.0,1.0,8,1.6289469672303256,0.047255654077480475,2.5373409596364214,0.0,1092.0,71,5425.0,0.84,0.9,-0.15,4.54,52.3420548,22.2993491,5.811266733574014,13.547,11.088,13.2056,0,0,0,0,0,0,0,0,0,0,0,0
1.0,1.0,8,1.7299517937128148,0.05097824476462945,2.326984979817581,0.067,1082.0,190,5330.0,0.92,0.89,0.026000000000000013,4.101999999999999,35.3834942,32.2460441,5.545981808392155,12.525,10.501,12.3021,0,0,0,0,0,0,0,1,1,0,0,0
1.0,3.0,8,3.9049581077060243,0.13434024015245016,1.33500106673234,0.18339999999999998,861.6,190,5752.8,1.03,1.1,0.196,4.46,293.568197,39.0363123,7.043910725763184,15.481,13.838,15.3648,0,0,1,1,1,0,0,1,0,0,0,0
1.0,2.0,8,1.2314780431380354,0.15373701381616095,0.8878912573524571,0.058147399999999995,748.0,190,5538.0,1.07,1.07,0.18,4.41,291.8481764,44.9682807,5.899979541985754,12.603,10.97,12.4897,0,0,1,1,0,0,0,0,0,0,0,0
2.0,1.0,8,0.6661250697943342,0.019135738308475984,2.7065824578271753,0.0,2097.0,190,5814.0,1.08,1.07,0.196,4.4,116.3707214,-52.3832587,6.031009726847056,13.18,11.226,13.0168,0,0,0,0,0,0,0,0,0,0,0,0
2.0,1.0,2,2.3884922480835526,4.442651256490317,2.493931844637797,0.2104,1101.6,179,5610.8,1.136,0.19,0.11959999999999997,4.378,15.8992489,-55.2658291,5.271555994911308,15.788,9.237001,11.960139999999999,1,1,0,1,1,1,0,1,1,1,0,0
1.0,1.0,8,2.132289058887124,0.06859279146561172,1.1233049012584813,0.0,754.0,190,5087.0,0.8,0.85,0.105,4.56,300.6154535,53.3774418,3.7417232957815085,9.19,7.084,8.94271,0,0,0,0,0,0,0,0,0,0,0,0
1.0,2.0,7,1.2182572934872284,0.03343477608623739,1.932839182408134,0.239,689.6,190,4570.0,3.896,0.96,-0.016,3.498,50.8237604,-7.7950429,3.63965769682159,6.20902,4.417,6.02088,1,0,0,0,1,1,0,1,1,0,0,0
2.0,4.0,8,2.178657153528683,0.07129688188203376,1.6902803002782012,0.108,838.0,111,5256.2,0.82,0.87,0.055999999999999994,4.532,287.6057027,49.5233937,5.041332606565056,12.448,10.062,12.2327,0,0,0,0,1,0,0,1,1,0,0,0
1.0,4.0,7,3.4368251093051554,0.12185473502643715,1.7288690870185928,0.25591,975.4,190,5192.8,0.3,0.32,-0.0688,4.414,343.3239737,-14.2665958,1.7361005188659324,10.16,5.01,8.8753,1,0,0,0,1,0,0,1,1,0,0,0
1.0,2.0,8,0.6137919440239654,0.6485852571356994,1.0296194171811583,0.0,1400.0,190,5464.0,0.83,0.91,0.04,4.64,280.3266806,70.2900536,5.000423329019839,11.168,9.616,11.2087,0,0,1,0,0,0,0,0,0,0,0,0
1.0,1.0,7,5.602118820879701,0.6626879730752367,2.7457725037466334,0.63,1430.4,31,6317.0,1.93,1.5,0.37,4.06,5.2180424,-19.9314823,4.778350084864763,8.17,6.964,8.05121,1,0,0,0,0,0,0,0,0,0,0,0
1.0,1.0,7,6.220093028652761,0.7701082216960736,2.320150728659361,0.15,771.112,115,4297.0,1.4419999999999997,0.82,-0.18,2.31,347.6219227,57.0294818,5.9226636214839585,8.270001,4.388,7.64476,1,0,0,0,0,1,0,0,0,0,0,0
1.0,1.0,8,1.5229471271857995,0.8921477808926671,2.8349177730444675,0.0,1516.8,190,6380.0,1.31,1.41,0.2,4.31,98.3511016,-23.486086,5.30937599390477,10.336,9.075,10.138,0,0,1,0,0,0,0,0,0,0,0,0
2.0,1.0,7,2.819288011576911,0.10436001532424277,2.242930270868037,0.04,964.2,190,5182.0,0.77,0.93,-0.22,4.63,32.6224785,-50.8209945,2.4667087342529106,6.12,4.125,5.88516,1,0,0,0,0,0,0,0,0,0,0,0
1.0,1.0,7,7.215239978730097,1.2725655957915476,1.6945282945135283,0.31,1249.0,47,5617.6,1.698,1.22,0.038,4.204,343.6639631,-70.0733957,3.32107855998091,6.04,4.518,5.89397,1,0,0,0,1,1,0,1,1,0,0,0
2.0,1.0,8,1.1743329002957306,0.031789322489407336,2.84147325452492,0.047,1320.0,92,5260.0,0.87,0.9,0.12,4.51,60.3855387,-20.4509991,4.775739623015028,11.118,9.165,10.8202,0,0,0,0,0,0,0,0,0,0,0,0
2.0,1.0,8,1.9713321123295384,0.06979654845208653,2.5479596931495774,0.4277202,1401.0,26,6202.0,1.59,1.32,0.141,4.16,78.9198197,16.2786991,5.923271355791595,11.237,9.893,11.2549,0,0,0,1,0,0,0,0,0,0,0,0
2.0,1.0,1,5.482738384596756,0.17685390707808796,1.324592590908549,0.05541,816.2,190,5572.8,1.49,1.14,0.17200000000000001,4.384,290.5519537,40.2350445,7.081321956752229,13.595,12.215,13.4394,1,0,1,0,1,0,0,1,1,0,0,0
1.0,1.0,8,1.334326102152884,0.03719944098910626,2.6535236150808417,0.058,1271.0,190,5500.0,0.88,0.93,0.17600000000000002,4.561999999999999,284.2960393,51.2691212,5.970225588782081,13.427,11.667,13.2615,0,0,0,0,0,0,0,1,1,0,0,0
1.0,1.0,7,6.737204177787098,1.0577902941478545,2.738997751753605,0.22,1846.104,34,5900.0,2.16,1.25,-0.12,4.07,259.9639522,-48.5502313,4.058121352064576,6.67,5.17,6.5121,1,0,0,0,0,0,0,0,0,0,0,0
2.0,1.0,7,1.4615077649159993,0.04783732941416013,2.7896656177547383,0.011,1843.6,190,6466.27,1.43,1.32,0.264,4.25,206.8134593,17.4571647,2.812536334599348,4.48635,3.507,4.36617,1,0,0,0,0,0,0,0,0,0,0,0
2.0,1.0,7,5.781391453983184,0.7784070245107687,2.327191995604518,0.238,1171.2,77,4874.0,13.76,2.09,-0.26,2.45,185.1787793,17.7932516,4.545256686264396,4.72307,2.282,4.44038,1,0,0,0,0,0,0,0,0,0,0,0
1.0,2.0,7,7.164383585791233,1.2216555391782438,2.7164649296062584,0.11,2165.592,54,5966.0,1.718,1.09,0.14,4.43,227.6847587,-61.4223747,3.2193756999098517,6.29,4.836,6.13951,1,0,0,0,0,1,0,0,0,0,0,0
1.0,1.0,8,8.202756381655638,1.7047480922384253,2.598384133547774,0.0,183.0,190,4898.0,2.7,0.9,-0.23,3.52,159.3890808,11.8427484,6.315151831988759,12.353,10.148,12.1722,0,0,0,0,0,0,0,0,0,0,0,0
1.0,1.0,8,1.7280046409230196,0.056947280441750125,2.854456686196037,0.02,1016.8,50,5700.0,2.15,1.25,0.0,3.85,94.820735,-4.4222978,7.6042767601810315,15.479,13.426,15.4655,0,0,0,0,0,0,0,0,0,0,0,0
1.0,1.0,7,4.09150720740194,0.26005390533430683,2.182480080232917,0.07,1139.0,32,5920.0,1.4300000000000002,1.01,0.05,4.65,30.6115322,2.8158078,3.8986682260107846,8.18,6.706,8.04463,1,0,0,0,0,1,0,0,0,0,0,0
1.0,3.0,7,8.53603555388412,1.7611284256745328,2.247975348382359,0.12,889.4,190,5237.0,1.8659999999999997,0.48,-0.156,4.266,173.8619194,-32.5436302,2.3090203422891946,9.81,5.623,8.89138,1,0,0,0,1,1,0,1,1,0,0,0
1.0,1.0,7,5.369334853783317,0.6113946786876863,1.642889810598606,0.081,612.712,190,5131.0,4.06,1.75,0.154,3.54,288.4008374,34.9146658,4.927565230824712,7.93,5.84,7.70327,1,0,0,0,0,0,0,1,0,0,0,0
1.0,2.0,8,2.19961505120885,0.07138999608667294,1.2193539063642382,0.0,734.0,190,5106.0,0.79,0.85,0.073,4.57,211.0939367,46.5192825,4.7377849085990045,11.361,9.237001,11.067,0,0,0,0,0,0,0,0,0,0,0,0
1.0,1.0,8,0.95923082723423,0.026252371144065742,2.6722848446554677,0.2776,1638.0,190,5500.0,1.01,0.97,-0.34,4.41,256.5375549,-10.4130071,5.5698167019880405,12.663,10.147,12.2511,0,0,0,1,0,0,0,0,0,0,0,0
2.0,1.0,8,1.677718049986554,0.04018178963283183,2.186051276738094,0.23,563.0,172,3476.0,0.47,0.49,0.18,4.81,226.3371468,36.7869747,4.699416163366197,15.694,11.052,14.6718,0,0,0,0,0,0,0,0,0,0,0,0
1.0,1.0,3,6.626448315912161,1.235471471385307,2.67803876627248,0.154,1069.9119999999998,190,5455.8,1.33,0.39,-0.12840000000000001,4.264,268.480625,-35.1366389,7.916078096302786,15.740199999999998,13.565783999999994,10.620735999999999,1,1,0,1,1,1,0,1,1,0,0,0
1.0,1.0,8,1.73021698880826,0.05590763193829598,2.730985172384706,0.0,1428.0,190,5743.0,1.53,1.18,0.27,4.14,135.3443583,6.0970828,6.00693919474614,12.125,10.626,12.0031,0,0,0,0,0,0,0,0,0,0,0,0
1.0,3.0,8,1.4176629325078844,0.03604259134692935,1.2267122912954254,0.0,871.0,190,4227.0,0.67,0.68,-0.1,4.57,157.1440712,65.8541986,4.312109675635232,11.922,8.95,11.5743,0,0,0,0,0,0,0,0,0,0,0,0
2.0,4.0,8,2.1763413664197953,0.06569410319536247,0.598121822621983,0.042,664.0,190,4285.0,0.7,0.69,-0.12,4.58,157.9356855,0.9372782,4.363844843113488,11.625,8.897,11.3527,0,0,0,0,0,0,0,0,0,0,0,0
1.0,6.0,8,2.0225669110990205,0.057513906200606715,1.2731256630142527,0.3765002,690.0,90,4316.0,0.65,0.65,-0.23,4.45,7.3020115,-30.4541159,4.154168863867766,11.955,8.656,11.1523,0,0,0,1,0,0,0,0,0,0,0,0
1.0,1.0,3,5.2590133683401294,0.9242589015233319,2.4503304013914105,0.22399999999999998,1011.7119999999999,190,5544.0,1.284,0.24,-0.09840000000000002,4.512,267.6172083,-29.2792806,8.801017833540714,16.4732,15.01963999999999,10.863846,1,1,0,1,1,1,0,1,1,0,0,0
1.0,2.0,3,4.903318709324144,1.0296194171811583,2.4503304013914105,0.22400000000000003,1011.7119999999999,190,5536.4,1.284,0.18,-0.09840000000000002,4.5120000000000005,269.014,-29.0828889,8.867990898182093,16.676,15.01963999999999,10.822476,1,1,0,1,1,1,0,1,1,0,0,0
1.0,2.0,2,7.924794738673924,5.093750200806762,2.2894388712729823,0.45,1449.8,116,4573.0,0.758,1.0,-0.05799999999999998,4.244000000000001,201.3001096,-64.9391566,4.560357949363382,11.124,8.392,10.6505,1,1,0,1,0,1,0,1,1,0,0,0
1.0,1.0,7,6.437431598525476,0.883767540168595,1.931466587572379,0.13,1193.2,43,5904.0,1.18,0.98,-0.16,4.34,42.7684964,30.2865981,3.816093433840329,7.535,6.093,7.40113,1,0,0,0,0,0,0,0,0,0,0,0
1.0,2.0,7,5.046195469494807,0.42395969074432877,1.4795134273222614,0.12,498.4,190,5103.0,0.76,0.82,-0.16,4.54,341.8768719,76.78236720799998,3.0229582598075826,7.53,5.449,7.27896,1,0,0,0,0,0,0,0,0,0,0,0
1.0,4.0,7,3.894561435717025,0.17725876245149225,2.2037688520221015,0.12,738.6,156,3466.0,0.4,0.42,0.02,4.798,67.1484425,-25.1713396,3.0535435298015092,11.945,7.486,10.9788,1,0,0,0,0,0,0,0,1,0,0,0
1.0,1.0,3,6.445104617678211,1.252762968495368,2.126327304309593,0.25939999999999996,1846.104,190,4570.0,0.818,0.58,-0.178,4.25,269.5791667,-30.1452778,8.881975184248867,17.02,15.01963999999999,6.9298839999999995,1,1,0,1,0,1,0,1,1,0,0,0
1.0,1.0,7,6.1426823373590915,0.8285518175661483,2.3133110442354536,0.25,887.4,190,4989.0,3.78,1.48,-0.11,3.45,229.7756438,41.732423,4.665022745134948,7.849,5.693600000000001,7.60946,1,0,0,0,0,0,0,0,0,0,0,0
1.0,1.0,7,6.1463292576688975,0.8153648132841945,2.544671975059835,0.3,1461.2,190,6130.0,1.75,1.7,0.17,4.18,73.6822877,12.3520103,4.079971766671914,7.13266,5.792,6.98479,1,0,0,0,0,0,0,0,0,0,0,0
1.0,1.0,7,4.707275408925245,0.4127054997636582,2.5021733846867185,0.395,1715.3920000000003,21,6651.0,1.49,1.47,0.0,4.19,197.3171237,-60.3084347,4.568408686488611,8.2,7.163,8.09394,0,0,0,0,0,0,0,0,0,0,0,0
1.0,3.0,8,4.843181068781435,0.2883080463053539,2.503891949699081,0.08520000000000001,743.8,190,5990.0,1.0,1.08,0.05,4.47,297.4653351,42.8828517,6.558818886495606,14.142,12.508,13.9628,0,0,1,1,0,0,0,0,0,0,0,0
1.0,1.0,8,3.228651328558803,0.1211551215564672,1.536867219599265,0.087,330.0,162,3553.0,0.48,0.48,0.041,4.77,156.74726,-52.4678724,3.354200109301244,12.36,8.069,11.36,0,0,0,0,0,0,0,0,0,0,0,0
1.0,1.0,8,2.291179596901307,0.0820407103362095,2.643902714611736,0.1,1017.0,38,6090.0,1.02,1.05,-0.2,4.43,281.0725563,6.6632062,6.471254508611336,13.961,12.119,13.7459,0,0,0,0,0,0,0,0,0,0,0,0
1.0,2.0,7,5.274536837882633,0.48858001481867097,1.6009261253442495,0.17,1083.6,190,5905.0,1.38,1.15,-0.5798,4.22,257.3930947,33.3549277,3.7981754655393813,7.28,5.808,7.12074,1,0,0,0,0,0,0,0,0,0,0,0
1.0,2.0,7,7.476494408101378,1.3281354469463584,1.7995539715867526,0.373,1076.2,190,5756.0,1.954,0.91,0.31599999999999995,4.064,242.6021014,43.8163621,2.940869458104803,6.61935,4.714,6.383,1,0,0,0,1,1,0,1,1,0,0,0
1.0,1.0,7,6.57270202113419,0.9783261227936076,1.8832020386433352,0.21,953.8,190,4545.0,19.17,2.12,-0.08,2.2,114.2884692,-13.9066703,6.831105309458217,10.038,7.151,9.69971,1,0,0,0,0,0,0,0,0,0,0,0
1.0,5.0,8,5.592072212329254,0.5411608235620636,0.8796267475025636,0.3287444,208.0,111,4925.0,0.64,0.69,-0.37,4.68,283.2125621,45.3496992,5.710009711771951,13.965,11.659,13.7197,0,0,0,1,0,0,0,0,0,0,0,0
1.0,1.0,7,8.003363058629947,1.547562508716013,1.908019850369294,0.52,680.6,123,5942.183999999999,1.172,0.74,-0.0792,4.3839999999999995,186.4613189,-1.1109233,3.680963203116963,10.26,7.31,9.78272,1,0,0,0,1,1,0,1,1,0,0,0
2.0,4.0,8,2.3017847728232765,0.076497970972725,1.840390890639792,0.03,837.0,190,5271.0,0.86,0.83,-0.06,4.49,252.426008,-19.5430504,5.066902199549558,12.304,9.821,12.0036,0,0,0,0,0,0,0,0,0,0,0,0
1.0,1.0,7,6.361958566272094,0.8960880245566356,2.053759351094718,0.06,2312.592,115,4157.0,25.92,1.22,-0.01,1.7,243.4620874,-11.8377905,4.835908821490736,5.22606,2.094,4.75429,1,0,0,0,0,0,0,0,0,0,0,0
2.0,1.0,2,3.3184865319594,5.846438775057725,2.339102442873147,0.156,2450.0,190,5867.8,1.102,2.6,0.078,4.401999999999999,242.1821202,-23.6855244,4.989057492109406,5.86,5.707,5.83871,1,1,0,1,1,1,0,1,1,0,0,0
2.0,1.0,7,6.061689991997479,0.8202202631234213,1.8086924101819384,0.06,1226.8,190,4846.0,1.7240000000000002,1.23,0.41392000000000007,3.78,64.1205476,-59.3028771,2.9585702398652227,4.44,1.745,4.14532,1,0,0,0,0,1,0,0,0,0,0,0
1.0,1.0,7,7.518064181233078,1.3609765531356006,1.761409981197619,0.7,1053.4,71,5574.8,1.1119999999999999,0.99,0.25,4.364,221.5104196,-68.7629901,4.22593699294101,8.8,7.167,8.6178,1,0,0,0,1,1,0,0,1,0,0,0
1.0,1.0,7,2.3577359374588935,0.0657877405380031,1.5684067436893816,0.1,509.0,168,4082.0,0.5301,0.45,-0.092,4.772,189.7134226,11.6950708,2.7236479217252647,11.49,6.691,10.3249,1,0,0,0,1,1,0,1,1,0,0,0
1.0,2.0,7,3.1091814873114343,0.13802129789737466,1.4024137429997738,0.0,620.0,190,5513.0,0.96,0.94,0.107,4.45,117.9246417,9.3852412,3.9115008691387154,8.58,6.881,8.39353,0,0,0,0,0,0,0,0,0,0,0,0
3.0,1.0,7,7.137479553760067,1.1783472566869633,1.8113129700714938,0.548,1042.1920000000002,190,4280.2,0.6020000000000001,0.96,-0.15,4.497999999999999,216.7005171,-5.1784093,4.305362899338004,8.81,7.06,8.61907,1,0,0,0,1,1,0,1,1,0,0,0
2.0,4.0,7,1.5262215072394636,0.03825871211709034,2.726879944737456,0.192,1389.2,190,5206.6,1.7740000000000002,0.63,0.06200000000000001,3.814,262.5448903,-51.6377777,2.834812065419913,9.58,5.825,8.86517,1,0,0,0,1,1,0,1,1,0,0,0
2.0,1.0,7,7.3370144627839435,1.3067098817770482,1.6798037908997443,0.282,746.6,190,4995.2,3.258,1.1,0.006,4.148000000000001,57.0018601,40.5307308,3.9703258752395683,7.26122,5.874,7.10356,1,0,0,0,1,1,0,1,1,0,0,0
1.0,2.0,8,5.051777237427431,0.4643627493556498,2.557028577338054,0.254,1118.0,190,5951.0,1.06,1.13,0.2,4.44,57.6572277,-15.0262251,5.658031686899193,11.938,10.345,11.6965,1,0,0,0,0,0,0,0,0,0,0,0
1.0,3.0,7,2.1213749183860546,0.07287864541257255,2.7211423206039425,0.295,1416.8,52,5977.0,1.106,1.04,0.02,4.42,161.5627065,-41.464604,3.7920563373809575,7.49,6.065,7.33769,1,0,0,0,0,1,0,0,0,0,0,0
1.0,1.0,7,6.0939985720016265,0.7561219797213337,2.155521050897985,0.48,1073.712,190,5538.0,1.07,1.01,0.22,4.38,332.3748117,-7.5505962,3.104519411629719,6.54348,4.799,6.34701,1,0,0,0,0,0,0,0,0,0,0,0
1.0,1.0,8,1.511072915423279,0.048875874781886805,2.7324175575505043,0.0,1688.0,190,6248.0,1.57,1.34,0.119,4.17,20.1660113,-76.938055405,5.876586662411048,11.6,9.96,11.2905,0,0,0,0,0,0,0,0,0,0,0,0
1.0,2.0,8,3.1898835821015226,0.14071800693887934,2.2696485927477807,0.17,1085.2,132,5096.0,0.79,0.85,0.14,4.58,86.8509737,-60.5213081,5.982418757034427,14.216,11.905,14.012,0,0,0,0,0,0,0,0,0,0,0,0
1.0,1.0,8,1.5211462252879988,0.04363403702006131,2.639200176555006,0.0,1395.6,190,5800.0,1.0,0.93,-0.1728,4.266,221.9438866,1.0650227,5.975820311703131,12.815,11.093,12.542,0,0,0,0,0,0,0,1,1,0,0,0
1.0,1.0,8,1.5689517365204646,0.0509022179271192,2.6792391192480904,0.0,1570.0,190,6202.0,1.44,1.31,0.182,4.24,77.612879,70.391079,5.817090326412854,11.31,10.004,11.2468,0,0,0,0,0,0,0,0,0,0,0,0
1.0,6.0,8,2.3231266628911555,0.03776773501467831,0.7153977894947651,0.14198200000000002,992.512,190,2953.0,0.1505,0.09,-0.24596,5.201500000000001,346.6263919,-5.0434618,3.896194494567999,17.02,10.296,15.6451,0,0,0,1,0,0,0,1,0,1,0,0
1.0,2.0,7,6.340359303727752,0.8372475245337022,1.7539905796377049,0.47,1255.2,117,5438.4,0.916,0.92,0.0708,4.43,341.652714,-56.5997984,3.7268205026917975,8.96,6.784,8.68605,1,0,0,0,1,1,0,1,1,0,0,0
2.0,1.0,8,1.7248553611836663,0.06175339627548214,3.1061199638849386,0.4894,1935.0,6,7500.0,1.83,1.62,-0.12,4.13,111.5095293,7.6157759,5.708026788134567,9.857,9.196,9.86331,0,0,0,1,0,0,0,0,0,0,0,0
2.0,1.0,8,1.0859637149963461,0.03135330765799578,2.950421050843988,0.0,1893.0,190,6280.0,1.25,1.12,-0.105,4.3,93.1147397,-23.4924956,6.206208923903759,12.537,11.282,12.4272,0,0,0,0,0,0,0,0,0,0,0,0
1.0,1.0,7,6.260154913378162,0.8754687373538999,1.555974737773397,0.19,600.712,120,4126.0,38.3,1.4,-0.27,1.6624999999999999,222.676495,74.155548,3.6832315346013353,3.8593936,1.5122200000000001,6.456474,1,0,0,0,0,0,0,0,0,0,0,0
1.0,4.0,8,2.192590523341106,0.08044570338293323,0.6205764877251099,0.11,1173.0,190,5854.0,1.45,1.24,0.321,4.497999999999999,297.028162,48.2086019,6.267194855925539,12.543,11.06,12.4627,0,0,0,0,0,0,0,0,1,0,0,0
1.0,3.0,8,2.4630018143999504,0.29274572220009365,1.3875435805203225,0.021,647.2,190,5828.0,1.55,1.08,-0.006,4.51,294.2189131,49.4792536,6.729532510666265,13.567,11.998,13.4015,0,0,1,0,0,0,0,1,1,0,0,0
1.0,1.0,8,1.863078078533357,0.06212937146554879,2.087161664694974,0.0,1270.0,38,6050.0,1.22,1.19,0.19,4.34,144.8751047,-20.9824191,4.746435345791678,9.351,8.032,9.257,0,0,0,0,0,0,0,0,0,0,0,0
1.0,1.0,2,5.808620749003806,4.61512051684126,3.1061199638849386,0.28080000000000005,2580.960000000001,131,6003.0,1.608,0.7,0.012000000000000002,4.172,237.3003643,-35.6515055,5.0249917453128745,11.593,7.096,11.2608,0,1,0,1,1,1,0,1,1,0,0,0
1.0,5.0,7,2.191765257888802,0.39847154724374556,2.0040955745181703,0.1572,748.2,42,5391.0,1.21,1.08,-0.1624,4.138,261.3495847,52.7904721,3.3339815018185086,6.47915,4.965,6.30694,1,0,1,1,1,0,0,1,1,0,0,0
1.0,1.0,8,1.1264036723400372,0.030897711327843785,2.7353410613381137,0.0,1588.0,88,5404.0,1.17,0.95,0.24,4.28,73.7014398,-76.6806061,5.876847432131834,12.725,10.892,12.5143,0,0,0,0,0,0,0,0,0,0,0,0
1.0,1.0,8,1.2788813015453775,0.026729560991898826,2.517696472610991,0.029,604.0,136,3388.8,0.37,0.39,0.264,4.9,207.4738488,-46.0665139,4.301507771989872,15.16,10.819,14.4858,0,0,0,0,0,0,0,0,0,0,0,0
1.0,1.0,8,1.5938632546650962,1.0932836542364774,2.264987062578727,0.03,1115.6,190,4800.0,0.79,0.77,0.11,4.5,354.337670099,-39.9071215,4.484078808799909,11.331,8.783,10.8932,0,0,1,0,0,0,0,0,0,0,0,0
1.0,1.0,8,2.291009513739902,0.07862632045518954,2.547098670044448,0.57,767.0,97,5200.0,0.89,0.91,0.3,4.5,291.1376203,36.5773443,6.729054359762296,15.414,13.118,15.1789,0,0,0,0,0,0,0,0,0,0,0,0
2.0,2.0,8,4.56850723896036,0.13811891092829648,2.1588301893489077,0.0331,862.6,190,5158.8,1.31,1.09,-0.007399999999999995,4.542,92.1330955,-59.5409853,5.991507046204883,11.722,10.635,11.8764,0,0,1,0,1,0,0,1,1,0,0,0
2.0,1.0,8,1.1474050560087565,0.03340576212568467,3.1061199638849386,0.159,1836.0,190,6001.0,1.37,1.13,-0.16,4.22,31.0427614,46.6878512,5.67058756979856,11.439,9.99,11.1335,0,0,0,0,0,0,0,0,0,0,0,0
1.0,1.0,3,6.52172637929524,1.0647107369924282,2.4503304013914105,0.22399999999999998,1011.7119999999999,190,5536.4,1.284,0.48,0.0416,4.377999999999999,265.691875,-27.3758389,8.839421607620602,16.8172,14.586911999999993,10.863846,1,1,0,1,1,1,0,1,1,0,0,0
2.0,4.0,7,8.147867129923947,1.7227665977411035,1.3774986424545157,0.33,815.6,190,5847.0,1.26,1.06,0.11,4.502,291.0323102,49.0402129,4.977877915191399,10.077,8.588,9.93355,1,0,0,0,0,0,0,0,1,0,0,0
2.0,1.0,8,0.8144130330514269,0.02176149178151269,2.5558309881246988,0.0,1012.4,75,5280.0,0.78,0.91,0.08,4.6,245.4405531,-23.548273,4.714266714052365,10.802,8.866,10.5371,0,0,0,0,0,0,0,0,0,0,0,0
1.0,2.0,8,2.125190144511457,0.0641009254065236,1.3480731482996928,0.03,694.0,190,4491.0,0.68,0.71,-0.01,4.208,208.9014508,-6.1360833,4.6869160578383715,12.358,9.625,11.9053,0,0,0,0,0,0,0,0,1,0,0,0
1.0,1.0,7,6.037083020111779,0.7975071958841881,0.7476831579054931,0.01,681.0,103,4919.0,4.63,1.39,-0.01,3.23,272.6326268,54.2876184,3.9252017826020213,5.98796,3.55,5.72384,1,0,0,0,0,0,0,0,0,0,0,0
1.0,2.0,8,2.985475997304303,0.13496786041048434,2.2037587386871507,0.0493,984.0,35,6150.0,1.61,1.13,-0.04,4.1,288.7930651,48.040176,7.283839635663437,14.282,13.011,14.2472,0,0,0,0,0,0,0,0,0,0,0,0
2.0,1.0,7,6.271744289793001,0.8415671856782186,2.786086402205906,0.26,2312.592,190,5883.0,1.4180000000000001,1.11,0.06,4.51,246.0057894,-39.1929661,2.632119029468387,5.37,3.933,5.22664,1,0,0,0,0,1,0,0,0,0,0,0
1.0,1.0,8,1.0789680308308252,0.02623288916976185,2.5721541100188996,0.062,940.0,190,4016.0,0.63,0.66,0.322,4.67,70.3397665,-32.3204175,5.957620752385026,16.68,12.812,15.7942,0,0,0,0,0,0,0,0,0,0,0,0
1.0,1.0,8,6.897584855110277,1.1075720300395817,2.561018565086703,0.8206009999999999,254.0,190,5746.0,1.7,1.13,0.196,4.03,291.2012559,51.1442437,6.729172723403036,13.392,11.792,13.2514,0,0,0,0,0,0,0,0,0,0,0,0
2.0,3.0,7,4.695495142005964,0.38797979376714486,2.5242283715999014,0.13,1116.6,190,4911.2,1.046,1.21,-0.03800000000000001,4.464,5.016937917,-49.0753625,3.3026763860345105,5.7,4.474,5.58442,1,0,0,0,1,1,0,1,1,0,0,0
1.0,1.0,7,7.134635838973256,1.252762968495368,1.593548148034757,0.04,883.2,94,4840.0,4.68,1.33,0.09,3.2,237.8080012,35.6558818,3.4360850025672924,4.79734,2.423,4.52428,1,0,0,0,0,0,0,0,0,0,0,0
1.0,1.0,3,6.593347225780623,1.235471471385307,2.4503304013914105,0.22399999999999998,1011.7119999999999,190,5536.4,1.284,0.41,0.0416,4.377999999999999,266.44725,-26.2663694,8.533263371593732,16.8172,15.01963999999999,10.863846,1,1,0,1,1,1,0,1,1,0,0,0
1.0,6.0,8,1.230206765014148,0.01567647938500758,0.7405077519197829,0.14198200000000002,1052.5120000000002,190,2953.0,0.1505,0.09,-0.24596,5.201500000000001,346.6263919,-5.0434618,3.8961944945679994,17.02,10.296,15.6451,0,0,0,1,0,0,0,1,0,1,0,0
1.0,1.0,7,9.712480048686817,2.595553169875064,2.195872976315699,0.357,1167.0,190,5575.6,4.554,0.93,0.10799999999999998,3.02,249.2855187,0.2546794,3.057424560507227,7.08308,5.183,6.86807,1,0,0,0,1,1,0,1,1,0,0,0
2.0,5.0,7,3.8154878756788837,0.212931586237793,1.7328704836220594,0.03,1235.6,190,5172.0,0.94,0.91,0.35,4.43,133.1468373,28.3298154,2.609003047500976,5.95084,4.015,5.72973,1,0,0,0,0,0,0,0,0,0,0,0
1.0,2.0,8,3.4912818097674654,0.21016516376249514,0.7929925155296614,0.021229400000000002,686.0,190,6001.0,1.25,0.86,0.0804,4.37,293.1507654,41.7291532,6.789043812467175,13.831,12.483,13.7744,0,0,1,1,0,0,0,1,1,0,0,0
1.0,1.0,3,6.609433931338261,0.5538851132264376,2.701887223850495,0.22399999999999998,1208.9119999999998,190,5283.2,1.284,0.34,0.0416,4.378,271.4905,-27.712,7.170888478512505,17.02,15.01963999999999,10.822476,1,1,0,1,1,1,0,1,1,0,0,0
1.0,1.0,7,8.145839612936841,1.5107219394949427,2.4729239909138947,0.09,886.8,162,3540.0,0.49,0.49,-0.06220000000000001,4.86,185.7440496,64.0324311,2.962971450310508,11.595,7.122,10.5462,1,0,0,0,0,0,0,1,0,0,0,0
1.0,1.0,8,0.7274311124523257,0.01882175424058776,0.9631743177730056,0.0,1517.0,89,4884.0,0.79,0.8,0.08,4.52,216.9234892,41.9529862,4.025592733110673,9.91,7.708,9.65254,0,0,0,0,0,0,0,0,0,0,0,0
1.0,1.0,2,1.620706820839258,4.037774210733707,2.402022760115623,0.20939999999999998,1000.0,190,5400.8,1.584,1.6,0.06239999999999999,4.1579999999999995,164.2621032,-68.6672917,4.468524233868967,7.36,6.789,7.30915,1,1,0,1,1,1,0,1,1,0,0,0
1.0,1.0,8,1.8259209315684775,0.058551886949615474,2.460016100942874,0.047,816.112,82,5150.0,1.78,1.01,0.15,3.6,278.6883216,5.5736911,6.6427253648252895,13.783,11.032,13.4119,0,0,0,0,0,0,0,0,0,0,0,0
2.0,1.0,3,6.5161358214801925,1.547562508716013,2.4503304013914105,0.31815999999999994,1011.7119999999999,190,5528.0,1.2840000000000003,0.71,0.0416,4.378,267.186875,-23.7415194,8.54110501146255,17.02,15.01963999999999,9.770026,1,1,0,1,1,1,0,1,1,0,0,0
1.0,1.0,2,6.321174100105822,5.846438775057725,2.7526410844300853,0.42799999999999994,1303.0,92,4993.0,0.8,1.0,0.0344,4.55,190.8875453,60.0143636,3.8276474244016003,9.374,7.288,9.17439,0,1,0,1,0,0,0,1,0,0,0,0
1.0,1.0,3,6.687787639525121,1.9501867058225735,2.4503304013914105,0.118,1294.9119999999998,190,5544.0,1.33,1.09,-0.054400000000000004,4.508000000000001,263.427583,-33.5206694,8.149312843635345,16.817199999999996,14.586911999999993,11.087644000000001,1,1,0,1,1,1,0,1,1,0,0,0
2.0,1.0,8,1.2443361336754017,0.11686347217706108,2.7877236098240514,0.0,832.8,190,5850.0,1.12,1.36,-0.15,4.43,286.8085258,49.3164211,5.3767587928545995,11.254,9.846,11.2819,0,0,1,0,0,0,0,0,0,0,0,0
3.0,1.0,7,5.817408764484109,0.688134638736401,2.062679030760534,0.29,1330.6,190,6331.0,1.41,1.93,0.19,4.43,39.2412736,24.6480103,3.821156935920772,7.09209,5.822,6.96085,1,0,0,0,0,0,0,0,0,0,0,0
1.0,1.0,7,6.985232168527076,1.3334208715128224,2.65818806058531,0.128,1225.4,190,5885.600000000001,1.078,2.49,-0.12799999999999997,3.778,202.6050857,-58.6643937,5.019211744313757,6.75,4.453,6.48224,1,0,0,0,1,1,0,1,1,0,0,0
1.0,2.0,9,3.2454943865055346,0.14448122381077425,1.8908397897813916,0.0622,920.0,132,5144.0,0.79,0.82,0.04,4.55,51.2284214,-73.9575458,5.467777400745893,13.004,10.8,12.7606,1,0,0,0,0,0,0,0,0,0,0,0
1.0,1.0,2,2.728011527420336,5.846438775057725,2.3576714234790175,0.28992019999999996,1670.0,190,5194.4,3.066,1.092,0.05,4.042,151.0884754,50.3861806,3.1263744965444866,11.672,7.199,10.6123,1,1,0,1,1,1,1,1,1,0,0,0
2.0,3.0,7,1.639901159910648,0.04974209189481407,1.9315500006648096,0.149,797.4,190,4961.4,0.9199999999999999,1.05,0.046000000000000006,4.4879999999999995,215.2227183,-17.4818147,4.071087876528406,8.31,6.838,8.1559,1,0,0,0,1,1,0,1,1,0,0,0
3.0,2.0,7,7.053326402301356,1.1352656063161453,2.143730958343955,0.27,1418.6,190,5710.0,0.9,0.94,-0.005959999999999988,4.264,328.1517893,-26.0271749,4.093162196836889,8.78,7.207,8.61176,1,0,0,0,0,0,0,1,1,0,0,0
1.0,1.0,8,1.028189824371564,0.0295588022415444,2.6149109963585864,0.154,1155.512,190,5544.0,1.45,1.1,-0.09840000000000002,4.5120000000000005,269.7583333,-29.1981944,8.044968359788125,17.02,15.01963999999999,10.822476,0,0,0,1,1,0,0,1,1,1,0,0
2.0,4.0,8,2.435685592797589,0.09649130018876124,1.6714733033535532,0.43,1012.0,190,6182.0,1.52,1.28,0.023,4.18,297.3330716,41.8911186,6.1697195131855,12.314,10.926,12.1882,0,0,0,0,0,0,0,0,0,0,0,0
1.0,1.0,2,4.032758067441266,1.8103590076068332,2.598384133547774,0.13022,570.2,162,3406.0,0.39,0.37,0.0,4.83,117.300914,-76.702696,2.4753948894154045,11.298,6.579,10.146,0,1,1,1,0,0,0,0,0,0,0,0
1.0,1.0,7,1.8001409132559703,0.058268908123975775,1.7633598200928866,0.02,865.8,190,5519.0,0.89,0.97,0.23,4.53,279.2211173,61.7015065,3.8476892633219175,8.65,6.893,8.45032,1,0,0,0,0,0,0,0,0,0,0,0
1.0,1.0,8,0.7860575740882791,0.022094117473065753,1.506297153514587,0.0,1860.0,41,5634.0,1.04,1.03,0.14,4.42,312.3400744,-70.4850723,5.564317321568078,12.297,10.346,11.8259,0,0,0,0,0,0,0,0,0,0,0,0
1.0,3.0,8,3.091738892606376,0.13278111123381847,1.5462850974288318,0.0,543.0,190,5192.0,0.8,0.86,0.02,4.57,217.3920159,39.7903991,3.759083924651569,9.139,7.115,8.91028,0,0,0,0,0,0,0,0,0,0,0,0
1.0,3.0,8,2.317531831877243,0.07825649796576742,1.324152964582041,0.066,828.0,97,5320.0,0.85,0.86,-0.02,4.52,23.5934253,-66.6763495,4.719025518306495,11.023,8.995,10.718,0,0,0,0,0,0,0,0,0,0,0,0
1.0,1.0,3,6.52172637929524,1.2267122912954254,2.4503304013914105,0.22399999999999998,1011.7119999999999,190,5544.0,1.284,0.45,-0.054400000000000004,4.508000000000001,263.5938333,-29.2848306,8.892855620084674,16.817199999999996,14.586911999999993,10.484964,1,1,0,1,1,1,0,1,1,0,0,0
3.0,6.0,8,3.739062457356328,0.19581346364225366,1.2812115846667382,0.16812,489.0,98,5266.0,0.79,0.8,-0.2,4.54,189.8392243,20.0273377,3.50129909402079,8.419,6.492,8.17208,0,0,0,1,0,0,0,0,0,0,0,0
1.0,2.0,8,2.6992280669291,0.15552667189491812,0.915490411703386,0.0,777.8,190,5979.0,1.63,1.03,-0.18,4.1,291.2501859,49.2318073,6.270905252595598,11.941,10.788,12.0767,0,0,1,0,0,0,0,0,0,0,0,0
1.0,2.0,8,2.261289027786704,0.07232066157962612,1.2773161985501456,0.078,665.0,91,4552.0,0.67,0.68,-0.284,4.74,225.0798831,-24.4542022,3.3499882942554136,9.92,6.804,9.40475,0,0,0,0,0,0,0,0,0,0,0,0
2.0,1.0,8,1.6984793940328733,0.7977236896010707,2.7668221273454443,0.0,1186.8,190,5900.0,1.09,1.11,-0.2,4.3,203.7581951,-17.5034961,5.698642621546339,11.753,10.396,11.7747,0,0,1,0,0,0,0,0,0,0,0,0
2.0,1.0,1,8.376665956279261,1.840549633397487,2.061985442683588,0.0,1245.4,135,5008.2,0.9719999999999999,0.44,-0.0834,4.4959999999999996,65.2733756,-48.6542601,3.0997138388966943,14.379,9.852,13.6576,1,0,0,0,1,1,0,1,1,0,0,0
1.0,1.0,8,2.9162176888989397,0.1241626426204225,1.501852701754163,0.061,752.0,190,5784.0,0.96,1.0,-0.038,4.45,293.2866147,-54.5327284,4.065003286319986,8.67,7.15,8.51549,0,0,0,0,0,0,0,0,0,0,0,0
2.0,5.0,7,1.842690197896598,0.0515482618805766,2.38592758131918,0.1,1265.2,97,5256.0,1.1500000000000001,0.7,-0.11,4.37,50.0139757,-28.7841175,3.6101473455633837,8.48,6.553,8.2372,1,0,0,0,0,1,0,0,0,0,0,0
1.0,2.0,8,0.9354468757351395,0.022250608934819758,1.1045943603456572,0.0,999.0,190,4169.0,0.62,0.63,-0.17,4.68,82.2900716,-0.3428983,3.7404419622602108,10.777,7.8,10.4143,0,0,0,0,0,0,0,0,0,0,0,0
1.0,2.0,2,9.061667439194405,2.3995302990505247,1.2763969863336349,0.106,769.2,190,4674.8,0.85,1.79,-0.36395999999999995,4.369999999999999,86.8212337,-51.066148,3.0322666895319608,3.8593936,3.526,3.82015,1,0,0,0,1,1,0,1,1,0,0,0
1.0,1.0,8,1.5021889481123425,0.03835495387646399,1.80005827204275,0.057,767.0,138,3980.0,0.62,0.65,0.25,4.66,120.6116787,64.7971531,4.123871001480422,12.39,8.803001,11.7294,0,0,0,0,0,0,0,0,0,0,0,0
1.0,6.0,8,2.353615602856767,0.07622002591140908,1.3190856114264407,0.07706,985.8,124,4540.0,0.68,0.73,0.04,4.64,296.1125759,39.9787451,5.914721182278647,15.23,12.253,14.7555,0,0,0,1,0,0,0,0,0,0,0,0
1.0,1.0,8,1.3046780409674266,0.03675614012511954,2.745474429748209,0.0,1592.0,57,5738.0,1.24,0.97,-0.1,4.24,354.337670099,-30.0130385,6.630741431451085,13.957,12.28,13.6864,0,0,0,0,0,0,0,0,0,0,0,0
1.0,1.0,7,6.642486801367256,1.0367368849500223,2.20665730901315,0.04,1275.0,190,4940.0,5.13,1.36,0.06603999999999999,3.09,45.0443115,-20.8027024,5.097943849146334,7.81,5.554,7.55464,1,0,0,0,0,0,0,1,0,0,0,0
1.0,1.0,8,1.634497287027358,0.055245474225978516,2.84147325452492,0.091,2061.0,190,6801.0,1.56,1.43,0.02,4.21,7.3289156,-76.304032,5.287519276448524,9.595,8.595,9.52025,0,0,0,0,0,0,0,0,0,0,0,0
1.0,2.0,8,1.5159670779964665,0.044782142771893185,0.9439058989071285,0.095,1431.0,190,6004.0,1.12,1.01,-0.14,4.284000000000001,291.3822988,38.1274595,6.122236197645008,12.78,11.354,12.658,0,0,0,0,0,0,0,0,1,0,0,0
1.0,1.0,7,6.569663731985274,1.0750024230289759,2.477810180127105,0.2,778.4,101,4380.0,23.47,2.1,-0.012000000000000005,4.136000000000001,99.448958,-32.3394531,4.81653261156646,5.25,2.383,4.88004,1,0,0,0,0,0,0,1,1,0,0,0
1.0,3.0,7,3.665098925448533,0.17822986389069825,2.774216412983461,0.55,553.0,117,4593.0,0.68,0.69,-0.21,4.61,102.489811,60.3373133,2.8850409074613603,8.58,5.612,8.11311,1,0,0,0,0,0,0,0,0,0,0,0
1.0,1.0,7,3.3210857827267817,0.17479329037316305,1.8484468359440658,0.104,1478.2,51,5894.0,1.93,1.31,0.27,4.294,354.337670099,-22.4279999,4.548615707389595,8.23,6.808,8.08528,1,0,0,0,0,0,0,0,1,0,0,0
3.0,2.0,8,3.899279146305702,0.26620304077465673,2.5076461367574896,0.0,676.0,190,6302.0,1.51,1.19,-0.06,4.23,234.8578846,-20.1988975,5.612795934436755,11.114,9.42,10.8204,0,0,0,0,0,0,0,0,0,0,0,0
1.0,1.0,8,1.3346275759407054,0.036331929247390274,2.5293221798183856,0.0,1160.0,114,4920.0,0.86,0.84,0.19,4.3,354.337670099,-70.1528621,5.01689565706707,11.98,9.712,11.6236,0,0,0,0,0,0,0,0,0,0,0,0
1.0,1.0,3,6.52172637929524,1.3506671834767394,2.4503304013914105,0.22399999999999998,1011.7119999999999,190,5544.0,1.284,0.69,-0.054400000000000004,4.508000000000001,264.2845,-29.7091111,8.785845337961213,16.8172,14.586911999999993,10.484964,1,1,0,1,1,1,0,1,1,0,0,0
1.0,2.0,7,5.519058033245936,0.5877866649021191,2.3149825361328022,0.075,1881.6,43,6123.0,1.12,1.12,0.05,4.55,263.3395365,5.7008254,4.308184973210166,8.65,7.297,8.51188,1,0,0,0,0,0,0,0,0,0,0,0
1.0,1.0,8,0.6085909690017784,0.017250353406527592,2.7661304121787347,0.068,2069.0,190,5600.0,1.02,1.04,-0.072,4.3660000000000005,173.9574203,-29.1560639,6.438340276461695,14.188,12.289,13.8786,0,0,0,1,0,0,0,1,1,0,0,0
1.0,1.0,8,1.6315471128381978,0.045279246198759886,2.860885730784224,0.2678,1111.0,86,5313.0,0.87,0.78,-0.31,4.45,163.7888521,-0.7370663,5.7880531549208545,13.081,11.207,12.8148,0,0,0,1,0,0,0,0,0,0,0,0
1.0,2.0,7,8.275035231579796,1.950471160382876,2.694251671020851,0.356,1287.6,190,5426.6,1.114,1.9,-0.057999999999999996,4.226,208.465364,-35.3146536,4.176202544364454,6.17,3.751,5.89329,1,0,0,0,1,1,0,1,1,0,0,0
1.0,2.0,7,7.545389749611823,1.2892326482767593,2.386411689455535,0.1,901.0,129,4051.0,0.75,0.68,0.12,4.67,33.3024198,-21.1962147,3.2081141249441534,9.84,6.504,9.25962,1,0,0,0,0,0,0,0,0,0,0,0
1.0,3.0,7,6.983789965258135,1.1314021114911006,1.788774495953718,0.032,1363.4,190,5872.0,1.21,1.06,0.04,4.3,164.8647611,40.4304931,2.6944041829349272,5.03352,3.75,4.87837,1,0,0,0,0,0,0,0,0,0,0,0
1.0,2.0,7,2.1809032167266724,0.0760346862759976,2.6324686440587373,0.25,1155.6,68,5783.0,0.9739999999999999,1.05,0.1,4.28,188.397397,-11.6215204,4.040796095264426,8.04,6.495,7.87816,1,0,0,0,0,1,0,0,0,0,0,0
1.0,1.0,7,7.669961995473577,1.6505798557652755,1.59879628703714,0.483,1081.4,73,4879.0,10.37,2.16,0.1,2.74,205.661989,76.78236720799998,4.644813886592643,5.90686,3.572,5.65211,1,0,0,0,0,0,0,0,0,0,0,0
1.0,1.0,7,5.980732160528938,0.8952713646500796,1.642889810598606,0.247,347.512,190,4917.0,9.2,2.6,0.2,2.98,288.7094401,31.8604391,4.81512312239436,6.61519,4.312,6.34583,1,0,0,0,0,0,0,0,0,0,0,0
1.0,1.0,7,5.038380154404814,0.45488999143568737,2.3695225611632784,0.001,1345.4,190,4649.0,8.95,1.08,-0.22,2.61,176.4820239,14.6163182,6.645149485348825,10.41,7.718,9.9918,1,0,0,0,0,0,0,0,0,0,0,0
1.0,1.0,7,2.9734866646066713,0.12575120530556033,2.524816499258339,0.344,1831.3120000000004,96,5374.0,0.984,0.91,0.28,4.37,256.1164214,-28.5838342,2.9585079662557208,6.59,4.758,6.36693,1,0,0,0,0,1,0,0,0,0,0,0
1.0,1.0,8,1.6340290564620772,2.0143842206928313,2.598384133547774,0.23,1299.6,190,5588.0,1.21,1.24,0.01,4.33,171.2749348,41.0280207,5.6286206140237205,11.459,10.111,11.5583,0,0,1,0,0,0,0,0,0,0,0,0
2.0,2.0,7,6.018836518228814,0.76080582903376,1.465336283710562,0.1,544.512,190,4901.0,3.26,1.7,0.41392000000000007,3.64,286.3363574,25.9204327,4.15524208797334,7.18,4.809,6.8866,1,0,0,0,0,0,0,0,0,0,0,0
1.0,1.0,8,2.451054234836125,0.09349034308733889,2.6297282343267403,0.408,894.0,190,5805.0,1.0,1.03,-0.13,4.3,204.5426717,-28.1429206,5.706744749451314,12.235,10.706,12.0997,0,0,0,0,0,0,0,0,0,0,0,0
1.0,1.0,8,0.9835393897712622,0.029655884907510657,1.5851452198650557,0.0,1841.0,43,5945.0,1.24,1.15,0.22,4.33,129.6010863,20.1060074,5.246808259400903,10.651,9.182,10.4053,0,0,0,0,0,0,0,0,0,0,0,0
1.0,1.0,8,2.077428203774579,0.06980587424396292,2.582411389480243,0.151,1180.0,41,5925.0,1.23,1.03,-0.069,4.27,46.8186159,-31.1629951,5.4564572218809655,11.091,9.638,10.9777,0,0,0,0,0,0,0,0,0,0,0,0
1.0,1.0,7,6.06262174142431,0.8162493776939287,2.4568314511504306,0.031,876.1119999999999,190,4947.0,4.67,1.46,0.172,3.18,5.016937917,14.054683,5.257250550394744,8.36,6.12,8.10417,1,0,0,0,0,0,0,1,0,0,0,0
1.0,1.0,2,5.944586039107255,5.802118375377063,1.4584608999307238,0.421,1700.0,129,4060.0,7.352000000000001,0.85,-0.011959999999999997,3.5,242.3762343,-21.0831403,4.942606243698784,12.618,8.916,12.0572,1,1,0,1,0,1,0,1,1,0,0,0
1.0,1.0,8,2.5169648421314457,0.09011488944226027,2.437727686936339,0.081,701.0,190,4920.0,0.82,0.86,0.41,4.54,127.882912,11.922255,6.167009024622908,14.55,12.304,14.2751,0,0,0,0,0,0,0,0,0,0,0,0
1.0,2.0,2,7.645397699428633,1.5107219394949427,2.854456686196037,0.41,1182.0,26,4775.2,2.738,1.32,-0.064,4.026,326.3416874,-12.7833522,3.7318982339334967,6.68804,5.593,6.56783,0,0,0,0,1,1,0,1,1,0,0,0
1.0,1.0,7,5.182401336950694,0.49469624183610705,2.1031760041613614,0.07,1181.6,190,4673.0,10.64,1.93,-0.37,2.67,15.1383168,20.2923139,5.650740283418654,8.09,5.621,7.79825,1,0,0,0,0,0,0,0,0,0,0,0
1.0,1.0,8,1.5685840424058266,0.04034508081499058,2.4493658242022405,0.074,818.0,190,4390.0,0.62,0.65,-0.127,4.67,99.8979924,25.4824005,4.9743239446371,13.398,10.326,13.0172,0,0,0,0,0,0,0,0,0,0,0,0
2.0,6.0,8,3.0242384831792952,0.12988726083442226,0.6688544879909007,0.094,681.0,190,5495.0,0.92,0.93,0.07,4.274000000000001,287.6979913,42.3385782,5.647434320702328,12.61,10.871,12.4535,0,0,0,0,0,0,0,0,1,0,0,0
1.0,1.0,7,6.9143037905999005,1.1326916023209723,2.436251417113003,0.037,1345.0,65,4734.0,11.21,1.23,-0.11,2.41,39.4243555,-3.3963607,4.627518589651853,5.64307,3.266,5.37588,1,0,0,0,0,0,0,0,0,0,0,0
1.0,3.0,7,1.766339091881144,0.050693114315518116,2.5644304420695123,0.0,867.0,190,4850.0,0.73,0.78,0.2,4.6,83.2692502,-26.7238698,3.513591106220018,9.12,6.723,8.79171,1,0,0,0,0,0,0,0,0,0,0,0
1.0,1.0,8,1.6495697488500307,0.05126329393754153,2.716018370751387,0.0,1600.0,64,5590.0,1.79,1.09,0.01,3.99,279.7504991,6.9697828,6.952900713950112,15.861,13.261,15.4682,0,0,0,0,0,0,0,0,0,0,0,0
1.0,1.0,8,1.379291397509461,0.04270502051348401,2.935026398436596,0.09,1896.0,42,6002.0,1.88,1.25,0.035,3.99,150.5726262,53.9508237,6.842102537331374,13.014,11.675,12.8922,0,0,0,0,0,0,0,0,0,0,0,0
1.0,1.0,7,7.085315518674381,1.2476068413459973,1.8555387849696454,0.19,980.4,101,4842.0,7.72,1.68,0.05,2.86,123.55499,-35.4899246,4.3322584924397605,5.77,3.586,5.49555,1,0,0,0,0,0,0,0,0,0,0,0
3.0,5.0,7,3.3721118007670587,0.11778303565638346,2.4506410071694615,0.02,1846.104,152,3350.0,0.54,0.33,-0.55,4.69,259.7510609,-34.9977651,2.109480811002856,10.602,6.036,9.38033,1,0,0,0,0,1,0,0,0,0,0,0
1.0,1.0,7,2.0827846971029684,0.05261142527120956,2.6321414774367966,0.4213202,485.0,155,3579.0,0.43,0.43,-0.09,4.88,157.2288672,0.8378485,2.08337006491748,9.65,5.311,8.67373,1,0,0,1,0,0,0,0,0,0,0,0
3.0,1.0,7,2.6728374453464654,0.11064652008706366,2.3723418053632073,0.05,1503.6,40,5770.0,1.55,1.12,-0.17,4.1,151.6695435,17.8949795,4.311919571277019,8.07,6.536,7.9295,1,0,0,0,0,0,0,0,0,0,0,0
1.0,1.0,8,2.3938699091548004,0.09476457644442293,2.554043955288302,0.101,937.4,190,4896.0,3.55,1.31,0.23,3.48,184.9787579,-25.8278531,5.3798328353301725,9.973,7.524,9.641,0,0,0,0,0,0,0,0,0,0,0,0
1.0,2.0,8,2.31645870779325,0.087122204181403,1.3532545070416904,0.18,1135.0,190,6146.0,1.26,1.2,0.14,4.3,337.5102738,-75.6465606,4.8737000195952636,9.511,8.246,9.39972,0,0,0,0,0,0,0,0,0,0,0,0
1.0,1.0,7,7.02197642307216,1.1631508098056809,2.6148216102216493,0.71,1313.8,190,5945.0,1.19,1.23,0.3,4.38,6.0851069,-56.649988,4.462363914341443,9.0,7.549,8.85974,1,0,0,0,0,0,0,0,0,0,0,0
1.0,1.0,7,7.467942332285852,1.3837912309017721,2.319272627359559,0.126,922.2,190,4917.0,2.58,1.16,0.0546,3.6,129.8153421,12.9599703,4.434762575446543,8.23,5.962,7.95707,1,0,0,0,0,0,0,1,0,0,0,0
1.0,1.0,8,1.2947920969932905,0.044973365642731154,2.8736211351590195,0.0022,2370.0,7,7690.0,1.92,1.9,0.09,4.15,316.2036922,55.5880221,5.010135169054574,8.03,7.439,7.97561,0,0,0,0,0,0,0,0,0,0,0,0
1.0,1.0,3,6.609433931338262,1.000631880307906,2.701887223850495,0.22399999999999998,1188.9119999999998,190,5536.4,1.284,0.18,0.0416,4.378,271.303917,-27.2932333,8.768885326134862,17.02,15.01963999999999,10.108464000000001,1,1,0,1,1,1,0,1,1,0,0,0
1.0,5.0,8,2.9530366498863563,0.11332868530700317,1.0818051703517284,0.2733644,510.0,111,4925.0,0.64,0.69,-0.37,4.68,283.2125621,45.3496992,5.710009711771951,13.965,11.659,13.7197,0,0,0,1,0,0,0,0,0,0,0,0
2.0,1.0,7,7.1479934412827495,1.2348899069606576,1.6677449216943483,0.752,451.8,190,5051.4,3.21,1.2,-0.05595999999999999,3.438,18.621465,-5.0479716,3.6803935504636383,7.5,6.084,7.34996,1,0,0,0,1,1,0,1,1,0,0,0
1.0,1.0,3,5.096486509487754,0.6780335427498971,2.4503304013914105,0.22400000000000003,1011.7119999999999,190,5536.4,1.284,0.23,-0.09840000000000002,4.5120000000000005,269.0555417,-29.1990833,8.639587799629844,16.676,15.01963999999999,10.822476,1,1,0,1,1,1,0,1,1,0,0,0
2.0,1.0,7,6.06262174142431,0.7839015438284094,2.077414298033154,0.144,1032.2,190,4330.0,31.88,1.23,-0.06620000000000001,3.55,154.993208,19.841389,3.710843958555086,3.8593936,1.5122200000000001,7.882982,1,0,0,0,0,0,0,1,1,0,0,0
2.0,2.0,8,2.5012112543654994,0.08645288773019902,1.3711807233098425,0.2,686.0,117,4869.0,0.77,0.78,-0.09,4.51,155.8719377,-43.8349248,4.106136430726905,10.217,7.999,9.93978,0,0,0,0,0,0,0,0,0,0,0,0
1.0,1.0,8,1.2934451132370988,0.03702599883644707,2.567024126715427,0.101,1512.0,190,5629.0,1.17,1.02,0.41392000000000007,4.31,74.5043816,48.3008551,5.857404443311766,12.539,10.701,12.4362,0,0,0,0,0,0,0,0,0,0,0,0
2.0,2.0,7,3.661251286996462,0.20620083058389777,2.3194580152848525,0.3,1024.2,190,5303.0,2.01,0.91,0.1,3.79,29.2884252,-10.2434693,3.5420283176773517,6.41525,4.491,6.209,1,0,0,0,0,0,0,0,0,0,0,0
1.0,1.0,7,2.2729090838840444,0.06448539472638838,2.1603128482252636,0.08,1463.6,149,3685.0,0.5,0.52,-0.08,4.75,210.2597264,-2.6522901,2.4344200474807427,9.71,5.683,8.85881,1,0,0,0,0,0,0,0,0,0,0,0
1.0,1.0,7,5.8683077234819985,0.712949807856125,1.8402306928606529,0.21,1764.6,33,6239.0,1.252,1.22,0.05,4.26,257.4208876,10.0381003,4.074133351467067,7.0092,5.715,6.86686,1,0,0,0,0,1,0,0,0,0,0,0
1.0,2.0,8,5.419553677225304,0.5601870533037148,2.0898867995413744,0.176,352.0,190,5914.0,1.15,1.12,0.237,4.37,291.653163,44.6882613,6.489543779684803,13.543,12.11,13.4192,0,0,0,0,0,0,0,0,0,0,0,0
1.0,1.0,8,2.4275520402323427,0.0925791812930932,2.492957487977711,0.153,1370.0,40,5735.0,1.66,1.14,0.26,4.06,110.5126861,-57.384998,5.19498811979929,9.972,8.443,9.84659,0,0,0,0,0,0,0,0,0,0,0,0
1.0,1.0,3,5.2590133683401294,0.5822156198526637,2.4503304013914105,0.154,1011.7119999999999,190,5544.0,1.3299999999999998,0.09,-0.09840000000000002,4.5120000000000005,268.3839167,-31.5550222,8.855235623206967,16.4732,15.01963999999999,10.822476,1,1,0,1,1,1,0,1,1,0,0,0
1.0,1.0,7,7.472154755384744,1.50318811259139,1.5613260402004643,0.597,890.0,190,5332.6,0.8960000000000001,1.82,0.0736,4.506,214.5387463,38.9669132,5.041145100300827,8.21,5.875,7.94061,1,0,0,0,1,1,0,1,1,0,0,0
1.0,1.0,8,1.4689862872824422,0.054298773407378806,3.058143533675388,0.0,2470.0,1,7826.0000000000055,1.67,2.07,0.21,4.31,227.270329,-42.7049658,6.060706054349169,9.946,9.703,9.91226,0,0,0,0,0,0,0,0,0,0,0,0
1.0,1.0,8,0.9253531835307054,0.017918500502344954,2.272125885509337,0.008,694.0,167,3260.0,0.36,0.34,0.27,4.86,183.563961,-13.1748411,4.396204403445083,16.47,11.175,15.1091,0,0,0,0,0,0,0,0,0,0,0,0
1.0,1.0,7,4.653484046266642,0.37156355643248307,2.714398619881378,0.31,2312.592,190,6014.0,1.05,1.2,0.11,4.47,242.9019658,-27.0781199,3.9979878349779945,9.236,6.706,7.96999,1,0,0,0,0,0,0,0,0,0,0,0
1.0,4.0,8,3.5601650127578006,0.43159733696912195,0.7561219797213337,0.0088842,475.0,190,5233.0,0.83,0.9,0.15120000000000003,4.561999999999999,286.4714473,49.6490933,6.219742892772591,14.222,12.291,14.0909,0,0,1,1,0,0,0,1,1,0,0,0
2.0,1.0,8,1.7440070913720758,0.06071873503470581,2.8122900890913334,0.073,1679.0,190,6274.0,1.93,1.46,0.119,4.03,325.0145363,48.4067674,5.305749678365332,9.438,8.272,9.35039,0,0,0,0,0,0,0,0,0,0,0,0
1.0,1.0,8,1.6197915282935713,0.04085399400826605,1.7404661748405046,0.04,700.0,142,3950.0,0.58,0.59,0.41,4.64,64.1902212,-12.0848643,3.9818475309949544,12.492,8.626,11.7282,0,0,0,0,0,0,0,0,0,0,0,0
1.0,1.0,3,6.52172637929524,1.8976198599275322,2.4503304013914105,0.22399999999999998,1011.7119999999999,190,5536.4,1.284,0.7,0.06760000000000001,4.448,264.878,-27.6381389,8.811503250158239,16.8172,14.586911999999993,10.863846,1,1,0,1,1,1,0,1,1,0,0,0
1.0,1.0,7,7.822845290279774,1.5151272329628591,2.7093827705587357,0.1,1059.8,190,5801.0,0.95,1.08,-0.03,4.51,16.9536005,-8.2336165,3.9578449592927862,8.45,6.876,8.28147,1,0,0,0,0,0,0,0,0,0,0,0
1.0,1.0,8,2.793885331028862,0.12044615307586716,1.8457740575342934,0.0,917.0,190,5626.0,1.75,1.18,0.409,4.03,234.4317651,48.955206,5.293339999985233,10.263,8.598,10.0769,0,0,0,0,0,0,0,0,0,0,0,0
1.0,1.0,8,3.753859284110427,1.3856247304189004,1.2748039850865274,0.0,1170.0,190,5766.0,1.08,1.67,-0.15,4.5,53.6511231,20.5990205,5.195514687945216,10.849,9.368,10.8644,0,0,1,0,0,0,0,0,0,0,0,0
1.0,1.0,8,1.6776590195208387,0.8228584264967875,2.68614536571416,0.0,1703.0,190,5950.0,1.37,0.72,0.0,4.06,140.1029654,33.8823291,5.431698122827474,10.424,9.119,10.38,0,0,1,0,0,0,0,0,0,0,0,0
1.0,4.0,7,8.280964400553373,1.1987570141868942,2.3924369496739217,0.2678,1319.5040000000001,55,5773.0,1.33,1.13,0.28,4.2,266.0361585,-51.8348751,2.809288230980375,5.12,3.683,4.94916,1,0,1,1,0,0,0,0,0,0,0,0
1.0,1.0,8,0.9211349795370315,0.02664193094642118,2.5817308344235403,0.0,1952.0,38,6035.0,1.21,1.13,0.05,4.35,103.4242023,-5.5360385,7.464853615078806,15.932,13.806,15.8116,0,0,0,0,0,0,0,0,0,0,0,0
1.0,2.0,7,7.077582438194403,1.199964782928397,2.6398996892249054,0.024,1846.104,190,5534.0,2.13,1.19,0.10400000000000001,3.92,264.7466665,-43.1462347,4.040421497227476,7.24,5.535,7.04579,1,0,0,0,0,0,0,1,0,0,0,0
1.0,1.0,7,1.6912759306497327,0.058268908123975775,2.343813662254788,0.0,1317.2,190,6174.0,1.15,1.24,0.19,4.41,130.4324005,20.2268164,5.20202670622975,10.445,9.142,10.3508,1,0,0,0,0,0,0,0,0,0,0,0
1.0,1.0,8,0.6323663902998539,0.016630936130544678,2.763989353426318,0.0,1284.0,190,4730.0,0.75,0.77,0.11,4.7,75.795382,-30.3994612,5.734188814076751,14.237,11.65,13.8175,0,0,0,0,0,0,0,0,0,0,0,0
1.0,1.0,7,3.31302169075843,0.1906203596086497,2.042473497355751,0.036,1350.0,190,5130.0,6.26,1.87,-0.08,3.11,12.8875757,58.4261485,6.1706896481605185,9.856,7.1,9.42321,1,0,0,0,0,0,0,0,0,0,0,0
1.0,1.0,8,1.5457571353289168,0.04564235787870107,2.7611485320972253,0.04106,1007.8,190,5720.0,1.06,1.0,0.05080000000000001,4.376,110.7353308,67.2526565,5.3481974127706735,11.277,9.742,11.1968,0,0,0,1,0,0,0,1,1,0,0,0
1.0,5.0,8,3.78182547786598,0.7979607463507729,1.1118575154181303,0.20451660000000005,848.4,190,5194.0,0.89,0.88,0.17,4.49,299.1393094,40.948939,5.729248771615457,13.174,11.221,13.0772,0,0,1,1,0,0,0,0,0,0,0,0
1.0,1.0,8,0.9727924190052063,0.028198654358678774,2.9066277984711704,0.0,1955.0,31,6124.0,1.25,1.16,0.016,4.3,284.4439052,69.5708373,6.328058204928771,12.868,11.382,12.6978,0,0,0,0,0,0,0,0,0,0,0,0
1.0,1.0,8,1.3972466403501482,0.0397686399370575,2.679993603319685,0.181,1244.0,190,5523.0,0.89,0.96,0.05,4.52,316.9614798,-26.0967205,6.047029330682385,13.911,11.983,13.6799,0,0,0,0,0,0,0,0,0,0,0,0
1.0,1.0,7,2.685872756157507,0.0891091750717759,2.01767127366137,0.3,470.0,142,3933.0,0.57,0.58,-0.03,4.7,183.0886375,54.486153,2.787194043378798,9.71,6.059,9.037911,1,0,0,0,0,0,0,0,0,0,0,0
1.0,1.0,8,1.6934045238258444,0.05382508669490746,3.028247865230671,0.0162842,1480.0,190,5947.0,1.48,1.17,0.07,4.17,286.2434458,50.0403671,6.78262960199294,13.468,12.066,13.3596,0,0,0,1,0,0,0,0,0,0,0,0
1.0,1.0,3,5.096486509487754,0.6151856390902335,2.4503304013914105,0.22399999999999998,1011.7119999999999,190,5536.4,1.284,0.09,-0.09840000000000002,4.5120000000000005,268.799,-28.86275,8.863757191604241,16.676,15.01963999999999,10.863846,1,1,0,1,1,1,0,1,1,0,0,0
1.0,1.0,3,3.7640933409933433,0.6043159668533296,2.4503304013914105,0.22400000000000003,1011.7119999999999,190,5544.0,1.284,0.09,-0.09840000000000002,4.5120000000000005,268.112,-29.3845615,8.855235623206967,16.4732,15.01963999999999,10.822476,1,1,0,1,1,1,0,1,1,0,0,0
2.0,1.0,8,0.7974486356110102,0.023618865598633996,2.93683116563383,0.29364,2580.960000000001,190,7430.0,1.44,1.5,-0.06996,4.410000000000001,36.7127375,37.5504441,4.811728967146092,8.14,7.468,8.07004,0,0,0,1,0,0,0,1,1,0,0,0
1.0,1.0,8,1.5619479026974776,0.04506896336757812,2.5201129055226197,0.0,1626.0,51,5740.0,1.59,1.04,0.0,4.4,278.699236,-6.612288,7.070826056183954,16.29,12.472,15.4368,0,0,0,0,0,0,0,0,0,0,0,0
1.0,1.0,7,5.007965132385294,0.4762341789963716,2.304862023353439,0.38,969.9119999999999,190,4639.0,9.83,0.81,-0.17,2.36,343.2665641,44.4777303,5.932863033676993,9.229,6.496,8.88324,1,0,0,0,0,0,0,0,0,0,0,0
1.0,3.0,7,6.890405640647024,1.0784095813505903,2.0380892247657423,0.185,1171.2,64,5544.0,1.07,1.01,0.24,4.3740000000000006,47.809275,21.0971302,3.941193382727926,8.520001,6.828,8.33307,1,0,0,0,0,0,0,0,1,0,0,0
1.0,1.0,8,0.6191963422139062,0.015578029963318415,0.708035793053696,0.1012,707.0,176,3075.0,0.24,0.23,0.3,5.01,310.4487344,49.6468992,3.1822450349664138,15.97,9.541,13.7122,0,0,0,1,0,0,0,0,0,0,0,0
1.0,1.0,7,8.494129251817686,1.8718021769015913,2.130715162621009,0.57,1489.2,35,5988.0,1.53,0.91,-0.48,4.02,302.8779827,-64.6202728,5.00520055260621,8.76,7.319,8.61126,1,0,0,0,0,0,0,0,0,0,0,0
1.0,1.0,8,1.659522476601521,1.2460996151592567,2.511223958105374,0.0,979.9119999999999,21,6740.0,1.56,1.37,-0.29996,4.22,292.0552827,0.1218359,6.646093068017405,13.448,11.618,13.2188,0,0,1,0,0,0,0,1,0,0,0,0
1.0,1.0,8,1.2019660321048105,0.029170377299779858,1.9198594718553708,0.0,867.0,190,3927.0,0.61,0.64,0.338,4.67,85.0800537,11.5626373,4.9130004142694865,14.413,10.587,13.6645,0,0,0,0,0,0,0,0,0,0,0,0
1.0,1.0,3,7.69686061367459,1.0647107369924282,2.701887223850495,0.32816,1236.312,190,5568.4,1.1219999999999999,0.5,-0.004400000000000001,4.452,274.0142917,-25.7746667,6.8885724595653635,15.540000000000001,13.449511999999993,8.126845999999999,1,1,0,1,1,1,0,1,1,0,0,0
1.0,6.0,8,1.4041883052937,0.036524774682372266,0.9282193027394289,0.07706,985.8,124,4540.0,0.68,0.73,0.04,4.64,296.1125759,39.9787451,5.914721182278647,15.23,12.253,14.7555,0,0,0,1,0,0,0,0,0,0,0,0
1.0,2.0,7,6.904750769961838,1.1483543805629237,1.8842839363204298,0.08,1178.2,190,4826.0,4.87,1.34,0.21,3.19,99.171276,-19.2561808,3.035438445776025,3.95,1.564,3.80122,1,0,0,0,0,0,0,0,0,0,0,0
1.0,4.0,8,3.9719923537762787,0.2523139286139896,2.0992441689760155,0.025,1044.2,190,6174.0,1.3,1.17,-0.073,4.27,300.5171067,44.3815508,6.92924276062356,14.036,12.606,13.8825,0,0,0,0,0,0,0,0,0,0,0,0
1.0,1.0,0,5.5108447653990575,0.3074846997479606,2.6107669422868747,0.345,1357.4,134,5875.8,1.366,0.09,0.1072,4.268000000000001,125.7620668,-49.2003008,5.5380875074237625,11.516000000000002,12.062,15.989448,1,0,0,0,1,1,0,1,1,1,0,0
1.0,3.0,7,2.314977982924007,0.05921185963184608,2.3155188886972,0.3397202,401.0,158,3505.0,0.34,0.34,-0.12,4.94,144.0074644,-21.6650634,2.345817939074875,10.91,6.475,9.88036,1,0,0,1,0,0,0,0,0,0,0,0
1.0,1.0,3,6.462185429987281,1.3762440252663892,2.450330401391411,0.31815999999999994,1011.7119999999999,190,5290.8,1.2840000000000003,0.63,0.0416,4.378,266.3240417,-25.0794889,8.682877107057168,17.02,15.01963999999999,9.770026,1,1,0,1,1,1,0,1,1,0,0,0
1.0,3.0,9,2.620017211535023,1.78283267664936,2.127155661277822,0.00305,787.6,190,3678.0,0.74,0.51,0.23,4.4,311.2911369,-31.34245,2.3723070319800215,8.81,4.529,7.84038,1,0,1,0,0,0,0,0,0,0,0,0
1.0,2.0,8,1.2772158310936514,0.11952212521867503,0.9082585601768908,0.0796,891.8,190,5779.0,0.98,0.94,-0.2,4.43,287.3265292,48.6733443,5.996220718571454,12.994,11.345,12.813,0,0,1,1,0,0,0,0,0,0,0,0
1.0,2.0,7,6.827128567478223,1.007957920399979,2.5335391092456807,0.159,1221.7920000000001,190,4855.038,0.76,0.83,0.0326,4.61,219.0032292,9.7454368,2.8523929399383827,7.48,5.142,7.16719,1,0,0,0,1,0,0,1,0,0,0,0
1.0,2.0,7,4.843714533878324,0.3611648492115844,2.254726298730207,0.31,1233.2,130,4324.0,12.461899999999998,0.7,-0.14,4.74,88.2511811,-5.9963378,3.0572741216485864,9.7,6.305,9.10677,1,0,0,0,0,1,0,0,0,0,0,0
1.0,1.0,8,1.7067758531228072,0.061095099359810875,2.937997222902753,0.0,1468.0,26,6478.0,1.7,1.64,-0.06,4.2,215.1227617,-31.2020698,5.878830420539205,10.789,9.799,10.8605,0,0,0,0,0,0,0,0,0,0,0,0
1.0,1.0,8,3.3417852536446015,0.12777736994182637,1.007957920399979,0.3,284.0,190,3491.0,0.46,0.45,-0.05,4.476,332.5632644,58.7060934,3.7706667928793838,13.403,9.034,12.4314,0,0,0,0,0,0,0,0,1,0,0,0
1.0,1.0,8,2.8414809553295255,0.11662681193171963,1.2035727243045962,0.23,804.0,190,5868.0,1.0,0.97,-0.12,4.348000000000001,186.4860415,-1.4047214,4.811948555216022,10.23,8.725,10.0494,0,0,0,0,0,0,0,0,1,0,0,0
1.0,3.0,7,8.899273208621533,2.1349945008000852,2.5195209695669014,0.253,1125.8,190,5471.8,1.096,1.03,0.0696,4.272,322.0510568,-21.7274194,3.887617601589392,7.99,6.459,7.83246,1,0,0,0,1,1,0,1,1,0,0,0
2.0,2.0,7,2.896519488482399,0.12257155238818063,1.6065279672521526,0.237,710.112,190,5549.0,1.17,0.98,0.19,4.29,300.9092476,29.894541,2.833619144061197,5.738,4.076,5.55436,1,0,0,0,0,0,0,0,0,0,0,0
1.0,2.0,7,7.443663683115591,1.3388095945481469,2.085277455014352,0.031,1139.0,190,5748.0,1.11,1.02,0.36,4.338,31.1423525,25.4135632,3.6596514471535992,7.43,5.861,7.24746,1,0,0,0,0,0,0,0,1,0,0,0
2.0,1.0,7,1.392170313846942,0.039028386967478346,1.384659166841036,0.063,843.8,190,5285.0,0.924,0.92,0.24,4.53,98.3030763,5.4625071,3.419459607462629,7.91,6.0,7.69533,1,0,0,0,0,1,0,0,0,0,0,0
2.0,1.0,8,0.9868591615172414,0.029034392918347807,2.804813869534518,0.0,1531.0,190,6450.0,1.63,1.2,0.124,4.29,185.3246821,-52.8408163,5.701753751521659,10.727,9.552,10.7091,0,0,0,0,0,0,0,1,1,0,0,0
1.0,3.0,7,3.282060179536089,0.11813852801704157,1.9787925360653245,0.099,1091.4,190,5055.6,1.002,0.6940000000000002,0.0005999999999999922,4.49,62.3228353,-53.3711768,2.7805878933925334,11.79,7.135,10.6771,1,0,0,0,1,1,1,1,1,0,0,0
1.0,2.0,7,3.6671960592827775,0.1510028735365274,1.7196119602216804,0.17,888.8,190,5634.6,3.3379999999999996,0.4,0.056600000000000004,3.8300000000000005,264.1041731,68.3336741,1.7136880118078965,9.15,4.548,8.02754,1,0,0,0,1,1,0,1,1,0,0,0
1.0,4.0,8,2.7576584432529945,0.16586183575526955,1.0818051703517284,0.0,501.0,111,4975.0,0.79,0.83,0.0,4.4,349.3843458,1.3001522,5.049605975994328,12.075,9.971,11.804,0,0,0,0,0,0,0,0,0,0,0,0
2.0,1.0,5,5.652112511943344,3.1780538303479458,2.367090804310741,0.12,2134.0,190,3846.0,0.9440000000000002,1.35,0.06200000000000001,4.292,245.9092617,-26.5315944,4.795062076814976,13.511600000000001,9.9588,13.7458696,1,1,0,1,1,1,0,1,1,1,0,0
2.0,1.0,7,1.9297952850223674,0.06765864847381481,2.4300297188231483,0.09,1368.0,26,6489.0,1.1300000000000001,1.33,0.28,4.26,179.2310729,-12.1079951,4.050199343570969,7.13463,6.0,7.00938,1,0,0,0,0,1,0,0,0,0,0,0
1.0,1.0,8,2.019558832078459,0.061095099359810875,1.4609379041156565,0.20438199999999998,558.0,136,3861.0,0.58,0.57,-0.27196,4.67,350.1417675,-10.0365901,4.554323107820748,13.909,10.06,13.1533,0,0,0,1,0,0,0,1,0,0,0,0
1.0,4.0,8,2.096550347817203,0.07918079787444124,1.5107219394949427,0.0,741.0,111,4975.0,0.79,0.83,0.0,4.4,349.3843458,1.3001522,5.049605975994328,12.075,9.971,11.804,0,0,0,0,0,0,0,0,0,0,0,0
1.0,1.0,8,1.1552050129062321,0.03420817132973701,2.855089943751525,0.0,1871.0,30,6280.0,1.34,1.19,0.0,4.26,246.6920395,51.0411328,6.357649873651694,12.951,11.519,12.8183,0,0,0,0,0,0,0,0,0,0,0,0
1.0,6.0,7,7.698936199813447,1.4772770088317613,2.598512268505833,0.095,1484.2,190,5911.0,1.11,1.06,0.08,4.39,24.4731133,-60.5114881,3.6878964711444406,7.33,5.868,7.17261,1,0,0,0,0,0,0,0,0,0,0,0
1.0,2.0,8,0.9636169678805926,0.02695346956025755,0.8372475245337022,0.0,2130.0,40,5799.0,1.59,1.04,-0.03,4.05,231.7420543,-16.5090014,5.051885996708063,9.899,8.244,9.77168,0,0,0,0,0,0,0,0,0,0,0,0
1.0,2.0,8,1.3029272901186415,0.036910354020097076,1.1927096120472251,0.0,1285.0,190,5497.0,1.06,0.99,0.274,4.38,45.9564744,76.78236720799998,4.720960125636431,10.218,8.462,10.0089,0,0,0,0,0,0,0,0,0,0,0,0
1.0,1.0,8,1.528503437254091,0.05012260940321062,2.8628292548897636,0.057,1880.0,24,6450.0,1.87,1.39,-0.05,4.04,62.6160813,-45.8982434,5.945876002281333,10.96,9.877,10.8989,0,0,0,0,0,0,0,0,0,0,0,0
1.0,1.0,3,6.609433931338262,0.8712933659434192,2.701887223850495,0.22400000000000003,1208.9119999999998,190,5536.4,1.284,0.29,0.0416,4.378,271.473755,-27.7142868,8.77971129020447,17.02,15.01963999999999,10.822476,1,1,0,1,1,1,0,1,1,0,0,0
1.0,6.0,8,2.290545466682344,0.07733134293632346,1.4838746894587547,0.031,880.0,89,5348.0,0.94,0.81,-0.15,4.3,302.0256247,66.8503014,4.00019687313021,8.97,7.18,8.77476,0,0,0,0,0,0,0,0,0,0,0,0
1.0,1.0,8,1.6843319484158272,0.04825668856328831,2.65514156766903,0.173,1003.0,190,5099.0,0.81,0.84,0.05,4.54,80.5382418,-30.9708179,5.895154617720543,13.562,11.556,13.4014,0,0,0,0,0,0,0,0,0,0,0,0
1.0,3.0,7,1.422867341350731,0.02776107078539036,2.4263584769267466,0.0,2350.592,190,3396.0,0.33,0.31,0.09080000000000002,4.89,229.8564725,-7.7226935,1.9876140403045939,10.57,5.837,9.411,1,0,0,0,0,0,0,1,0,0,0,0
1.0,1.0,8,2.0625745910650637,0.07417939817425151,1.3491115699921747,0.0,1199.0,190,6174.0,1.49,1.28,0.164,4.19,88.3784618,-16.2653974,4.016934220165429,7.28,6.01,7.1442,0,0,0,0,0,0,0,0,0,0,0,0
1.0,1.0,3,5.2590133683401294,0.8586616190375187,2.6780387662724796,0.154,1069.912,190,5544.0,1.33,0.09,-0.09840000000000002,4.5120000000000005,268.962375,-31.817,8.892855620084674,16.676,15.01963999999999,10.822476,1,1,0,1,1,1,0,1,1,0,0,0
1.0,1.0,7,6.649450762574338,0.6312717768418579,2.1819948989030236,0.46,1151.6,177,3154.0,0.16,0.15,-0.13,5.01,30.0588307,13.0443172,1.703444862165027,12.71,6.648,10.6711,1,0,0,0,0,0,0,0,0,0,0,0
1.0,2.0,7,6.2668209698691255,0.7793248768009976,2.0566480370644245,0.32,185.0,190,5166.0,1.0559999999999998,0.8,-0.04,4.51,303.8284712,-27.0337556,2.2820629469062923,5.73,3.501,5.47661,1,0,0,0,0,1,0,0,0,0,0,0
1.0,1.0,7,1.6319369012780227,0.04879016416943201,2.365016677434995,0.0,891.2,190,5301.0,0.82,0.76,0.04,4.49,176.4254063,2.8209912,3.4124208291510523,8.07,6.151,7.84665,1,0,0,0,0,0,0,0,0,0,0,0
1.0,1.0,7,5.635860458170742,0.6151856390902335,1.9175334449501193,0.044,770.4,87,4786.0,10.95,1.06,-0.21,2.38,264.2873565,72.455859,4.683870454531757,5.88375,3.657,5.59958,1,0,0,0,0,0,0,0,0,0,0,0
1.0,2.0,7,6.591072728396895,0.7724203614544531,1.7773275976645664,0.4,523.0,190,5609.8,2.996,0.4,0.07780000000000001,3.9940000000000007,264.1041731,68.3336741,1.7136880118078965,9.15,4.548,8.02754,1,0,0,0,1,1,0,1,1,0,0,0
2.0,1.0,8,5.17082484603276,0.49041881398832804,1.5830939370944985,0.057,243.0,90,5100.0,0.76,0.84,-0.12,4.66,285.1670927,41.9669383,6.020069010618002,14.357,12.162,14.1933,0,0,0,0,0,0,0,0,0,0,0,0
1.0,1.0,8,0.817677535110299,0.015774919115362215,2.5293221798183856,0.33,687.0,136,3322.0,0.35,0.34,0.27,4.87,124.6067582,-19.6627918,4.758380423738293,17.02,11.951,15.7067,0,0,0,0,0,0,0,0,0,0,0,0
1.0,1.0,2,7.848153086199526,0.6780335427498971,2.0014014767389847,0.08499999999999999,325.0,190,2953.0,0.7420000000000001,0.09,-0.0656,4.9959999999999996,54.0210417,-1.7306944,3.774271210590888,10.802668,8.169999999999998,10.2694856,1,0,0,1,0,1,0,1,1,1,0,0
1.0,1.0,8,1.252702966695296,0.035656677208034684,2.814989469873251,0.058,1600.0,64,5650.0,1.2,1.02,0.14,4.26,55.9336392,-65.19378,5.715210261388502,12.314,10.545,12.1014,0,0,0,0,0,0,0,0,0,0,0,0
1.0,1.0,7,4.803020544399673,0.36394842790523074,2.683393396928992,0.19,1096.4,117,4792.0,4.3100000000000005,0.77,-0.096,3.7520000000000002,179.5479558,-23.9241221,3.314175095522112,8.7,6.314,8.38479,1,0,0,0,0,1,0,1,1,0,0,0
1.0,1.0,3,5.096486509487754,1.0473189942805592,2.450330401391411,0.22400000000000003,1011.7119999999999,190,5536.4,1.284,0.2,-0.09840000000000002,4.5120000000000005,269.3092083,-29.1019694,7.9966538754626075,16.676,15.01963999999999,10.822476,1,1,0,1,1,1,0,1,1,0,0,0
1.0,2.0,7,2.880270915716735,0.11223880588985326,1.974759817819247,0.111,1191.224,112,4931.0,0.78,0.79,0.03,4.44,285.7739138,-11.044941,3.3598300996107846,8.42,6.22,8.14249,1,0,0,0,0,0,0,0,0,0,0,0
1.0,2.0,8,1.5623687365144874,0.04401688541677432,1.8471941761161554,0.0,943.0,190,5058.0,0.8,0.85,0.131,4.56,97.7487104,66.3605956,4.833738993947366,11.446,9.425,11.3103,0,0,0,0,0,0,0,0,0,0,0,0
1.0,1.0,8,1.9890386563857512,0.06404464920290144,1.9810014688665833,0.47400000000000003,1040.0,51,5749.0,0.93,0.97,0.15,4.43,238.108194,-48.1451,5.341812584819685,11.867,10.004,11.6382,0,0,0,1,0,0,0,0,0,0,0,0
2.0,1.0,8,5.305551139609915,0.6433317409752553,2.505525936990736,0.0271,1470.0,37,6050.0,1.38,1.24,0.34,4.25,128.6616644,31.5539793,5.529254469091911,10.141,8.762,10.0477,0,0,0,0,0,0,0,0,0,0,0,0
2.0,1.0,3,5.096486509487754,1.1537315878891892,2.450330401391411,0.22400000000000003,1011.7119999999999,190,5536.4,1.284,0.35,-0.09840000000000002,4.5120000000000005,269.65925,-29.1366667,8.294299608857235,16.676,15.01963999999999,10.822476,1,1,0,1,1,1,0,1,1,0,0,0
1.0,1.0,7,7.3632795869630385,1.3190856114264407,2.4334643332466355,0.14,1125.8,190,4798.0,4.2,1.11,-0.246,3.22,164.3126363,24.1429374,4.596743783366221,7.6,5.2,7.30241,1,0,0,0,0,0,0,1,0,0,0,0
1.0,1.0,2,9.85332303799997,5.303304908059076,3.084155153903888,0.39479999999999993,1800.0,188,2953.0,0.24,0.09,-0.154,3.85,246.934277,-23.98115,5.992096156970838,12.450999999999999,14.593,9.713491600000001,0,0,0,1,0,0,0,1,0,1,0,0
1.0,6.0,8,3.077749952763632,0.12000279239469637,1.3532545070416904,0.3765002,470.0,90,4316.0,0.65,0.65,-0.23,4.45,7.3020115,-30.4541159,4.154168863867766,11.955,8.656,11.1523,0,0,0,1,0,0,0,0,0,0,0,0
1.0,1.0,3,6.52172637929524,1.2149127443642704,2.4503304013914105,0.22399999999999998,1011.7119999999999,190,5544.0,1.284,0.42,0.06760000000000001,4.448,264.4885417,-28.1483889,8.694669696546992,16.8172,14.586911999999993,10.484964,1,1,0,1,1,1,0,1,1,0,0,0
2.0,2.0,1,8.058643712215618,1.5352752108747494,2.8438402682059474,0.15,2243.184,190,7826.0000000000055,0.1505,0.46,0.174,5.201500000000001,204.7005847,-2.0303873,6.300829830390905,13.496,14.635,13.3943,1,0,1,0,0,0,0,1,0,0,0,0
1.0,2.0,7,8.006700845440367,0.3936693892232517,1.2692381793257468,0.0822242,682.6,190,5476.0,1.01,1.0,0.33,4.43,286.0363025,49.6145027,5.827085064324465,12.603,10.911,12.5074,1,0,1,1,0,0,0,0,0,0,0,0
1.0,1.0,8,1.4112986324567025,0.0424846116061553,2.708783265678039,0.25939999999999996,1631.5040000000001,190,5950.0,1.17,1.14,0.08800000000000001,3.784,267.8677483,-29.8764758,7.204870221694771,16.006,12.856,15.6845,0,0,0,1,0,0,0,1,1,0,0,0
1.0,1.0,7,6.255941961915169,0.8149222374858661,2.416612674776335,0.338,259.0,63,5694.0,1.09,0.98,0.05,4.44,188.3958418,7.2809064,4.032745716003143,8.78,7.162,8.61599,1,0,0,0,0,0,0,0,0,0,0,0
1.0,1.0,7,7.871978664611595,1.565903910410372,2.3944488695571304,0.157,1219.0,190,5732.0,1.07,1.05,0.19,4.37,202.3368806,-35.5713041,3.507198691967231,7.26,5.65,7.07737,1,0,0,0,0,0,0,0,0,0,0,0
2.0,1.0,8,1.6521313578971226,0.05636142966575008,2.5858072347237333,0.168,1721.0,190,7175.0,1.43,1.46,0.07999999999999999,4.29,186.7873036,-48.9784105,6.002876680294445,11.572,10.289,11.7679,0,0,0,0,0,0,0,1,0,0,0,0
1.0,1.0,8,1.2575312962153613,0.03556017539855087,2.5203542279708007,0.013,1315.0,40,5403.0,0.93,1.0,0.41392000000000007,4.51,94.1120914,-22.5468824,6.034186335875807,13.516,11.612,13.2862,0,0,0,0,0,0,0,0,0,0,0,0
1.0,1.0,8,1.7105494138025117,0.05249756895775399,2.073926360991726,0.1543,895.0,90,4994.0,0.74,0.82,0.272,4.61,352.1725409,-34.4914099,4.57711838764554,11.191,9.047,11.0857,0,0,0,0,0,0,0,0,0,0,0,0
1.0,3.0,8,3.412280404111257,0.16551443847757338,1.589235205116581,0.042,693.4,190,5498.0,0.95,0.99,0.18,4.77,285.2836483,38.9472625,6.819165566166478,15.726,13.581,15.3761,0,0,0,0,0,0,0,0,0,0,0,0
1.0,2.0,7,7.951911381854188,1.5539252025038417,2.20665730901315,0.8206009999999999,1275.0,190,4953.0,0.8,0.84,0.22,4.55,31.9091639,-20.661843,5.309939566375824,12.591,10.39,12.3473,1,0,0,0,0,0,0,0,0,0,0,0
1.0,1.0,7,6.0764947962925575,0.7561219797213337,2.2012142540936637,0.2,1846.104,81,5426.0,0.95,1.02,0.09,4.49,271.4893395,-29.9172536,4.1644519235455855,9.36,7.584,9.21413,1,0,0,0,0,0,0,0,0,0,0,0
2.0,1.0,7,8.202482446576537,1.6074359097634274,2.1369057025625118,0.65,1324.8,129,5779.200000000002,1.042,0.65,0.10400000000000001,4.406000000000001,217.3270762,-46.464684,3.2211612113818795,10.421,6.79,9.69796,1,0,0,0,1,1,0,1,1,0,0,0
1.0,1.0,7,5.975335165178098,0.6931471805599453,2.661617137271638,0.2,1251.8,93,4414.0,11.0,0.74,-0.2,2.24,40.7102869,49.5869395,6.7713546311217625,9.139,5.904,8.65569,1,0,0,0,0,0,0,0,0,0,0,0
1.0,2.0,7,8.359603270841466,1.843719208158766,2.1555210508979856,0.517,1432.2,190,5575.0,1.2,0.98,0.28,4.27,344.5647243,-2.3954489,3.047465721059944,6.155,4.536,5.96401,1,0,0,0,0,0,0,0,0,0,0,0
1.0,1.0,8,2.5297987501785135,0.0964004942863152,2.3957110709835296,0.0,833.0,69,5625.0,0.96,1.04,0.26,4.49,203.1060194,-42.4752733,5.1547702695049695,11.104,9.461,10.9717,0,0,0,0,0,0,0,0,0,0,0,0
1.0,1.0,2,9.83097062169695,2.884800712846709,2.344015441027814,0.25,1186.104,4,7826.0000000000055,1.3840000000000001,1.85,-0.32399999999999995,4.796900000000001,303.6338344,36.8066046,3.7154361818201487,4.94292,4.422,4.9147,1,0,0,0,0,1,0,1,1,0,0,0
1.0,3.0,7,2.1247136198737024,0.06015392281974709,2.247975348382359,0.04,889.4,190,5390.0,0.8720000000000001,0.48,-0.156,4.402,173.8619194,-32.5436302,2.3090203422891946,9.81,5.623,8.89138,1,0,0,0,1,1,0,1,1,0,0,0
1.0,1.0,8,1.7238151371172223,0.053303772022311,2.70951579326382,0.158,1212.0,40,5670.0,1.07,1.03,0.16,4.39,285.0965172,-54.8933408,5.871810700074771,12.62,10.877,12.4594,0,0,0,0,0,0,0,0,0,0,0,0
1.0,1.0,5,0.5771982588079475,0.8627348750324387,1.6219759857788136,0.2722,1012.4,190,5274.4000000000015,2.38,1.4,-0.054000000000000006,4.116,255.3074504,-30.1069833,6.269796745447316,11.018278720000001,6.0676,8.096632000000001,1,0,1,1,1,1,0,1,1,1,0,0
1.0,1.0,8,1.5154361522753415,0.046406372814155744,2.627924156622925,0.0,1471.0,190,5910.0,1.26,1.14,0.233,4.29,108.0442066,-10.63934,6.135554068512352,12.59,11.062,12.4636,0,0,0,0,0,0,0,0,0,0,0,0
1.0,1.0,8,1.6686497720659463,1.1325343765402425,2.3854545708163406,0.0,1737.0,190,5900.0,1.17,1.19,-0.04,4.2,354.337670099,31.1559115,6.068545951370549,11.67,10.585,12.0196,0,0,1,0,0,0,0,0,0,0,0,0
1.0,1.0,8,3.4667978387461043,0.6499217776225727,2.445472580542593,0.51,508.4,190,5190.0,2.5,1.34,0.17,3.77,256.8601374,68.8656263,5.952843254266445,11.27,9.329001,11.0809,0,0,1,0,0,0,0,0,0,0,0,0
1.0,2.0,8,1.03805888306574,0.026018562398553574,1.325747861251857,0.345,941.0,91,4435.0,0.67,0.73,0.175,4.55,115.1366858,2.0985879,4.359977836623875,11.646,8.879,11.2667,0,0,0,1,0,0,0,0,0,0,0,0
1.0,2.0,7,6.117656572345742,0.8471549930392929,1.8974870251228104,0.09,1521.2,190,5098.0,4.9,1.54,-0.03,3.5,155.8684866,-0.9023998,4.291405568770929,6.4535,4.285,6.20374,1,0,0,0,0,0,0,0,0,0,0,0
1.0,1.0,3,5.182391606723101,1.0577902941478545,2.701887223850495,0.154,1208.9119999999998,190,5536.4,1.33,0.41,-0.0064,4.46,269.9032083,-30.8653611,8.776630098427717,16.676,15.01963999999999,10.822476,1,1,0,1,1,1,0,1,1,0,0,0
1.0,1.0,3,6.659522994629947,1.6370530794670737,2.701887223850495,0.154,1208.9119999999998,190,5536.4,1.284,0.75,-0.0064,4.459999999999999,270.854,-29.2134167,8.892855620084674,17.02,15.01963999999999,10.822476,1,1,0,1,1,1,0,1,1,0,0,0
1.0,1.0,7,3.1008411075426427,1.0150919726790257,2.5900171341906173,0.68,1290.4,190,6040.0,1.55,1.41,0.19,4.2,42.4366123,71.7530882,4.370539661290086,8.17,6.763,8.03298,0,0,1,0,0,0,0,0,0,0,0,0
1.0,1.0,7,8.256866848974312,1.547562508716013,2.413977607351426,0.05,1071.4,160,5228.4,1.112,0.45,0.13040000000000002,4.2103,323.3912616,-49.0125169,1.785800080626578,8.66,4.501,7.73761,1,0,0,0,1,1,0,1,1,0,0,0
1.0,3.0,8,3.4760234292713093,0.17479329037316305,1.7749523509116738,0.020142,665.4,190,5400.0,0.59,0.65,0.41,5.201500000000001,292.2367608,41.085871,6.95211660268089,15.822,14.118,15.8164,0,0,0,1,0,0,0,0,0,0,0,0
1.0,1.0,8,1.3201279556973886,0.03584000499380376,2.561867690924129,0.279,1161.0,190,5080.0,0.85,0.86,0.32,4.51,84.3267559,-27.9725758,6.102636891324588,14.397,12.188,14.1595,0,0,0,0,0,0,0,0,0,0,0,0
1.0,2.0,8,3.633897787087778,0.15578662801749577,1.5040773967762742,0.0,837.8,190,5732.0,1.32,0.92,-0.11,4.1,286.0471442,45.0532038,7.269923109360465,15.171,13.421,14.9414,0,0,1,0,0,0,0,0,0,0,0,0
1.0,1.0,7,6.4853983032037545,0.9368773654825434,2.659752441404021,0.182,261.0,43,5966.0,1.27,1.16,0.18,4.12,66.7068364,42.90872,4.233132116992327,7.66,6.202,7.5139,1,0,0,0,0,0,0,0,0,0,0,0
2.0,1.0,2,2.3938329276425856,5.062595033026967,2.4017168818120487,0.074,1975.0,138,4969.0,1.106,1.0,0.06200000000000001,4.284,247.8125493,-24.545577,4.9739021510400345,14.661,8.671,13.1164,1,1,0,1,1,1,0,1,1,0,0,0
1.0,1.0,8,2.3492062398786375,0.08746127576999452,2.4695391726568787,0.3806,1198.0,190,5645.0,1.78,1.13,0.148,3.99,316.6318791,-26.6928654,5.84015025758653,11.299,9.722,11.1927,0,0,0,0,0,0,0,0,0,0,0,0
1.0,1.0,7,8.54469887191103,1.8020397786356115,1.9314004375034135,0.362,751.312,190,4207.0,18.025799999999997,0.65,-0.16399999999999998,2.912,170.5227246,46.907803,3.2767408778687677,9.8,6.613,9.26803,1,0,0,0,1,1,0,1,1,0,0,0
1.0,1.0,3,5.2590133683401294,1.2308094582794957,2.6780387662724796,0.154,1069.9119999999998,190,5544.0,1.33,0.25,-0.0064,4.46,269.3294067,-31.9517231,8.68541582383069,16.676,15.01963999999999,10.822476,1,1,0,1,1,1,0,1,1,0,0,0
1.0,3.0,7,5.661570625846892,0.6626879730752367,1.7218885722467796,0.0,612.712,94,4971.0,4.86,1.35,-0.17,3.18,292.8401421,26.6172796,4.1238920375386545,5.88639,3.98,5.64508,1,0,0,0,0,0,0,0,0,0,0,0
1.0,3.0,7,4.820362207514681,0.3893357261782807,2.3968957643005586,0.35,1170.6,68,5577.0,0.96,0.94,-0.01,4.34,199.596455,-18.3157745,2.251641211239001,4.6955,2.956,4.54052,1,0,0,0,0,0,0,0,0,0,0,0
1.0,1.0,7,6.5118938773034,0.9555114450274363,2.6235244886705273,0.14,626.112,190,3787.0,38.409499999999994,2.2,-0.25,1.6624999999999999,350.0599827,61.9701062,5.785485341963352,6.40607,2.006,5.62737,1,0,0,0,0,0,0,0,0,0,0,0
1.0,1.0,7,6.868400956903581,1.0427471558267143,1.9692935188156877,0.035,1016.8,190,5638.0,0.98,0.9,-0.1,4.38,216.8852514,-51.9329118,3.6545622988456654,7.85,6.215,7.66978,1,0,0,0,0,0,0,0,0,0,0,0
1.0,1.0,8,1.5556682913209492,0.0479326537553028,1.9544450515051506,0.089,1443.0,190,5905.0,1.26,1.12,0.167,4.3,95.4162204,11.2516477,5.621360550000379,11.196,9.933,11.2677,0,0,0,0,0,0,0,0,0,0,0,0
1.0,1.0,8,1.4061390463551522,0.047656188128229054,2.89558039160355,0.393,2087.0,0,7454.0,1.65,1.64,-0.018,4.22,125.617407,13.7353093,5.427150238391005,9.234,8.646,9.20887,0,0,0,1,0,0,0,0,0,0,0,0
1.0,1.0,7,8.1047702878909,1.6203778524724346,2.0883302522797202,0.707,907.2,190,5531.24,4.1899999999999995,0.81,0.049999999999999996,3.72,152.1794175,34.2419984,2.9596490333809093,7.56,5.314,7.27194,1,0,0,0,1,1,0,1,1,0,0,0
1.0,3.0,7,5.029914908828212,0.3983733542944081,2.774216412983461,0.055,349.0,117,4593.0,0.68,0.69,-0.21,4.61,102.489811,60.3373133,2.8850409074613603,8.58,5.612,8.11311,1,0,0,0,0,0,0,0,0,0,0,0
1.0,1.0,8,1.4305691319416525,0.040479535887990956,2.6661164777292643,0.202,1253.0,40,5498.0,0.92,0.93,0.01,4.48,284.3997616,-49.1385126,6.284848458138705,13.981,12.086,13.7929,0,0,0,0,0,0,0,0,0,0,0,0
1.0,2.0,7,5.863631175598097,0.7090205297162355,2.6398996892249054,0.184,1846.104,190,5534.0,2.13,1.19,0.10400000000000001,3.92,264.7466665,-43.1462347,4.040421497227476,7.24,5.535,7.04579,1,0,0,0,0,0,0,1,0,0,0,0
1.0,1.0,8,1.4921080490796366,0.04344255784283673,2.746886224887408,0.12,1359.0,190,5870.0,1.04,0.99,-0.21400000000000002,4.304,175.5252399,-23.3548451,5.652387420705357,12.155,10.58,11.9363,0,0,0,0,0,0,0,1,1,0,0,0
1.0,6.0,7,5.3737494616638894,0.5412190290857842,2.304856611425639,0.036,1071.0,43,5836.0,1.38,1.07,0.14,4.21,79.4207483,7.3527156,3.852075529296815,7.31,5.79,7.14947,1,0,0,0,0,0,0,0,0,0,0,0
1.0,2.0,8,1.61261884789034,0.04907583764659263,0.9764446546939022,0.11,1310.0,190,5705.0,1.14,1.05,0.235,4.068,240.0333095,-23.1894196,5.266258942854148,11.344,9.47,11.184,0,0,0,0,0,0,0,0,1,0,0,0
1.0,2.0,7,9.061944766560234,2.3045830956567186,2.668022129640668,0.0,1512.8,47,6099.0,1.42,1.31,0.38,4.42,103.008075,-33.915267,3.8561825462337107,7.21,5.836,7.0564,1,0,0,0,0,0,0,0,0,0,0,0
1.0,2.0,7,5.98010332716873,0.712949807856125,2.3749680813958074,0.13,1060.6,190,5600.0,1.05,1.1,0.26,4.44,187.6126029,22.8794399,4.102932579408634,8.76,7.06,8.57502,1,0,0,0,0,0,0,0,0,0,0,0
1.0,1.0,3,5.2590133683401294,1.5040773967762742,2.4503304013914105,0.22400000000000003,1011.7119999999999,190,5544.0,1.284,0.49,-0.09840000000000002,4.5120000000000005,268.250333,-30.04075,8.867990898182093,16.4732,15.01963999999999,10.822476,1,1,0,1,1,1,0,1,1,0,0,0
1.0,1.0,8,1.6285872283296376,0.05442189520814332,2.623073117171004,0.035,1772.0,190,6500.0,1.78,1.39,-0.104,4.08,294.3374248,35.2764934,6.4140948205371595,12.246,10.857,12.168,0,0,0,0,0,0,0,0,0,0,0,0
1.0,3.0,7,7.881182202227102,1.6094379124341003,1.3254465788505578,0.15,891.8,63,5770.0,1.65,1.18,0.29,4.369999999999999,285.3111845,47.8484775,6.01577903943941,11.809,10.252,11.6437,1,0,0,0,0,0,0,0,1,0,0,0
1.0,1.0,7,9.85332303799997,2.774898552526672,2.006145369229775,0.23,945.2,190,4330.8,0.8400000000000001,0.71,-0.17596,4.544,5.016937917,-39.2304879,3.5794077211941238,9.92,7.188,9.55771,1,0,0,0,1,1,0,1,1,0,0,0
1.0,3.0,8,3.043569602968151,0.128393214768399,1.3686394258811698,0.168,638.0,97,5320.0,0.85,0.86,-0.02,4.52,23.5934253,-66.6763495,4.719025518306495,11.023,8.995,10.718,0,0,0,0,0,0,0,0,0,0,0,0
1.0,4.0,9,3.6694417602214613,0.16576864345288628,1.5659694451565256,0.112,292.0,190,3841.0,0.54,0.54,-0.18,4.71,290.3814122,43.2930645,4.217482125662608,13.04,9.506,12.4715,1,0,0,0,0,0,0,0,0,0,0,0
1.0,1.0,8,1.6823316190943525,0.056285811010591824,2.779440197188883,0.045,1981.5840000000003,190,4974.0,3.52,1.36,0.205,3.39,164.9324709,-76.938055405,6.124289440220488,11.707,9.148,11.4565,0,0,0,0,0,0,0,0,0,0,0,0
1.0,2.0,8,3.025563854122125,0.1301506844650451,1.259596708073933,0.2,651.0,190,5618.0,0.96,0.94,0.007,4.44,26.2092533,-18.4013844,4.631753692637778,10.07,8.449,9.90726,0,0,0,0,0,0,0,0,0,0,0,0
1.0,1.0,8,2.261779098345792,0.09057169818438696,3.1061199638849386,0.114,1729.0,190,6161.0,3.21,1.54,-0.18,3.61,292.2873012,43.1972542,7.2582501656454665,13.704,12.291,13.604,0,0,0,0,0,0,0,0,0,0,0,0
1.0,1.0,7,1.170622824644382,0.030529205034822874,2.725893128519451,0.086,1035.2,126,5313.0,1.6460000000000001,0.79,0.08,4.242,264.294875,27.896391,3.4173922014509355,9.25,6.302,8.399938,1,0,0,0,1,1,0,1,1,0,0,0
1.0,1.0,8,2.3631795967098763,0.08351360022781763,2.5021733846867185,0.434,910.0,92,5300.0,1.11,0.95,0.28,4.33,168.2929079,-17.6577794,5.742493442526813,12.213,10.466,12.0652,0,0,0,0,0,0,0,0,0,0,0,0
1.0,1.0,7,1.4239031989768085,0.022680834223057764,1.7321317138898664,0.16,400.0,169,3195.0,0.18,0.16,-0.56,4.9,269.4486144,4.7379808,1.703444862165027,9.54,4.524,8.19511,1,0,0,0,0,0,0,0,0,0,0,0
1.0,1.0,7,6.180016653652572,0.8241754429663494,1.853534654877277,0.11,965.0,190,4218.0,38.409499999999994,2.6,-0.18,1.78,164.8961152,43.8144094,6.518526151122054,8.15,5.022,7.72111,1,0,0,0,0,0,0,0,0,0,0,0
1.0,4.0,7,4.514249358865289,0.30003051563264427,2.531974326833997,0.0,388.0,81,5401.0,1.018,0.7,-0.4,4.22,49.9997666,-43.0666533,1.9463072130721049,4.26,2.636,4.06635,1,0,0,0,0,1,0,0,0,0,0,0
1.0,1.0,3,3.7640933409933433,0.7466879474879752,2.4503304013914105,0.22400000000000003,1011.7119999999999,190,5544.0,1.284,0.23,-0.09840000000000002,4.512,268.4235,-29.8075667,8.892855620084674,16.4732,14.586911999999993,10.822476,1,1,0,1,1,1,0,1,1,0,0,0
1.0,2.0,8,2.45018985209647,0.09349034308733889,2.424802725718295,0.13,947.0,41,6000.0,1.05,1.15,0.09,4.44,161.8795569,36.3294345,4.881702833961205,10.059,8.713,9.98233,0,0,0,0,0,0,0,0,0,0,0,0
1.0,1.0,8,1.7283396110425902,0.05344597570562602,2.492957487977711,0.055,1211.0,190,5690.0,1.06,1.06,0.07,4.37,214.1208564,58.3902534,5.1824462520051044,10.98,9.417,10.8662,0,0,0,0,0,0,0,0,0,0,0,0
1.0,1.0,7,1.5036773167549344,0.047389183253803854,1.775755706405033,0.063,1005.8,27,6400.0,1.38,1.25,-0.007,4.24,293.5826648,51.2358069,3.270648204476098,5.72936,4.494,5.60037,1,0,0,0,0,0,0,0,0,0,0,0
1.0,2.0,8,1.6063170475975848,0.04783732941416013,1.1505720275988207,0.075,1311.0,47,5863.0,1.05,1.02,0.018,4.4,149.1235154,-24.0991859,3.8433800727054823,7.93,6.463,7.7713,0,0,0,0,0,0,0,0,0,0,0,0
1.0,1.0,7,1.9584173215554024,0.058268908123975775,1.351977887872439,0.09,863.8,190,4503.0,0.69,0.82,0.13,4.67,61.755663,15.3349441,3.8292781502401283,10.49,7.665,10.0404,1,0,0,0,0,0,0,0,0,0,0,0
1.0,2.0,7,5.9572036636389845,0.7104958188945583,2.409209428785125,0.055,1204.6,190,4929.76,4.858,0.99,0.13999999999999999,3.594,66.6100461,-10.5510754,3.6983569008978274,7.8,6.185,7.62682,1,0,0,0,1,1,0,1,1,0,0,0
1.0,1.0,7,5.8763342398543505,0.7318870088758759,2.6376598253905006,0.071,1004.7119999999999,103,4912.0,4.54,1.33,-0.02,3.23,332.9638643,16.0404806,4.010895922051,5.93022,3.984,5.6807,1,0,0,0,0,0,0,0,0,0,0,0
1.0,6.0,8,2.640777278226711,0.10165365372649983,1.3532545070416904,0.026,804.4,190,5663.0,1.06,0.96,0.13140000000000002,4.37,297.1150949,41.9091092,6.472880927447951,13.817,12.18,13.7062,0,0,0,0,0,0,0,1,0,0,0,0
2.0,2.0,7,4.122640431376948,0.22793206804600694,2.7128848208333673,0.17,1550.3920000000003,138,6266.8,1.86,0.61,-0.041000000000000016,4.08,118.5439118,-25.3023073,2.9332503029326653,9.75,6.169,9.08528,1,0,0,0,1,1,0,1,1,0,0,0
1.0,1.0,7,6.844495949995977,1.0043016091968684,2.454168289350345,0.23,1322.9920000000002,190,4836.0,0.76,0.6,-0.05,4.45,197.6652124,-35.0561807,3.3646820722683204,8.73,6.351,8.41823,1,0,0,0,0,0,0,0,0,0,0,0
1.0,2.0,7,6.030396757109769,0.8411360582733945,2.3627668279929033,0.16,2312.592,93,4879.0,12.38,1.78,-0.27,2.5,233.8818636,-14.789502,3.879534937072696,3.90672,1.524,3.80122,1,0,0,0,0,0,0,0,0,0,0,0
1.0,1.0,3,5.096486509487754,1.8229350866965048,2.450330401391411,0.22399999999999998,1011.7119999999999,190,5536.4,1.284,0.55,0.0416,4.378,269.2465417,-27.9754444,8.711278615130434,16.676,15.01963999999999,10.863846,1,1,0,1,1,1,0,1,1,0,0,0
1.0,1.0,3,5.2590133683401294,0.7793248768009976,2.4503304013914105,0.22400000000000003,1011.7119999999999,190,5544.0,1.3299999999999998,0.23,-0.09840000000000002,4.5120000000000005,268.2804667,-30.2456583,6.7580945044277305,16.4732,14.586911999999993,10.822476,1,1,0,1,1,1,0,1,1,0,0,0
1.0,1.0,8,1.4455203582578338,0.659629921365545,2.9527725791138555,0.04,1158.1119999999999,190,5754.0,1.46,0.81,0.27,4.08,283.3054489,24.1272483,5.291151754763125,10.845,9.177,10.6699,0,0,1,0,0,0,0,0,0,0,0,0
1.0,5.0,8,1.6047549645297186,0.04208200037936693,0.598121822621983,0.07,909.0,121,4684.0,0.71,0.67,-0.2,4.53,55.4590314,-62.7672667,3.6897315909421993,9.73,7.207,9.38476,0,0,0,0,0,0,0,0,0,0,0,0
1.0,1.0,7,5.944634959751184,0.7839015438284094,2.204253576847704,0.076,1197.4,190,5003.0,5.27,1.56,0.10640000000000001,3.31,336.762413,-17.2641046,4.719881843119989,7.6,5.496,7.35208,1,0,0,0,0,0,0,1,0,0,0,0
1.0,1.0,2,6.802337218519244,5.846438775057725,2.6544318037547985,0.17800000000000002,340.0,14,4828.2,0.788,0.62,-0.041999999999999996,4.5920000000000005,121.7275683,-66.3058835,3.007878212097547,13.855,13.781,13.6826,1,1,0,1,1,1,0,1,1,0,0,0
1.0,2.0,8,4.473677399707176,0.43208441002861653,2.670694414558441,0.2,447.2,190,5820.0,1.09,0.98,-0.05,4.35,294.4335228,38.3554729,6.911279063155754,14.824,13.103,14.649,0,0,1,0,0,0,0,0,0,0,0,0
1.0,4.0,7,6.637258031284457,0.9439058989071285,2.3359413043990034,0.26,174.56,91,4960.0,0.83,0.88,0.37,4.54,20.2148196,66.0722009,5.184611009932202,12.291,10.157,12.1216,1,0,0,0,0,0,0,0,0,0,0,0
2.0,1.0,8,1.44599502680853,0.04459088332787514,2.6448263709351747,0.0,1534.0,190,5950.0,1.3,1.2,0.262,4.29,39.2823371,54.8512152,5.984887968746351,12.241,10.732,12.3686,0,0,0,0,0,0,0,0,0,0,0,0
1.0,1.0,8,2.1024070539345754,0.07045846364856141,2.5021733846867185,0.0,1100.0,190,5831.0,1.12,1.01,0.06,4.34,160.8868435,-1.9126984,6.086415571514637,12.8,11.198,12.6225,0,0,0,0,0,0,0,0,0,0,0,0
1.0,2.0,7,8.480374336131604,1.8696460078851262,1.8127314948450242,0.261,653.4,190,5411.4,2.4800000000000004,0.94,0.03020000000000001,4.159999999999999,258.0966686,63.3527828,3.616160900885926,8.07,6.269,7.86569,1,0,0,0,1,1,0,1,1,0,0,0
1.0,2.0,7,9.85332303799997,2.8770050422851896,1.932839182408134,0.041,689.6,190,4848.8,6.942,0.96,0.092,3.156,50.8237604,-7.7950429,3.63965769682159,6.20902,4.417,6.02088,1,0,0,0,1,1,0,1,1,0,0,0
1.0,3.0,7,1.6515390884527357,0.04898157442074955,2.7283757903368957,0.12,1170.6,68,5577.0,0.96,0.94,-0.01,4.34,199.596455,-18.3157745,2.251641211239001,4.6955,2.956,4.54052,1,0,0,0,0,0,0,0,0,0,0,0
2.0,1.0,8,1.5462084008362533,1.2605533705562344,2.9290581402859983,0.07,1535.8,190,6100.0,1.76,1.08,-0.27,4.0,205.4542456,-0.1281712,5.53063074618274,10.413,9.035,10.2441,0,0,1,0,0,0,0,0,0,0,0,0
1.0,1.0,7,3.4015306594522756,1.4949792163077689,2.4197321856309957,0.11,1302.312,71,5392.0,0.7,0.71,-0.5798,4.64,285.2742901,-66.1943379,3.7215958871471884,8.6,6.881,8.40957,1,0,1,0,0,0,0,0,0,0,0,0
1.0,1.0,8,1.342353445317352,0.03937454747402156,2.8414149131696336,0.07,1442.0,190,5675.0,1.12,1.08,0.16,4.38,100.7656871,-1.2964437,7.027642765394543,15.588,13.557,15.3453,0,0,0,0,0,0,0,0,0,0,0,0
1.0,3.0,7,5.002246876155134,0.4376095614347316,2.0380892247657423,0.1566,1171.2,64,5544.0,1.07,1.01,0.24,4.3740000000000006,47.809275,21.0971302,3.941193382727926,8.520001,6.828,8.33307,1,0,0,0,0,0,0,0,1,0,0,0
1.0,3.0,8,0.5771982588079475,0.015578029963318415,0.8241754429663494,0.0,1862.0,190,4850.0,0.73,0.78,0.2,4.6,83.2692502,-26.7238698,3.513591106220018,9.12,6.723,8.79171,0,0,0,0,0,0,0,0,0,0,0,0
1.0,1.0,3,6.609433931338262,1.9315214116032138,2.701887223850495,0.22400000000000003,1208.9119999999998,190,5536.4,1.284,0.69,-0.0064,4.46,272.4249167,-29.2241528,8.837971491357209,17.02,15.01963999999999,10.822476,1,1,0,1,1,1,0,1,1,0,0,0
1.0,2.0,7,5.789357542870273,0.6780335427498971,2.2390403848523004,0.35,1258.2,71,5744.0,1.14,1.15,0.27,4.39,160.7021351,-2.1847173,3.5738557330451535,7.31637,5.721,7.13929,1,0,0,0,0,0,0,0,0,0,0,0
2.0,4.0,8,2.75346961129307,0.09848694671465404,1.3686394258811698,0.047,538.0,190,4285.0,0.7,0.69,-0.12,4.58,157.9356855,0.9372782,4.363844843113488,11.625,8.897,11.3527,0,0,0,0,0,0,0,0,0,0,0,0
1.0,2.0,7,1.2946641519103235,0.028587456851912555,1.3971509663164432,0.0,1380.8,147,3722.0,0.49,0.5,-0.16,4.77,259.0020507,11.0561751,2.952088593487436,10.844,6.816,9.98337,1,0,0,0,0,0,0,0,0,0,0,0
1.0,3.0,7,5.415744783424001,0.5715443588006965,2.7732157751892865,0.228,1448.0,43,6123.0,1.9520000000000004,1.22,0.3,4.39,28.2106607,-19.507396,3.956250395003155,7.51,6.168,7.37382,1,0,0,0,0,1,0,0,0,0,0,0
1.0,2.0,9,1.6440325571985994,0.06945747844794527,0.7929925155296614,0.196,1267.4,190,4831.719999999999,0.64,0.67,0.06799999999999999,4.532,293.8045041,38.6390517,6.275678738404793,16.142,13.378,15.841,0,0,1,1,1,0,0,1,1,0,0,0
2.0,2.0,7,5.436065587093498,0.6538864666066427,2.5656515025800672,0.169,1180.0,190,5414.8,0.9100000000000001,2.01,-0.096,4.4,27.5271962,-54.4651633,5.050631347621134,7.88,5.29,7.56075,1,0,0,0,1,1,0,1,1,0,0,0
1.0,1.0,8,1.4829467306934963,0.04553726016161338,2.9103377705370423,0.0,1197.8,190,6302.0,1.25,1.16,-0.0964,4.302,169.4388603,-19.0547781,5.952799079777205,11.658,10.65,11.8163,0,0,0,0,0,0,0,1,1,0,0,0
1.0,1.0,3,6.687787639525121,2.2300144001592104,2.4503304013914105,0.2568,1011.7119999999999,190,5428.8,1.284,0.75,-0.054400000000000004,4.508,261.7925,-29.7939722,8.537191877922927,16.8172,14.586911999999993,9.99475,1,1,0,1,1,1,0,1,1,0,0,0
1.0,1.0,4,0.9938186493425673,0.5040935230164487,1.587410589610156,0.2464,612.712,190,5459.1,0.89,0.97,0.161,4.52,299.3254983,40.6381229,6.1223831543796745,13.929,11.937,13.7459,1,0,1,1,0,0,0,0,0,0,0,0
1.0,2.0,8,2.0950934096180585,0.11952212521867503,0.8372475245337022,0.0796,647.2,190,5827.0,0.89,0.96,-0.19,4.308000000000001,287.8872376,46.2761224,6.13171115462271,12.981,11.503,12.8025,0,0,1,1,0,0,0,0,1,0,0,0
3.0,4.0,8,3.9982007016691985,2.8550494951556638,2.3957110709835296,0.36372019999999994,1174.6,190,4941.0,1.43,1.26,-0.028000000000000014,4.23,61.331654,20.1570318,4.6931719057597165,10.115,8.094,10.0702,0,0,1,1,0,0,0,1,0,0,0,0
1.0,1.0,8,2.3690049370832855,0.07881118042428978,1.3952541024913625,0.0,638.0,190,4804.0,0.74,0.78,0.067,4.59,214.5557741,76.78236720799998,4.2907854154102685,11.017,8.594,10.7445,0,0,0,0,0,0,0,0,0,0,0,0
1.0,3.0,8,2.5475684109127115,0.06982332952685658,1.2612978709452054,0.0396,1340.6,190,6170.200000000002,0.54,0.56,0.24459999999999998,4.72,294.121482,48.3497977,5.562729532632828,13.961,11.366,13.7125,0,0,1,1,1,0,0,1,0,0,0,0
1.0,1.0,7,3.5596246182566738,0.16211884947643518,1.9789537724030803,0.25,384.2,190,4000.2,1.3,0.62,-0.082,4.572,15.5881733,-10.4246208,3.0954599545439256,10.06,6.533,9.37826,1,0,0,0,1,1,0,1,1,0,0,0
1.0,1.0,3,5.046397446196069,0.8350806764486118,2.4503304013914105,0.22399999999999998,1011.7119999999999,190,5536.4,1.284,0.22,0.0416,4.378,269.8664167,-27.8780611,8.810757927026174,16.676,15.01963999999999,10.863846,1,1,0,1,1,1,0,1,1,0,0,0
1.0,1.0,8,2.964663602033286,0.14219376570317527,2.099611748469219,0.0,1027.0,190,6095.0,1.87,1.41,0.175,4.04,47.5172608,-50.8322632,4.35546189574808,7.57,6.256,7.41653,0,0,0,0,0,0,0,0,0,0,0,0
1.0,1.0,8,1.0009481538175782,0.028558301907960867,2.7745243477075365,0.17708219999999997,1850.0,190,5750.0,1.29,1.17,0.27,4.3,286.1103053,43.6809612,6.99139765391878,14.399,12.837,14.2486,0,0,0,1,0,0,0,0,0,0,0,0
1.0,1.0,7,4.028898963147031,0.21752781252857406,2.2046278707022475,0.18,1335.4,140,5653.0,1.0219999999999998,0.63,0.16040000000000001,4.058000000000001,327.4977057,-41.2440371,3.204509116158974,10.56,7.139,9.93207,1,0,0,0,1,1,0,1,1,0,0,0
1.0,2.0,8,3.9472046301273243,0.24717252911357093,2.590842000196669,0.0323,704.0,35,6150.0,1.61,1.13,-0.04,4.1,288.7930651,48.040176,7.283839635663437,14.282,13.011,14.2472,0,0,0,0,0,0,0,0,0,0,0,0
1.0,4.0,7,4.58118482323758,0.3282240277647172,2.146265707179843,0.15,1256.0,190,5261.0,0.88,0.84,0.04,4.154000000000001,8.7401487,4.3807215,3.87722242906119,8.97,7.066,8.76221,1,0,0,0,0,0,0,0,1,0,0,0
2.0,1.0,7,6.13599769784028,0.7898200678202061,1.974704054903435,0.137,895.7119999999999,190,5746.0,1.3419999999999999,1.09,0.289,4.45,298.0191857,28.0999769,3.9448889543857275,8.24,6.632,8.06588,1,0,0,0,0,1,0,0,0,0,0,0
1.0,3.0,7,2.6328955275014496,0.06961934188005701,2.4263584769267466,0.0,2350.592,190,3396.0,0.33,0.31,0.09080000000000002,4.89,229.8564725,-7.7226935,1.9876140403045939,10.57,5.837,9.411,1,0,0,0,0,0,0,1,0,0,0,0
1.0,3.0,7,2.3393315939610493,0.07696104113612832,2.3882841048839643,0.4,1066.512,190,4918.0,0.79,0.63,0.38,4.45,291.2873731,-66.4677838,3.3277732781810414,8.4,6.094,8.09228,1,0,0,0,0,0,0,0,0,0,0,0
1.0,4.0,7,3.044522437723423,0.12486898204586927,1.767104457652191,0.06,529.6,190,5685.8,1.202,0.78,0.238,4.078,26.0093029,-15.9337987,1.703444862165027,3.8593936,1.794,3.80122,1,0,0,0,1,1,0,1,1,0,0,0
1.0,2.0,7,9.359819944864558,2.4423470353692043,2.2390403848523004,0.46,1258.2,71,5744.0,1.14,1.15,0.27,4.39,160.7021351,-2.1847173,3.5738557330451535,7.31637,5.721,7.13929,1,0,0,0,0,0,0,0,0,0,0,0
1.0,4.0,8,2.7542248843894783,0.10705907229340778,1.9712993830601329,0.07,650.0,91,4960.0,0.83,0.88,0.37,4.54,20.2148196,66.0722009,5.184611009932202,12.291,10.157,12.1216,0,0,0,0,0,0,0,0,0,0,0,0
1.0,3.0,7,1.512476668373013,0.044189119387480165,0.9364854391596743,0.3012,1123.0,190,5289.0,0.98,0.9,0.24,4.39,93.0578446,-14.6493167,4.236885249004211,9.49,7.587,9.27468,0,0,0,1,0,0,0,0,0,0,0,0
1.0,1.0,7,6.436150368369428,0.9202827531436926,2.492888695695074,0.11,940.8,85,5078.0,5.44,1.64,-0.21,3.19,117.3651424,-54.8126136,4.874937747529569,7.43,5.244,7.17872,1,0,0,0,0,0,0,0,0,0,0,0
1.0,2.0,8,2.483624161084151,0.09803374027136541,1.1184149159642893,0.59,1062.0,31,6170.0,1.32,1.21,0.09,4.29,259.0172522,72.1611806,5.130295086061795,9.889,8.724,9.81934,0,0,0,0,0,0,0,0,0,0,0,0
1.0,2.0,8,2.3084485691702397,0.07973496801885356,1.3650707246682638,0.0,825.0,190,5513.0,0.96,0.94,0.107,4.45,117.9246417,9.3852412,3.9115008691387154,8.58,6.881,8.39353,0,0,0,0,0,0,0,0,0,0,0,0
1.0,1.0,7,7.68017564043659,1.4996230464268938,2.7593595744818304,0.39,1625.0,59,5631.0,1.9,1.2,0.22,3.94,163.9746776,-35.1145225,4.073813569732383,7.37,5.632,7.17929,1,0,0,0,0,0,0,0,0,0,0,0
1.0,2.0,8,3.0994163848308727,0.21016516376249514,0.7839015438284094,0.021229400000000002,785.0,190,6001.0,1.25,0.86,0.0804,4.37,293.1507654,41.7291532,6.789043812467175,13.831,12.483,13.7744,0,0,1,1,0,0,0,1,1,0,0,0
1.0,1.0,8,2.9581119191432577,0.12486898204586927,1.3987168811184478,0.21,722.0,190,5659.0,0.98,0.94,-0.12,4.42,258.7623456,18.3403449,4.365414412618228,9.46,7.87,9.34408,0,0,0,0,0,0,0,0,0,0,0,0
1.0,1.0,7,6.772622604990641,1.0647107369924282,2.160112555186965,0.03,1158.0,78,5038.0,5.69,1.57,-0.19,3.09,53.8148478,-49.4172669,5.0887253273105495,7.85,5.671,7.6043,1,0,0,0,0,0,0,0,0,0,0,0
1.0,1.0,2,7.308771962194294,5.846438775057725,2.6553140127944594,0.4003202,2375.0,184,2953.0,1.17,0.09,-0.17595999999999998,4.736,65.8974962,25.0506711,4.943381148084313,9.89131,9.324,15.2412,1,1,0,1,0,1,0,1,1,1,0,0
1.0,1.0,8,1.5612976840106667,0.07834896641097641,3.1061199638849386,0.0,1577.0,24,6720.0,1.93,1.47,-0.07,4.04,94.7929552,73.8275672,5.465859409063481,10.247,9.246,10.191,0,0,0,0,0,0,0,0,0,0,0,0
1.0,2.0,7,4.002516147366677,0.22999999211069616,2.42493496156475,0.07,1001.4,81,5430.0,1.058,0.8,0.0,4.37,51.8040469,-58.3232726,3.5338325394548624,7.95,6.193,7.75701,1,0,0,0,0,1,0,0,0,0,0,0
1.0,1.0,7,3.817822210029319,0.2199384203652614,2.2055917881960427,0.0593,1031.2,190,5262.6,1.0900000000000003,1.0,-0.011960000000000004,4.352,286.7175787,-37.8122394,2.8858002131797926,6.15,4.539,5.9739,1,0,0,0,1,1,0,1,1,0,0,0
1.0,1.0,8,0.5952448941481426,0.015578029963318415,2.4357164055972285,0.0,965.7119999999999,190,4400.0,0.6,0.58,0.052599999999999994,4.606,154.9081869,-9.8064431,4.474454254801214,12.305,9.267,11.907,0,0,0,0,0,0,0,1,1,0,0,0
1.0,2.0,7,3.1262779634006344,0.11332868530700317,2.0838876842334875,0.118722,352.0,149,3688.0,0.47,0.49,-0.06,4.78,346.4668274,-35.8530693,1.703444862165027,9.743799999999998,6.3515999999999995,9.038034,1,0,0,1,0,0,0,0,0,0,0,0
3.0,1.0,8,1.6656241060433046,0.06353802080398764,3.1061199638849386,0.066,2001.0,190,6935.0,2.35,1.41,-0.34,3.85,153.6696689,-15.6428372,6.380839229167039,11.1,9.932,10.91,0,0,0,0,0,0,0,0,0,0,0,0
1.0,1.0,8,1.7515253227246261,0.05278218543896945,2.417965244034119,0.019,1025.0,40,5304.0,0.87,0.94,0.19,4.53,67.2228465,-21.4820568,5.5109417852720375,12.598,10.703,12.4288,0,0,0,0,0,0,0,0,0,0,0,0
1.0,1.0,8,0.6329369322539478,0.016994767375861832,1.5727739280625088,0.0,1722.0,107,5068.0,0.85,0.86,0.138,4.19,47.7285242,-73.531972,5.707578593604001,13.261,11.184,13.0582,0,0,0,0,0,0,0,0,0,0,0,0
1.0,2.0,8,3.373220314484557,0.128393214768399,0.8458682675776092,0.0,297.0,158,3759.0,0.44,0.44,-0.24,5.11,285.6365235,75.4185135,3.759281998212076,13.19,8.988,12.094,0,0,0,0,0,0,0,0,0,0,0,0
1.0,4.0,8,0.5819977190190292,0.049675210446482335,1.0402767116551463,0.0,1222.0,190,4805.0199999999995,1.16,1.06,0.04379999999999999,4.364,331.203092,-12.019067,5.5826688989033615,11.936,10.192,11.7889,0,0,1,0,1,0,0,1,1,0,0,0
1.0,1.0,8,1.57478466451247,0.04922816347182671,2.6149109963585864,0.516,993.512,190,5990.0,1.12,1.17,-0.08,4.41,300.4280761,-26.077564,6.630342958310423,14.045,12.289,13.8936,0,0,0,0,0,0,0,1,0,0,0,0
1.0,1.0,8,1.642151713012635,0.05116828657439943,2.8142703471719184,0.23066,1377.0,43,5948.0,1.21,1.11,0.09,4.32,284.5483823,-47.0033072,5.24388229985315,10.617,9.338,10.7009,0,0,0,1,0,0,0,0,0,0,0,0
1.0,2.0,7,2.2476695620108087,0.07222763399688076,1.1568811967920856,0.36,696.0,113,5059.0,0.73,0.79,-0.114,4.58,349.2310814,-18.6066463,4.401102282097943,10.748,8.598,10.4883,0,0,0,0,0,0,0,0,0,0,0,0
1.0,1.0,3,5.30587924934741,1.33500106673234,2.6780387662724796,0.154,1069.912,190,5516.4,1.33,0.64,-0.12840000000000001,4.5200000000000005,269.108167,-32.2374167,8.682877107057168,17.02,15.01963999999999,10.822476,1,1,0,1,1,1,0,1,1,0,0,0
2.0,3.0,7,5.864863200434632,0.7124594915923181,2.5242283715999014,0.158,1116.6,190,4911.2,1.046,1.21,-0.03800000000000001,4.4639999999999995,5.016937917,-49.0753625,3.3026763860345105,5.7,4.474,5.58442,1,0,0,0,1,1,0,1,1,0,0,0
1.0,2.0,7,6.0330862217988015,0.7275486072772778,1.4412673363936344,0.0,697.8,190,5388.0,0.96,0.96,0.257,4.45,313.1670294,65.6087833,4.752425720269844,10.445,8.779,10.4468,1,0,0,0,0,0,0,0,0,0,0,0
1.0,2.0,8,1.2932466200698178,0.7389092843269083,1.1151415906193203,0.129,755.0,190,3385.0,0.33,0.33,0.054000000000000006,4.747999999999999,130.0266951,19.0923416,4.385772111609639,16.7,11.37,14.9834,0,0,1,0,0,0,0,1,1,0,0,0
1.0,1.0,8,0.5833613319888717,0.016650606068978405,1.7439688053917064,0.0,1978.0,75,5443.0,0.95,0.77,0.27,4.35,354.337670099,-37.6282237,4.399833399010982,9.79,8.016,9.60006,0,0,0,0,0,0,0,0,0,0,0,0
2.0,1.0,7,5.391215548914767,0.5538851132264376,2.6375980382269515,0.404,1281.8,32,5960.0,1.584,1.13,-0.17,4.24,351.6534162,56.8871415,4.184334554285673,7.98,6.555,7.83398,1,0,0,0,0,1,0,0,0,0,0,0
1.0,3.0,8,4.421247347827163,0.3293037471426004,1.2584609896100056,0.1096,891.8,63,5770.0,1.65,1.18,0.29,4.332000000000001,285.3111845,47.8484775,6.01577903943941,11.809,10.252,11.6437,0,0,0,1,0,0,0,0,1,0,0,0
2.0,5.0,7,5.564060531481064,0.5714314218758489,1.7328704836220594,0.08,1235.6,190,5172.0,0.94,0.91,0.35,4.43,133.1468373,28.3298154,2.609003047500976,5.95084,4.015,5.72973,1,0,0,0,0,0,0,0,0,0,0,0
1.0,1.0,8,1.9745531367824067,1.1058650388033633,3.031485443259809,0.09,1176.4,190,4800.0,4.1,1.19,0.1,3.29,134.7226445,-13.3125792,5.977474643154706,10.916,8.492,10.6019,0,0,1,0,0,0,0,0,0,0,0,0
1.0,2.0,8,1.2604740189244306,0.02810143011087481,1.1568811967920856,0.3,734.0,152,3709.0,0.47,0.47,0.0,4.77,10.0891431,61.2133868,3.969353737753745,13.459,9.283,12.5555,0,0,0,0,0,0,0,0,0,0,0,0
1.0,1.0,8,1.6897202836937173,0.04736057135983759,1.840549633397487,0.035,899.0,190,4969.0,0.72,0.78,-0.01,4.63,322.6023682,34.7395805,5.292832351317464,12.879,10.581,12.7,0,0,0,0,0,0,0,0,0,0,0,0
1.0,3.0,7,6.787281125514262,0.9969486348916096,2.2896122218627952,0.125,1416.0,63,6214.6,1.8679999999999999,0.85,-0.44,4.168000000000001,84.2599947,20.7289784,3.486255185002129,7.68,5.952,7.47238,1,0,0,0,1,1,0,0,1,0,0,0
1.0,2.0,7,7.560080465021827,1.3994573476461716,1.8303586720963096,0.527,454.0,190,5358.8,1.1,1.03,0.162,4.200000000000001,284.4722473,39.911889,5.230439944144951,11.64,9.64,11.0622,1,0,0,0,1,0,0,1,1,0,0,0
1.0,1.0,7,8.761672863428284,2.0098234747989663,2.619012967579873,0.203,1644.8,190,5489.4,2.7459999999999996,0.88,0.047384000000000016,4.024,139.9331831,-59.4780815,3.572376536257029,8.6,6.469,8.3618,1,0,0,0,1,1,0,1,1,0,0,0
1.0,1.0,8,5.567542655649251,0.6032224730319582,2.511305123642531,0.3683,348.0,64,5695.0,1.64,1.11,0.253,4.06,277.94363,56.6506789,4.7680115634939195,9.162,7.604,9.01133,0,0,0,0,0,0,0,0,0,0,0,0
2.0,1.0,1,8.078998258685154,1.415853163361435,2.3105338071616504,0.12,1502.304,190,7826.0000000000055,0.19,0.42,-0.36795999999999995,4.500300000000001,305.001946,4.6323715,6.7115907488232445,13.296,13.945,13.2452,1,0,0,0,0,0,0,1,1,0,0,0
1.0,1.0,7,6.898714534329988,1.1378330018213911,2.8199360911244016,0.6,1380.6,190,5981.0,1.72,1.63,0.3,4.18,39.2577379,42.0624526,4.108559713180365,7.297,5.853,7.1291,1,0,0,0,0,0,0,0,0,0,0,0
1.0,1.0,7,8.935167086748336,2.1314408367902162,2.5941716595538464,0.726,1233.4,190,5003.8,1.598,0.94,-0.018,4.032,289.9998695,-9.32497,3.886619039886247,8.59,6.689,8.36926,1,0,0,0,1,1,0,1,1,0,0,0
1.0,1.0,8,1.7764591811742145,0.06355678939662526,2.986691528901842,0.151,1793.0,190,6554.0,2.11,1.56,0.22,3.98,144.2876092,-29.800444,6.985780568419904,13.045,11.705,12.839,0,0,0,0,0,0,0,0,0,0,0,0
1.0,5.0,8,3.348274409193157,0.153235975898858,0.6211139776601137,0.1,495.0,190,4909.0,0.72,0.8,0.11,4.331999999999999,281.4824731,47.2078263,4.689474569040121,12.072,9.351,11.4784,0,0,0,0,0,0,0,0,1,0,0,0
1.0,4.0,9,2.336116576202838,0.12761992477315973,0.9400072584914712,0.18492019999999998,873.2,190,5846.2,1.74,1.14,0.050000000000000024,4.298,282.9790593,40.7844188,6.316799999318278,12.19,10.756,12.0828,0,0,1,1,1,0,0,1,1,0,0,0
1.0,1.0,7,7.351799869057777,1.2963696535919036,2.007864137196814,0.68,891.1119999999999,64,5652.0,1.13,1.03,0.17,4.28,334.5286724,61.1349912,4.184113660977004,8.59,6.969,8.417831,1,0,0,0,0,0,0,0,1,0,0,0
1.0,1.0,7,6.93537044601511,1.2383742310432684,2.490307306358345,0.52,2052.7920000000004,190,6308.0,1.21,1.22,0.29,4.56,247.0723035,-46.3175085,4.062662958430826,7.69,6.397,7.55508,1,0,0,0,0,0,0,0,0,0,0,0
1.0,1.0,8,1.8895712144765469,0.0639133257436528,2.821676461177069,0.0,1567.0,21,6730.0,1.52,1.32,-0.1,4.16,277.7510149,7.1833465,6.831908257096076,13.126,11.592,12.9515,0,0,0,0,0,0,0,0,0,0,0,0
1.0,1.0,8,1.1710128540320874,0.03160525052643828,2.4504014676882644,0.519,1296.0,190,5137.0,0.88,0.89,0.377,4.5,289.2974275,-60.8917599,6.029571659668993,14.074,11.875,13.7643,0,0,0,0,0,0,0,0,0,0,0,0
1.0,2.0,8,2.301584592660462,0.2907711528363655,1.0497721232486361,0.017,612.712,190,4499.3,0.66,0.68,-0.047999999999999994,4.444,292.1370409,42.4294835,6.0853168465391425,15.13,12.719,15.0257,0,0,1,0,0,0,0,1,1,0,0,0
1.0,1.0,8,1.4330682081732267,2.418572375893107,2.821676461177069,0.29,1681.3920000000003,190,6429.0,1.54,0.58,-0.18,3.95,65.4695814,57.8172095,5.366223647909699,9.854,8.791,9.73889,0,0,1,0,0,0,0,0,0,0,0,0
1.0,1.0,8,1.384875855516358,0.04267627428043631,2.834976494674597,0.0,1657.0,29,6440.0,1.37,1.27,-0.03,4.22,280.6872998,5.9376586,6.486217189792556,12.897,11.248,12.841,0,0,0,0,0,0,0,0,0,0,0,0
1.0,1.0,8,4.529182694798388,0.32714314133269456,1.3635373739972745,0.21,440.0,190,5592.0,1.03,0.93,0.06,4.38,107.9210254,-65.5088568,4.93742640482585,10.494,9.036,10.5262,0,0,0,0,0,0,0,0,0,0,0,0
1.0,2.0,7,3.546393805817181,0.1798184265758361,2.37164726651216,0.16,1108.2,57,5726.0,1.2120000000000002,0.83,-0.24,4.41,301.3959616,-67.3237992,2.939452885022775,6.074,4.511,5.9098,1,0,0,0,0,1,0,0,0,0,0,0
1.0,3.0,8,4.20511342636168,0.2883080463053539,1.3937663759585917,0.0852,743.8,190,5990.0,1.0,1.08,0.05,4.47,297.4653351,42.8828517,6.558818886495606,14.142,12.508,13.9628,0,0,1,1,0,0,0,0,0,0,0,0
1.0,1.0,2,7.308771962194294,4.77912349311153,2.791842625829662,0.4003202,1450.0,136,3100.0,0.84,0.17,0.01,4.5,69.3405531,26.8502997,4.8635573213828485,16.186,10.386,14.3374,1,1,0,1,0,0,0,0,0,0,0,0
1.0,1.0,7,2.8051769118329326,0.08709470685093376,1.3971509663164432,0.05,612.712,190,3656.0,0.43,0.43,-0.23,4.87,264.4764878,18.5959509,2.214549191358227,9.62,5.572,8.73899,1,0,0,0,0,0,0,0,0,0,0,0
1.0,1.0,7,3.135407255626473,0.1310282624064041,2.530122221218913,0.17,911.4,190,5769.0,1.12,1.1,-0.55,4.38,16.1663441,-39.4904909,3.769491230606324,7.72,6.187,7.5609,1,0,0,0,0,0,0,0,0,0,0,0
1.0,1.0,7,5.741078259399898,0.7323678937132266,1.8394222932484223,0.2,1097.6,93,4886.0,11.21,1.76,-0.16,2.57,171.4874082,55.8506653,4.7193288838821825,5.72916,3.568,5.46403,1,0,0,0,0,0,0,0,0,0,0,0
1.0,1.0,3,6.626448315912161,1.0473189942805592,2.6780387662724796,0.154,1069.9119999999998,190,5455.8,1.3299999999999998,0.34,-0.12840000000000001,4.366,269.2919167,-33.7885194,8.684570300824369,15.740199999999998,13.998511999999991,10.822476,1,1,0,1,1,1,0,1,1,0,0,0
1.0,1.0,8,1.7082884360009165,0.052848584296933496,2.6582295061182544,0.25200000000000006,1186.0,49,5839.0,0.96,1.04,0.09,4.49,26.7932253,3.1329325,6.083348409238677,12.924,11.443,12.783,0,0,0,1,0,0,0,0,0,0,0,0
2.0,1.0,8,1.483707782106461,0.04688358589885042,2.701294096605202,0.0,1540.0,31,6600.0,1.19,1.3,0.1,4.42,123.3922465,-1.9827874,5.541204719898842,10.655,9.812,10.9134,0,0,0,0,0,0,0,0,0,0,0,0
1.0,1.0,8,0.9091641419493987,0.024292532569031765,2.6661164777292643,0.1026,1480.0,190,5171.0,0.87,0.9,0.2,4.52,305.2219454,59.4489033,5.889744618685363,13.677,11.591,13.4599,0,0,0,1,0,0,0,0,0,0,0,0
1.0,1.0,8,6.955435875427959,1.1072416153661642,2.3204250111223765,0.26,206.0,68,5597.0,1.18,1.01,-0.088,4.3,282.1856949,44.4344617,6.344086036890216,13.497,11.922,13.4057,0,0,0,0,0,0,0,0,0,0,0,0
1.0,3.0,8,2.358311431904009,0.09685444136388219,1.2023715229589622,0.1634,931.0,190,6169.0,1.12,1.1,-0.08,4.47,54.819538,-42.7630276,4.155427118386282,8.270001,6.981,8.1281,0,0,0,1,0,0,0,0,0,0,0,0
1.0,1.0,8,1.304088283798815,0.03522234570976077,2.6645161990784816,0.019,1605.0,63,5560.0,0.95,0.85,-0.1,4.41,292.8557189,46.3911883,6.632993380456432,14.462,12.779,14.28,0,0,0,0,0,0,0,0,0,0,0,0
1.0,2.0,7,2.095169703131547,0.07696104113612832,2.1337245996084198,0.13,1432.2,190,5622.0,1.11,1.0,0.36,4.34,344.5647243,-2.3954489,3.047465721059944,6.155,4.536,5.96401,1,0,0,0,0,0,0,0,0,0,0,0
1.0,2.0,8,4.662060786191391,0.3544524760856333,2.3104540513727407,0.09,956.8,89,5255.0,0.82,0.94,0.22,4.58,80.1058735,-59.8954326,4.637346917683312,10.701,8.814,10.5784,0,0,0,0,0,0,0,0,0,0,0,0
1.0,5.0,8,2.186898109085582,0.0657877405380031,0.598121822621983,0.07,723.0,121,4684.0,0.71,0.67,-0.2,4.53,55.4590314,-62.7672667,3.6897315909421993,9.73,7.207,9.38476,0,0,0,0,0,0,0,0,0,0,0,0
1.0,1.0,7,6.420320608006722,0.9932517730102833,1.6155416265565568,0.24,852.7119999999999,93,4155.0,38.409499999999994,1.8,-0.09,1.7,194.2415171,67.2429122,5.781776932250838,6.53649,3.613,6.07664,1,0,0,0,0,0,0,0,0,0,0,0
1.0,4.0,8,2.6034301519721073,0.2775517445250083,1.0912519342618172,0.027,832.0,190,5505.2,0.88,0.93,0.13599999999999998,4.554,290.9734395,45.2902761,6.641214806283732,14.89,13.083,14.766,0,0,1,0,0,0,0,1,1,0,0,0
1.0,1.0,8,1.0857378002972338,0.03110130129834782,2.758299617505337,0.134,1778.0,190,5956.0,1.21,1.09,0.0,4.31,21.8711012,38.9681137,6.5039917224137245,13.78,12.1,13.5142,0,0,0,0,0,0,0,0,0,0,0,0
2.0,2.0,7,6.508769136971682,0.9745596399981308,2.393446336416367,0.0,999.8,190,4819.0,4.89,0.83,0.09,2.98,200.1646905,24.6484725,4.822255422718337,7.88,5.534,7.60909,1,0,0,0,0,0,0,0,0,0,0,0
2.0,4.0,8,1.6769731888119097,0.047827796480256646,0.7938970836600884,0.043,1066.0,190,5271.0,0.86,0.83,-0.06,4.49,252.426008,-19.5430504,5.066902199549558,12.304,9.821,12.0036,0,0,0,0,0,0,0,0,0,0,0,0
1.0,2.0,7,5.424024479170771,0.5183770399188251,2.620843865872035,0.067,1118.0,97,5466.0,0.89,0.82,-0.086,4.430000000000001,96.4105736,-31.4810037,3.565411540113691,8.08,6.316,7.88016,1,0,0,0,0,0,0,1,1,0,0,0
1.0,1.0,8,1.314807220814871,0.04929479872475595,2.952146045391068,0.0,2580.960000000001,190,7826.0000000000055,2.36,2.03,0.29,3.9,225.686732,-3.0314874,4.61245359743435,6.59776,6.06,6.55369,0,0,0,0,0,0,0,0,0,0,0,0
1.0,4.0,8,2.2300144001592104,0.2775517445250083,1.021731244332152,0.02,832.0,190,5505.2,0.88,0.93,0.13600000000000004,4.554,290.9734395,45.2902761,6.641214806283732,14.89,13.083,14.766,0,0,1,0,0,0,0,1,1,0,0,0
1.0,3.0,7,7.247080584585756,0.7417380374619216,1.3722864751838568,0.41,612.712,190,5466.0,0.9,0.99,0.27,4.362,291.1481028,40.669413,5.934531696062128,13.209,11.454,13.1048,1,0,1,0,0,0,0,0,1,0,0,0
1.0,6.0,8,2.60416267413776,0.10093071857844059,2.4351607929954575,0.042,843.0,190,5770.0,0.97,1.02,0.07,4.47,192.1848981,64.8552755,4.448939678150557,9.534,8.034,9.36789,1,0,0,0,0,0,0,0,0,0,0,0
1.0,1.0,8,1.5938796519361649,0.0515197687402982,2.81024571341688,0.084,1540.0,190,6350.0,1.34,1.28,0.12,4.29,110.1685157,37.1405946,6.122937885891796,12.344,11.015,12.1536,0,0,0,0,0,0,0,0,0,0,0,0
1.0,1.0,8,1.145378183163227,0.1928124669521329,2.879984665009678,0.0,657.8,190,5920.0,1.58,0.88,-0.12,4.03,291.1623865,55.4730273,6.120613852397089,11.647,10.372,11.523,0,0,1,0,0,0,0,0,0,0,0,0
1.0,3.0,8,3.2333505586225124,0.14170787390865755,1.2113455586553492,0.1999,523.0,190,5033.0,0.71,0.79,-0.09,4.64,230.4799011,-20.2317975,4.226924252121216,10.883,8.375,10.4191,0,0,0,0,0,0,0,0,0,0,0,0
1.0,3.0,8,4.972198923932242,0.4054651081081644,2.2823823856765264,0.022,693.4,190,5498.0,0.95,0.99,0.18,4.77,285.2836483,38.9472625,6.819165566166478,15.726,13.581,15.3761,0,0,0,0,0,0,0,0,0,0,0,0
1.0,1.0,7,7.868636894184167,1.62924053973028,2.5912362834130898,0.563,1403.6,190,5671.0,2.39,1.35,-0.03596,3.72,32.057635,-24.695575,5.010195197267851,8.34,6.711,8.15997,1,0,0,0,0,0,0,1,0,0,0,0
1.0,1.0,8,2.455792671097789,0.11028835389412302,2.4966705167082424,0.195,1595.0,190,7360.0,2.36,1.86,0.094,3.96,90.0625878,11.8840577,5.657001790129489,9.547,8.486,9.47244,0,0,0,0,0,0,0,0,0,0,0,0
1.0,3.0,7,3.4974162394026984,0.16381808522939495,2.3695225611632784,0.05,1289.4,121,4640.0,0.68,0.73,0.09,4.71,176.1705487,30.9576484,3.290705202997175,8.97,6.286,8.57069,1,0,0,0,0,0,0,0,0,0,0,0
1.0,1.0,8,2.4532921360186584,0.0880108773227133,2.564487712458339,0.125,1397.0,15,6261.0,1.39,1.28,0.24,4.26,86.738228,-11.2353401,5.833473586164733,11.43,10.106,11.3435,0,0,0,0,0,0,0,0,0,0,0,0
1.0,1.0,7,6.433936380845242,0.8919980393051105,1.6065279672521526,0.59,471.11199999999997,92,5544.0,1.0299999999999998,1.03,0.17,4.2,295.6200054,31.7395451,3.9355988971568396,8.38,6.649,8.19105,1,0,0,0,0,1,0,0,0,0,0,0
1.0,6.0,8,2.085977634809451,0.06278698809876482,1.3001916620664788,0.07706,985.8,124,4540.0,0.68,0.73,0.04,4.64,296.1125759,39.9787451,5.914721182278647,15.23,12.253,14.7555,0,0,0,1,0,0,0,0,0,0,0,0
1.0,2.0,8,1.0579686115816893,0.5732694524659193,0.8241754429663494,0.3115,682.0,164,3496.0,0.34,0.34,-0.04,5.0,16.6538724,19.2249195,3.248042317156549,12.5,8.497,12.1172,0,0,1,1,0,0,0,0,0,0,0,0
1.0,2.0,7,5.736316522836162,0.632335041163188,2.566926303239753,0.742,1408.8,190,5665.4,5.433999999999999,0.96,0.048,4.422,93.3993231,-29.8971929,4.14964050199274,8.98,7.203,8.77158,1,0,0,0,1,1,0,1,1,0,0,0
1.0,2.0,7,9.745240687702811,2.6165195365898923,2.660844453466818,0.089,1451.0,190,5750.2,2.636,0.93,0.15,4.029999999999999,129.0735123,-34.4594469,3.9398190899467043,8.9,7.062,8.67835,1,0,0,0,1,1,0,1,1,0,0,0
1.0,1.0,8,0.8725386154029898,0.021536417530524612,1.3676210958542694,0.40759999999999996,1253.0,121,4600.0,0.69,0.71,-0.092,4.61,222.1654705,-57.5888666,4.17325124024285,11.314,8.432,10.7616,0,0,0,1,0,0,0,0,0,0,0,0
3.0,1.0,7,5.580295665868637,0.6151856390902335,2.621581359330455,0.25,1372.8,190,6165.0,1.21,1.45,0.2,4.43,91.1253346,44.2597855,3.557867741570582,6.75512,5.452,6.59963,1,0,0,0,0,0,0,0,0,0,0,0
1.0,2.0,9,2.1005913004025705,0.046091761413878295,1.3887912413184778,0.0722,1307.2,190,5651.4,0.95,0.89,0.338984,4.426,297.9615616,48.2443363,6.026976468109342,13.378,11.698,13.321,0,0,1,1,1,0,0,1,1,0,0,0
1.0,2.0,8,0.9665765807588593,0.015578029963318415,0.7848143690857691,0.0118,584.0,190,3229.0,0.22,0.19,-0.17,5.04,153.7090696,-47.1549358,2.611025218530336,13.68,8.322,12.138,0,0,0,0,0,0,0,0,0,0,0,0
1.0,1.0,8,1.0214163999574484,0.027790248981499083,2.6132998645563994,0.0,1610.0,51,5806.0,0.93,0.95,-0.01,4.324,344.8735878,-60.4478194,5.794555102598047,12.603,10.959,12.4679,0,0,0,0,0,0,0,0,1,0,0,0
1.0,2.0,7,4.002832161715993,0.22745424690129432,2.307321504653793,0.156,1158.0,111,5035.0,0.78,0.77,-0.21,3.872,33.1780708,-53.7437591,3.375212684690162,8.36,6.25,8.11006,1,0,0,0,0,0,0,0,1,0,0,0
1.0,1.0,3,6.687787639525121,1.3912819026309298,2.4503304013914105,0.154,1294.912,190,5455.8,1.33,0.63,-0.12840000000000001,4.264,265.3619167,-34.6986694,8.87360810154911,15.740200000000002,14.586911999999993,10.620735999999999,1,1,0,1,1,1,0,1,1,0,0,0
1.0,2.0,7,7.506494736900766,1.404870746692826,2.4377822256844803,0.246,931.512,190,5300.0,2.4539999999999997,1.17,-0.0064,4.459999999999999,276.9561859,-29.8167919,3.6533766210712812,5.9,4.688,5.77641,1,0,0,0,1,1,0,1,1,0,0,0
1.0,1.0,7,3.7498804756713353,0.19638881400539013,1.7655323850557358,0.16,1028.2,111,4881.0,3.664,0.79,-0.0374,3.5739999999999994,109.0449329,-3.6661273,3.5309441215148074,9.01,6.674,8.70829,1,0,0,0,0,1,0,1,1,0,0,0
1.0,5.0,8,2.5773478619770427,0.08672800350982414,0.7594029763370106,0.07,630.0,121,4684.0,0.71,0.67,-0.2,4.53,55.4590314,-62.7672667,3.6897315909421993,9.73,7.207,9.38476,0,0,0,0,0,0,0,0,0,0,0,0
1.0,2.0,7,2.046918349974276,0.0657877405380031,2.497430024403944,0.045,990.0,40,5732.0,0.97,1.0,0.14,4.46,190.0365636,-44.3120777,4.675693885160214,10.09,8.502,9.91036,1,0,0,0,0,0,0,0,0,0,0,0
1.0,5.0,7,2.5717721828095823,0.09948327848495012,2.725086459766222,0.092,1678.7920000000001,190,5576.0,1.16,1.05,0.343,4.33,228.8103897,-70.5203328,3.324708628980275,6.86,5.177,6.67835,1,0,0,0,0,0,0,0,0,0,0,0
1.0,1.0,7,7.306391275028648,1.3252165116113002,1.6816807233220825,0.8206009999999999,995.6,190,5470.8,2.5840000000000005,1.26,0.1036,4.029999999999999,149.2409308,-15.8953993,4.231359256102624,7.41,6.224,7.28372,1,0,0,0,1,1,0,1,1,0,0,0
2.0,1.0,7,4.722390396621515,1.7942747306532145,2.564487712458339,0.8206009999999999,1237.6,190,5561.0,1.04,1.15,0.35,4.42,140.6569501,50.6037764,4.211699358048748,9.06,7.316,8.82008,0,0,1,0,0,0,0,0,0,0,0,0
1.0,2.0,7,2.4419017188392105,0.08434114843375087,1.503978982483322,0.232,708.8,190,5688.454,3.4339999999999997,0.83,0.2072,3.7840000000000003,199.2155793,17.0160384,2.4833721396960486,6.50066,4.381,6.28558,1,0,0,0,1,1,0,1,1,0,0,0
1.0,2.0,8,2.900234076075451,0.11938175702008048,1.220829921392359,0.05,642.0,104,5125.0,0.86,0.9,0.15,4.53,36.8678846,-27.6361171,3.8246224618139166,9.1,7.044,8.85598,0,0,0,0,0,0,0,0,0,0,0,0
2.0,2.0,8,2.8371784725338665,0.11064652008706366,1.8066480817218056,0.19,635.0,89,5291.0,0.87,0.83,-0.044,4.48,81.8532824,-14.2767404,4.328057394714391,9.931,8.071,9.77776,0,0,0,0,0,0,0,0,0,0,0,0
1.0,1.0,8,2.06350142029433,0.07696104113612832,2.6468837658647226,0.0,1620.0,25,6510.0,2.13,1.48,0.1,3.94,296.8136883,47.5265446,7.743274037333045,14.657,13.27,14.5591,0,0,0,0,0,0,0,0,0,0,0,0
1.0,2.0,7,1.9294032278060338,0.06241126012139706,2.618257887420877,0.07,1410.2,48,5869.0,1.4140000000000001,1.03,0.04,4.47,96.1820205,-28.7806402,3.133457360337798,6.383,4.871,6.21037,1,0,0,0,0,1,0,0,0,0,0,0
1.0,1.0,3,4.974939555809527,0.9555114450274363,2.701887223850495,0.154,1188.9119999999998,190,5536.4,1.284,0.3,-0.09840000000000002,4.5120000000000005,270.184333,-28.6608889,7.0909098220799835,16.676,15.01963999999999,10.863846,1,1,0,1,1,1,0,1,1,0,0,0
1.0,1.0,8,2.5505617348360174,0.10129225148187232,2.1279935822620013,0.22,1089.0,190,5576.0,1.75,1.16,0.41392000000000007,4.02,154.6710977,10.1288464,4.89293975461197,9.38,7.721,9.21702,0,0,0,0,0,0,0,0,0,0,0,0
1.0,1.0,8,2.340607973647719,0.0865446014001858,2.708783265678039,0.24,1160.0,43,5900.0,1.5,1.12,-0.02,4.13,214.0595791,-19.5423062,5.636038822569682,11.101,9.505,10.8949,0,0,0,0,0,0,0,0,0,0,0,0
1.0,1.0,8,1.616988574304112,0.048285274829495094,2.806869368716614,0.09,1438.0,38,6100.0,1.19,1.0,-0.25,4.19,101.2772396,0.8152163,6.783859599123985,14.043,12.546,13.9021,0,0,0,0,0,0,0,0,0,0,0,0
1.0,3.0,7,6.18476725641117,0.8475835338643642,1.7218885722467796,0.0,612.712,94,4971.0,4.86,1.35,-0.17,3.18,292.8401421,26.6172796,4.1238920375386545,5.88639,3.98,5.64508,1,0,0,0,0,0,0,0,0,0,0,0
1.0,1.0,8,1.116081476656878,0.034111529628767866,2.8986705607108596,0.0,2000.0,32,6010.0,1.64,1.33,0.26,4.13,140.5063164,-23.946102,6.5956889797175355,12.871,11.442,12.7568,0,0,0,0,0,0,0,0,0,0,0,0
1.0,1.0,3,5.2590133683401294,1.0986122886681098,2.4503304013914105,0.154,1011.7119999999999,190,5544.0,1.3299999999999998,0.47,-0.09840000000000002,4.5120000000000005,268.506125,-30.6048056,8.77971129020447,16.4732,15.01963999999999,10.822476,1,1,0,1,1,1,0,1,1,0,0,0
1.0,3.0,7,3.4830845411343394,0.1705863005755337,1.5171106504236422,0.13,1319.6,190,5385.0,0.952,0.86,-0.05,4.319999999999999,124.6010091,-12.6364246,2.607057908628136,5.96004,4.165,5.75392,1,0,0,0,0,1,0,0,1,0,0,0
1.0,1.0,8,1.5715977179262963,2.4702598581806505,0.7362066700203923,0.0,861.2,147,3643.0,0.5,0.5,-0.12,4.77,91.0899861,-55.3115376,3.428890366678904,12.167,7.993,11.2362,0,0,1,0,0,0,0,0,0,0,0,0
1.0,1.0,7,9.741027444837728,2.6390573296152584,2.50246873781294,0.53,829.1119999999999,190,5729.54,1.43,1.05,0.125,4.14,337.7069969,40.7222277,4.181327744369815,8.17,6.609,8.01189,1,0,0,0,0,0,0,0,0,0,0,0
1.0,3.0,7,1.547136886236721,0.044973365642731154,1.1485009839558453,0.0,891.4,190,5256.0,0.86,0.9,0.06,4.52,100.9561682,-1.0630076,5.080820343545461,11.728,9.806,11.5239,1,0,0,0,0,0,0,0,0,0,0,0
2.0,1.0,7,5.8875197233298,0.7514160886839212,2.7992368216518786,0.8206009999999999,1831.312,190,6090.0,1.9,1.38,0.15,4.02,260.1423366,-19.334365,3.886360522665713,6.5,5.149,6.3623,1,0,0,0,0,0,0,0,0,0,0,0
1.0,2.0,7,6.9930151229329605,1.656559835970328,2.2585921869406493,0.28,1397.592,190,4425.0,0.67,0.68,0.02,4.63,188.3864277,-10.1462141,4.185728864023919,11.592,8.637,11.174,1,0,1,0,0,0,0,0,0,0,0,0
1.0,6.0,8,2.5916995890371286,0.04576655003278254,0.7556523859113424,0.141982,992.512,190,2953.0,0.1505,0.09,-0.24596,5.201500000000001,346.6263919,-5.0434618,3.896194494567999,17.02,10.296,15.6451,0,0,0,1,0,0,0,1,0,1,0,0
1.0,1.0,7,2.8072316656833207,0.06503839617922222,1.285600798443329,0.1026,250.0,177,3158.0,0.18,0.17,0.07,4.93,306.5242477,58.5753044,2.359287680738841,13.993,8.095,12.3653,1,0,0,1,0,0,0,0,0,0,0,0
1.0,3.0,7,2.789333984476448,0.10526051065749295,2.0078295286532115,0.511,1404.0,190,5251.4,1.084,0.79,-0.022399999999999996,4.44,254.4706516,47.3678558,2.9413394437234452,7.83,5.458,7.50548,1,0,0,0,1,1,0,1,1,0,0,0
1.0,1.0,8,1.6674507877844826,0.050341341424072907,2.7162167637686037,0.176,1277.0,40,5715.0,1.11,0.99,0.02,4.35,207.9076746,-23.7812403,6.157313675333405,13.172,11.416,12.9353,0,0,0,0,0,0,0,0,0,0,0,0
1.0,1.0,7,2.6712893932328634,0.09011488944226027,1.4434638603122467,0.49,563.4,190,5045.6,1.8419999999999999,0.62,0.11399999999999999,4.166,184.8472095,28.3827126,3.214221007998179,10.62,6.796,9.87021,1,0,0,0,1,1,0,1,1,0,0,0
1.0,1.0,7,4.547541073151455,0.3987761199573678,1.6845975168347356,0.06,910.2,190,4847.0,10.3,1.44,-0.03,2.57,224.201685,74.9009379,5.097130982585869,6.83295,4.515,6.55896,1,0,0,0,0,0,0,0,0,0,0,0
1.0,5.0,7,1.6700248864830434,0.04573789167385374,2.477810180127105,0.2,877.8,112,4956.0,1.116,0.77,-0.31,4.47,88.5172191,-60.0237289,2.634496946858927,7.17,4.793,6.84367,1,0,0,0,0,1,0,0,0,0,0,0
1.0,1.0,7,7.068172000388042,1.1957389993988325,2.546119884986331,0.123,787.912,79,5620.0,1.356,1.19,0.29,4.05,353.2293802,63.1556146,4.040477783824773,7.457,5.781,7.28128,1,0,0,0,0,1,0,0,0,0,0,0
2.0,1.0,7,2.954979026670563,0.1310282624064041,2.1497701456728535,0.01,974.9119999999999,190,5751.0,1.48,1.21,0.05,4.18,307.0792427,18.7692509,3.655014970716735,6.87591,5.256,6.72911,1,0,0,0,0,0,0,0,0,0,0,0
1.0,2.0,7,5.848517537788049,0.636576829071551,2.3013560682328906,0.52,1275.0,190,4962.0,2.854,0.78,0.1,4.37,16.5094891,-22.4536134,3.9627655481798536,10.16,7.669,9.80235,1,0,0,0,0,1,0,0,0,0,0,0
1.0,2.0,7,6.929714001801567,1.4429109615387867,1.863633953437213,0.097,1011.6,190,4967.4,4.442,2.6,0.0792,3.8939999999999997,144.2715659,76.78236720799998,5.5988885168100175,4.26489,1.5122200000000001,3.80122,1,0,0,0,1,1,0,1,1,0,0,0
3.0,1.0,7,6.683986532274009,0.9783261227936076,1.811789957903446,0.68,628.6,190,5750.0,1.13,1.08,0.06,4.36,295.4656422,50.5168243,3.0973723770531856,6.215,4.651,6.06428,1,0,0,0,0,0,0,0,0,0,0,0
2.0,6.0,8,1.959881831797084,0.06175339627548214,0.5993858007454709,0.092,1004.0,190,5495.0,0.92,0.93,0.07,4.273999999999999,287.6979913,42.3385782,5.647434320702328,12.61,10.871,12.4535,0,0,0,0,0,0,0,0,1,0,0,0
1.0,1.0,8,1.736024271547118,0.04210117601863539,1.814824742159051,0.11,582.0,154,3576.0,0.5,0.52,0.099,4.75,130.9002258,63.0780768,4.391523892607984,14.595,10.165,13.6559,0,0,0,0,0,0,0,0,0,0,0,0
1.0,2.0,7,1.984733805369982,0.06765864847381481,2.181602372879494,0.12,1805.6,190,5932.0,1.19,1.28,0.35,4.4,124.5935429,61.4608518,4.124626403978438,8.2,6.743,8.04611,1,0,0,0,0,0,0,0,0,0,0,0
1.0,4.0,7,2.1141364036017167,0.06521922690482276,2.1555210508979856,0.0,1062.2,117,4935.0,0.73,0.77,-0.1,4.4,340.8380941,-6.4020685,3.1178348554123554,8.11,5.775,7.80163,1,0,0,0,0,0,0,0,0,0,0,0
2.0,1.0,7,3.713572066704308,0.20701416938432612,1.8712424453781626,0.088,843.6,51,5790.0,1.1460000000000001,0.99,-0.04,4.44,270.1613723,29.5726698,3.3760163164648964,7.08597,5.482,6.89472,1,0,0,0,0,1,0,0,0,0,0,0
2.0,3.0,8,5.717774133282937,0.6748813717530527,1.7316555451583497,0.044,508.4,190,5857.8,0.94,0.96,-0.0992,4.364,295.2978883,46.9204303,6.933442518718113,15.31,13.535,15.1626,0,0,0,0,1,0,0,1,1,0,0,0
1.0,1.0,8,1.664092750497491,0.05401458830623825,2.598384133547774,0.0,1472.0,190,6058.0,1.41,1.24,0.207,4.23,109.3883818,-19.8289392,5.798492474388493,11.541,10.019,11.3152,0,0,0,0,0,0,0,0,0,0,0,0
1.0,1.0,8,3.6838669122903918,0.1922718876471227,2.1448780969640104,0.0,424.0,190,4927.0,0.8,0.84,0.243,4.55,196.2197201,63.753261,4.285592823832576,10.728,8.332,10.3908,0,0,0,0,0,0,0,0,0,0,0,0
1.0,1.0,7,4.990772665000004,0.4574248470388754,1.2499017362143359,0.24,460.0,51,5861.0,1.54,1.25,0.06,4.16,154.1166869,28.6820708,3.534191546672428,6.46974,4.884,6.30259,0,0,0,0,0,0,0,0,0,0,0,0
1.0,1.0,7,8.420902531097951,1.81319474994812,2.2875414481252223,0.103,1490.2,190,5773.19,1.19,0.88,-0.217,4.23,230.7157509,13.3663117,3.8892455577381577,7.91433,6.359,7.74447,1,0,0,0,0,0,0,0,0,0,0,0
1.0,1.0,2,3.38475921393301,5.564520407322694,1.2460722139288682,0.01402,779.8,111,4840.2,0.9360000000000002,0.868,-0.08339999999999999,4.558,94.8039208,-58.0541184,3.9327565718150526,9.13,6.981,8.8378,1,1,0,1,1,1,1,1,1,0,0,0
1.0,2.0,8,2.1736067480703816,0.06719124954032327,0.6376344706296866,0.11540000000000002,701.0,122,4640.0,0.69,0.73,0.003,4.61,51.7501882,-63.500166,2.851861903134289,8.08,5.375,7.67906,0,0,0,1,0,0,0,0,0,0,0,0
1.0,1.0,3,5.096486509487754,0.8649989918398692,2.701887223850495,0.22400000000000003,1292.1119999999999,190,5536.4,1.284,0.28,-0.09840000000000002,4.5120000000000005,269.755625,-29.1683611,8.58876938990546,16.676,15.01963999999999,10.822476,1,1,1,1,1,1,0,1,1,0,0,0
1.0,1.0,8,1.5920984490573973,0.0453557017207972,2.3957110709835296,0.0,2312.592,190,5000.0,0.82,0.87,0.11599999999999999,4.12,232.5774696,-42.9799461,6.65210015779566,17.02,15.01963999999999,15.989448,0,0,0,0,0,0,0,1,1,0,0,0
1.0,2.0,7,1.7552735464576041,0.0552435817185102,2.161619514186041,0.0,1265.0,40,5978.0,1.1,1.07,-0.04,4.38,338.9837166,-59.864829,3.8936207171993886,7.95,6.419,7.80173,1,0,0,0,0,0,0,0,0,0,0,0
1.0,3.0,7,1.8559729375416807,0.058268908123975775,2.2351101611412223,0.06,1002.6,190,5131.0,0.78,0.65,-0.21,4.46,20.4956562,76.7101475,2.8899383306468103,7.17896,5.159,6.92516,1,0,0,0,0,0,0,0,0,0,0,0
1.0,2.0,7,5.267342562248606,0.5031965966014996,2.1117776273763518,0.06,1272.8,68,5793.0,1.0,1.0,0.09,4.53,23.3350424,29.2649187,3.9386707786165083,8.35,6.851,8.2095,1,0,0,0,0,0,0,0,0,0,0,0
1.0,1.0,3,6.638272417841821,2.1972245773362196,2.4503304013914105,0.22399999999999998,1011.7119999999999,190,5536.4,1.284,0.41,0.0416,4.378,269.315735,-28.2338619,8.716207971151853,16.676,15.01963999999999,10.822476,1,1,0,1,1,1,0,1,1,0,0,0
1.0,6.0,7,8.648396877031582,1.9960599327407849,2.304856611425639,0.032,1071.0,43,5836.0,1.38,1.07,0.14,4.21,79.4207483,7.3527156,3.852075529296815,7.31,5.79,7.14947,1,0,0,0,0,0,0,0,0,0,0,0
1.0,1.0,8,1.5797571235524883,0.04643501202218814,2.7738379416402132,0.33,1312.0,190,5644.0,1.1,0.96,-0.09,4.34,176.628323,-33.8600764,6.374632920217536,13.944,12.046,13.6564,0,0,0,0,0,0,0,1,0,0,0,0
2.0,1.0,8,1.3687129600731391,0.03343477608623739,2.5572273113676265,0.38,675.0,163,3586.0,0.52,0.54,-0.03,4.77,354.337670099,-2.0450945,5.09515412282236,16.19,11.639,14.9816,0,0,0,0,0,0,0,0,0,0,0,0
1.0,1.0,2,5.621382353917192,5.846438775057725,2.40005674872616,0.4335202000000001,2506.0,190,5606.746,1.6480000000000001,0.922,-0.0030000000000000027,3.842,178.7691634,-76.938055405,4.623618956056552,16.957,10.079,14.818,1,1,0,1,1,1,1,1,1,0,0,0
1.0,4.0,7,4.340423084818807,0.2934156042995415,1.5399127627090414,0.12,825.2,190,5390.0,0.95,0.93,0.18,4.46,270.6304652,26.3104077,3.1355637787269934,7.01227,5.113,6.78614,1,0,0,0,0,0,0,0,0,0,0,0
2.0,5.0,7,0.5771982588079475,0.015578029963318415,1.0560526742493137,0.05,1235.6,190,5172.0,0.94,0.91,0.35,4.43,133.1468373,28.3298154,2.609003047500976,5.95084,4.015,5.72973,0,0,0,0,0,0,0,0,0,0,0,0
1.0,1.0,8,1.6710371180129933,0.7698338188843146,2.5021733846867185,0.04,1015.0,190,5700.0,0.91,0.96,-0.02,4.5,165.3993679,-23.8609457,4.891070672357442,10.285,8.792,10.2046,0,0,1,0,0,0,0,0,0,0,0,0
1.0,1.0,7,6.568077911411976,1.0750024230289759,2.297347997393696,0.4,1042.2,190,4970.0,10.09,1.91,-0.21,2.9,28.7347403,-67.6469871,4.233136469047476,4.68,2.59,4.43863,1,0,0,0,0,0,0,0,0,0,0,0
1.0,1.0,7,7.695821653830622,1.4450348561424906,2.296109122728086,0.141,1196.0,190,5737.0,0.92,0.94,-0.12,4.46,64.9392168,-41.9606604,3.9374217101402076,8.26,6.646,8.08478,1,0,0,0,0,0,0,0,0,0,0,0
1.0,1.0,3,5.096486509487754,0.7419373447293773,2.4503304013914105,0.22399999999999998,1011.7119999999999,190,5536.4,1.284,0.86,0.0416,4.378,268.913958,-28.4768472,8.892855620084674,16.676,15.01963999999999,10.863846,1,1,0,1,1,1,0,1,1,0,0,0
2.0,2.0,1,8.625966875581698,1.8484548129046001,2.442733241130567,0.08,1069.6,190,5195.638,1.778,1.562,-0.005399999999999999,4.2780000000000005,238.2337015,12.9120871,6.247690781583214,16.943,15.01963999999999,15.989448,1,0,0,0,1,1,1,1,1,0,0,0
2.0,3.0,7,7.945812915469213,1.6058314168399888,1.9880668087386955,0.115,756.2,190,4966.4,0.9,1.05,-0.072,4.4879999999999995,215.2227183,-17.4818147,4.071087876528406,8.31,6.838,8.1559,1,0,0,0,1,1,0,1,1,0,0,0
2.0,3.0,1,3.784189633918261,0.3176626534253417,1.39203064545297,0.0,1093.9920000000002,190,7826.0000000000055,0.2,0.48,-0.32399999999999995,5.201500000000001,294.6359173,46.0664076,5.984772203246857,12.651,12.955,12.1376,1,0,1,0,0,0,0,1,0,0,0,0
1.0,3.0,7,5.385457901863037,0.3852624007906449,2.0569503649340786,0.55,1949.3920000000003,166,3342.0,0.31,0.29,-0.09,4.294,247.5748276,-12.6676866,1.703444862165027,10.1,5.075,8.79444,1,0,0,0,0,0,0,0,1,0,0,0
1.0,2.0,7,2.9165808352485536,0.07696104113612832,2.540474400045889,0.08,1846.104,167,3028.0,0.9480000000000001,0.27,0.11599999999999999,4.29,264.2610245,-44.3232519,1.7928771776924972,10.94,5.606,9.57025,1,0,0,0,0,1,0,1,1,0,0,0
1.0,2.0,7,6.7493455422344955,1.085189268335969,1.5520876163177117,0.243,643.712,190,4982.0,4.92,1.39,-0.074,3.22,316.6664183,3.8033357,4.298539041857868,6.48605,4.286,6.23723,1,0,0,0,0,0,0,1,0,0,0,0
1.0,1.0,3,6.593347225780623,1.144222799920162,2.450330401391411,0.22400000000000003,1011.7119999999999,190,5536.4,1.2840000000000003,0.46,0.0416,4.378,265.589875,-26.31715,8.859505484519133,16.8172,15.01963999999999,9.770026,1,1,0,1,1,1,0,1,1,0,0,0
1.0,2.0,7,2.2954597680514572,0.046501833651419786,2.508801791476334,0.27,300.0,190,3270.0,0.21,0.18,0.04,4.802,153.7090696,-47.1549358,2.611025218530336,13.68,8.322,12.138,1,0,0,0,0,0,0,1,1,0,0,0
1.0,1.0,8,2.1850899496426957,0.07881118042428978,2.6311691567662523,0.0790242,777.8,190,5972.0,1.24,1.15,0.23,4.31,282.6296334,46.3232807,6.5845082031201505,13.524,12.041,13.4233,0,0,0,1,0,0,0,0,0,0,0,0
1.0,1.0,7,8.68185981297147,2.0412203288596382,2.1194902613318924,0.38,872.2,43,5961.0,0.96,1.17,-0.01,4.5,247.8255687,76.78236720799998,3.376552851249151,7.03,5.565,6.85038,1,0,0,0,0,0,0,0,0,0,0,0
2.0,1.0,8,0.9451859353419525,0.026135473604625828,2.72438276238977,0.0,1689.0,72,5400.0,1.06,1.0,-0.08,4.39,101.1149223,-32.8583878,5.916002581796019,12.704,10.956,12.5257,0,0,0,0,0,0,0,0,0,0,0,0
2.0,4.0,8,3.075510176939197,0.12965012022210298,1.4192454612595764,0.049,634.0,190,5271.0,0.86,0.83,-0.06,4.49,252.426008,-19.5430504,5.066902199549558,12.304,9.821,12.0036,0,0,0,0,0,0,0,0,0,0,0,0
1.0,1.0,7,7.080529445814671,1.2020709970363397,2.313701669510108,0.344,1253.3920000000003,190,4945.800000000001,2.9720000000000004,1.18,0.045,4.114,229.7306046,-1.5922913,3.95959147124701,6.9456,5.599,6.79664,1,0,0,0,1,1,0,1,1,0,0,0
2.0,4.0,8,1.85610306355613,0.05954168270831589,1.211047717997898,0.09,1275.0,190,5847.0,1.26,1.06,0.11,4.502,291.0323102,49.0402129,4.977877915191399,10.077,8.588,9.93355,0,0,0,0,0,0,0,0,1,0,0,0
1.0,2.0,8,2.2468041652784305,0.0390668551639017,0.8616233305318469,0.189,272.0,182,2953.0,0.16,0.12,-0.028,5.13,64.1309096,-28.3157909,3.509447717763797,17.02,11.344,15.8213,0,0,0,1,0,0,0,0,0,0,0,0
1.0,1.0,8,1.624964488873256,0.05458287777029171,2.745474429748209,0.025,1728.0,29,6311.0,1.81,1.35,-0.1,4.05,155.6078632,-76.938055405,5.643019926661721,10.553,9.205,10.3745,0,0,0,0,0,0,0,0,0,0,0,0
1.0,4.0,7,2.9739977814079848,0.13645212313550004,2.522468645652965,0.083,877.0,35,6196.0,1.26,1.21,-0.09999999999999999,4.41,86.7761233,-10.6303217,4.151650742921767,7.98,6.69,7.85032,1,0,0,0,0,0,0,1,0,0,0,0
1.0,2.0,7,8.065139493893481,1.9211782499789523,2.071158311924802,0.179,1831.312,93,4887.0,12.24,2.6,0.1,2.64,269.7566013,-9.7741342,3.8546205618153544,3.8593936,1.5122200000000001,3.80122,1,0,0,0,0,0,0,0,0,0,0,0
1.0,1.0,8,1.2486211171447217,0.030335199796072947,2.9468571057718544,0.2346,1983.5840000000003,190,6933.0,1.53,1.52,-0.014000000000000012,4.168,166.9798793,-61.1462496,7.3954944495928325,14.718,13.117,14.5637,0,0,0,1,0,0,0,1,1,0,0,0
1.0,2.0,7,7.908754738783246,1.556037135706985,2.3463544090629544,0.03,1221.2,92,5329.0,0.91,0.94,0.27,4.39,85.0074276,6.0595116,3.8667410801857978,8.67,6.815,8.46192,1,0,0,0,0,0,0,0,1,0,0,0
1.0,1.0,7,5.882765130184641,0.7419373447293773,2.3244389692038405,0.09,1047.8,110,4538.2,11.4,1.5,0.36,2.4,148.1898673,26.0067142,3.514767109344682,3.86648,1.5122200000000001,3.80122,1,0,0,0,0,0,0,0,0,0,0,0
1.0,2.0,7,5.492238059185343,0.5050087384444258,2.3587889233493256,0.3442,766.4,141,3897.0,0.63,0.65,-0.06,4.64,133.7819507,1.5420011,3.0692893797231884,9.99,6.352,9.2861,1,0,0,1,0,0,0,0,0,0,0,0
1.0,2.0,7,7.395721608602045,1.3164082336557241,2.6643144790862388,0.059,176.0,47,5863.0,1.05,1.02,0.018,4.4,149.1235154,-24.0991859,3.8433800727054823,7.93,6.463,7.7713,1,0,0,0,0,0,0,0,0,0,0,0
1.0,5.0,7,2.3625883453298555,0.076868444256577,2.477810180127105,0.06,877.8,112,4956.0,1.116,0.77,-0.31,4.47,88.5172191,-60.0237289,2.634496946858927,7.17,4.793,6.84367,1,0,0,0,0,1,0,0,0,0,0,0
1.0,1.0,7,6.280395838960195,0.8586616190375187,2.3950731488951136,0.64,889.6,190,4374.0,21.66,1.86,-0.27,2.04,5.3055886,-8.2811442,6.624881627522661,9.19,6.018,8.74943,1,0,0,0,0,0,0,0,0,0,0,0
1.0,1.0,7,7.920277340816967,1.7732559976634952,2.079013440006407,0.078,1063.0,190,5609.276,2.804,2.06,0.03960000000000001,3.9180000000000006,243.2912249,13.2394527,5.433202217834023,8.495,6.145,8.24065,1,0,0,0,1,1,0,1,1,0,0,0
2.0,1.0,7,4.903124319710477,0.3987761199573678,2.4907762406525435,0.511,350.0,71,5540.0,0.9,0.9,0.1,4.7,5.016937917,-76.938055405,2.9207877977824994,6.59,4.859,6.39729,1,0,0,0,0,0,0,0,0,0,0,0
1.0,1.0,8,1.3546274659109578,0.03546366427556904,2.3719245710726584,0.015,970.0,114,4595.0,0.69,0.76,0.35,4.63,111.9164295,24.3361185,4.277185428595936,11.231,8.601,10.9903,0,0,0,0,0,0,0,0,0,0,0,0
1.0,1.0,8,1.538228228490216,0.050407902543845695,2.564487712458339,0.0,1590.0,29,6350.0,1.39,1.38,0.24,4.3,5.016937917,-10.9764226,6.265287904664367,12.044,10.881,12.0911,0,0,0,0,0,0,0,0,0,0,0,0
1.0,1.0,7,1.3397398210795135,0.039220713153281295,2.477810180127105,0.0,1197.592,190,4812.0,0.77,0.42,0.1,4.28,114.8406393,-76.938055405,3.6555656607089992,9.37,6.998,9.05402,1,0,0,0,0,0,0,0,0,0,0,0
1.0,1.0,8,1.5612618596596595,1.1469238849190118,2.564487712458339,0.0,1121.2,190,5750.0,0.8,0.67,-0.05,4.5,195.3597581,-27.5222273,5.3585466160975095,11.875,10.174,11.6885,0,0,1,0,0,0,0,0,0,0,0,0
1.0,1.0,8,1.19737839895037,0.03285433687094718,2.600019456888505,0.0,1480.0,69,5600.0,1.01,0.93,-0.07,4.4,133.3242982,8.5230171,5.615690514046327,11.869,10.346,11.7509,0,0,0,0,0,0,0,0,0,0,0,0
1.0,1.0,7,6.17690623123818,0.7884573603642702,1.9095723824533757,0.07,694.2,110,4323.0,21.4,1.1,-0.323,1.78,120.5662825,2.3350265,4.236291073210452,4.37821,1.5122200000000001,3.97926,1,0,0,0,0,0,0,0,0,0,0,0
1.0,1.0,8,3.4042032594815175,0.14193349588866652,2.492957487977711,0.044,378.0,190,3926.0,0.61,0.63,0.28,4.67,299.4268472,40.1433462,4.863202002016521,14.88,10.509,13.5553,0,0,0,0,0,0,0,0,0,0,0,0
1.0,1.0,7,6.83238497195736,1.1052568313867783,2.688135391276426,0.42,2312.592,93,4891.0,4.53,1.28,-0.01,3.09,230.1724206,-25.9910525,4.414851940738303,7.11,4.738,6.82953,1,0,0,0,0,0,0,0,0,0,0,0
1.0,1.0,2,2.948779797946329,5.846438775057725,1.3671277983891066,0.06820000000000001,2369.0,190,4881.0,1.0419999999999998,0.932,-1.1102230246251566e-17,4.425999999999999,59.7911026,20.1599759,4.774364286874545,10.9616,12.533,15.989448,1,1,0,1,1,1,1,1,1,0,0,0
2.0,1.0,7,7.359346688866427,1.545645779346321,1.9570725817356187,0.149,1073.4,61,5075.0,13.84,2.6,-0.16,2.58,127.5649503,60.7177048,4.023830892049687,3.8593936,1.5122200000000001,3.80122,1,0,0,0,0,0,0,0,0,0,0,0
1.0,1.0,7,5.7011122461003225,0.6259384308664953,2.7142480779543505,0.57,2312.592,117,4875.0,0.85,0.65,0.17,4.52,219.2702793,-25.8031728,3.301553826333558,8.2411,5.133,7.97745,1,0,0,0,0,0,0,0,0,0,0,0
1.0,5.0,7,1.1562520681145243,0.39847154724374556,2.0040955745181703,0.1572,1111.6,42,5391.0,1.21,1.08,-0.1624,4.138,261.3495847,52.7904721,3.3339815018185086,6.47915,4.965,6.30694,1,0,1,1,1,0,0,1,1,0,0,0
1.0,3.0,7,2.518985963440863,0.04449523988655121,2.447682156535428,0.04,209.0,190,3034.0,0.1505,0.1,-0.11,5.19,43.2691449,16.8649024,1.703444862165027,15.13,7.585,12.2746,1,0,0,0,0,0,0,0,0,0,0,0
1.0,1.0,8,1.7123858952734992,0.05718341352745382,2.8209621329128707,0.0,1496.0,45,5890.0,1.61,1.32,0.1,4.2,224.8728589,46.9600996,6.0779999775196725,11.761,10.311,11.6041,0,0,0,0,0,0,0,0,0,0,0,0
1.0,3.0,8,3.835018864963255,0.21591750622247016,1.210451770423645,0.13,578.0,190,5708.0,1.06,0.91,-0.15,4.428,285.679298,50.2414842,5.228463410148145,11.043,9.496,10.9191,0,0,0,0,0,0,0,0,1,0,0,0
1.0,3.0,7,6.698514632836919,1.0834986508580615,2.4705068916023762,0.081,1069.8,93,5025.4,4.17,1.52,0.06,3.38,76.8980559,-13.9863374,4.807090100850674,7.96,5.792,7.71274,1,0,0,0,0,0,0,0,0,0,0,0
1.0,1.0,8,1.522117993304785,0.039220713153281295,2.68614536571416,0.041,725.0,151,3794.0,0.63,0.61,0.41392000000000007,4.64,90.4747237,-13.461371,5.247081965221493,15.163,11.368,14.5001,0,0,0,0,0,0,0,0,0,0,0,0
2.0,1.0,7,7.458186157340487,1.2669476034873244,2.204253576847704,0.37,1157.6,190,5026.0,0.78,0.58,-0.19,4.42,323.0966714,-20.957957,3.391702447100354,8.45,6.357,8.19092,1,0,0,0,0,0,0,0,0,0,0,0
1.0,3.0,7,3.6125112372227863,0.16381808522939495,2.247975348382359,0.07,889.4,190,5390.0,1.5719999999999998,0.48,-0.156,4.401999999999999,173.8619194,-32.5436302,2.3090203422891946,9.81,5.623,8.89138,1,0,0,0,1,1,0,1,1,0,0,0
2.0,1.0,8,2.087491553217969,0.06728474680559636,2.321406847234633,0.023,868.0,86,5350.0,0.93,0.91,0.139,4.45,197.6830975,70.7680117,4.892999747562817,11.038,9.134,10.8041,0,0,0,0,0,0,0,0,0,0,0,0
1.0,1.0,8,0.9328252797132452,0.4011015033760392,1.095273387402595,0.29934019999999995,748.0,190,5539.0,1.11,0.99,0.18,4.34,285.6616933,37.9645672,5.861683256908473,12.996,11.253,12.8694,0,0,1,1,0,0,0,0,0,0,0,0
2.0,1.0,7,6.81783057145415,2.2717449287771836,2.054240127387533,0.15,716.0,102,4775.0,4.74,1.27,0.18,3.19,354.337670099,76.78236720799998,2.7148536715885427,3.8593936,1.5122200000000001,3.80122,1,0,1,0,0,0,0,0,0,0,0,0
1.0,1.0,8,4.137207672248112,0.26236426446749106,2.5730701406173053,0.522,592.0,190,5579.0,1.07,0.93,0.12,4.35,107.4881501,-37.230948,5.304662195482844,11.415,9.632,11.1958,0,0,0,0,0,0,0,0,0,0,0,0
1.0,1.0,8,2.001520539928919,0.05921185963184608,1.2166915767337108,0.0,715.0,190,4722.0,0.72,0.75,0.034,4.59,256.279559,69.519093,4.640064244965412,11.929,9.422,11.6765,0,0,0,0,0,0,0,0,0,0,0,0
1.0,1.0,8,1.509757355227783,0.04238876649178663,2.5733752977756086,0.22,1070.0,104,5150.0,0.8,0.87,0.09,4.57,290.5817432,40.5773106,6.532747598357097,15.362,13.234,15.2218,0,0,0,0,0,0,0,0,0,0,0,0
1.0,1.0,7,4.9441393028078915,0.4252677354043441,2.128683575654689,0.076,1214.8,190,4830.0,9.09,1.01,-0.5,2.53,14.486946,34.9853306,5.394608882865957,7.604,5.221,7.30769,1,0,0,0,0,0,0,0,0,0,0,0
1.0,1.0,7,6.083815808172168,0.8415671856782186,1.9611151119144037,0.032,1171.2,190,4878.0,5.74,1.59,-0.054000000000000006,3.07,187.5826081,21.9480993,5.110432362441127,7.71,5.392,7.45422,1,0,0,0,0,0,0,1,0,0,0,0
1.0,1.0,7,5.064807772984649,0.4662465803680233,2.2807912064468883,0.028,938.2,101,4580.0,10.22,1.13,-0.15,2.1,77.4037569,69.6391355,4.8131188779197585,6.43005,3.911,6.11933,1,0,0,0,0,0,0,0,0,0,0,0
1.0,2.0,7,6.274630185810034,1.0170406349742982,2.071158311924802,0.126,1831.312,93,4887.0,12.24,2.6,0.1,2.64,269.7566013,-9.7741342,3.8546205618153544,3.8593936,1.5122200000000001,3.80122,1,0,0,0,0,0,0,0,0,0,0,0
1.0,1.0,7,8.114491912411284,1.6505798557652755,1.0303194762578864,0.04,831.2,190,5468.0,0.85,0.71,-0.11,4.43,255.6524619,47.0855544,2.959275736543376,6.76,5.003,6.56771,1,0,0,0,0,0,0,0,0,0,0,0
2.0,1.0,8,1.5620307834304725,0.044208254664320365,2.581579537048261,0.0,1119.0,97,5298.0,0.87,0.87,0.27,4.364,87.679561,-27.6233218,5.667554080048915,13.04,11.055,12.8842,0,0,0,0,0,0,0,0,1,0,0,0
1.0,1.0,7,2.9348138585845738,0.10616019582839063,1.5783104008218014,0.5,1112.6,145,4536.0,0.9019999999999999,0.58,0.013000000000000001,4.468000000000001,149.0332672,62.7859505,2.44493498807675,8.99,5.2,8.22861,1,0,0,0,1,1,0,1,1,0,0,0
1.0,2.0,7,1.2411125075253806,0.0344014267173324,1.6702358377125943,0.549,771.6,190,4930.0,1.1059999999999999,0.94,0.08420000000000001,4.459999999999999,161.6779279,-1.6885763,4.04590683593914,9.12,7.29,8.94652,1,0,0,0,1,1,0,1,1,0,0,0
1.0,1.0,3,5.096486509487754,0.7275486072772778,2.4503304013914105,0.22400000000000003,1011.7119999999999,190,5536.4,1.284,0.29,0.0416,4.378,268.9663333,-28.5133611,8.837971491357209,16.676,15.01963999999999,10.863846,1,1,0,1,1,1,0,1,1,0,0,0
1.0,1.0,3,6.52172637929524,1.6448050562713916,2.4503304013914105,0.154,1011.7119999999999,190,5544.0,1.284,0.81,-0.09840000000000002,4.5120000000000005,266.654083,-29.2113609,8.748463629942055,16.4732,15.01963999999999,10.863846,1,1,0,1,1,1,0,1,1,0,0,0
1.0,4.0,8,2.7567859510928048,0.11900895058218873,1.3617454881984778,0.1,955.0,190,5854.0,1.45,1.24,0.321,4.497999999999999,297.028162,48.2086019,6.267194855925539,12.543,11.06,12.4627,0,0,0,0,0,0,0,0,1,0,0,0
3.0,1.0,8,0.8787718178389692,0.020194707285519278,2.4336133554004498,0.0,174.56,190,4710.0,0.1505,0.52,-0.13999999999999999,5.201500000000001,284.415675,53.5090244,3.2478869043214673,17.02,15.01963999999999,15.989448,0,0,0,0,0,0,0,1,0,0,0,0
1.0,1.0,8,1.7469309000684738,0.05126329393754153,1.3056264580524357,0.04,969.0,190,5170.0,0.79,0.86,0.12,4.61,130.180046,10.9829509,5.048765669457524,11.833,9.913,11.7202,0,0,0,0,0,0,0,0,0,0,0,0
1.0,1.0,8,2.1882494208459353,0.0673782353299481,2.270784780444248,0.1,670.0,126,4650.0,0.61,0.72,-0.15,4.72,349.6229547,24.889277,4.761626776586992,12.659,9.723,12.3142,0,0,0,0,0,0,0,0,0,0,0,0
1.0,4.0,8,3.031373028604969,0.16542043655474026,1.7227665977411035,0.051,801.4,190,4831.2,1.72,1.12,-0.21000000000000002,4.488,298.3183909,47.2794824,7.528713414300646,15.69,13.633,15.3951,0,0,1,0,1,0,0,1,1,0,0,0
1.0,1.0,7,1.5371037507633485,0.02566774674857779,2.1555210508979856,0.04,904.912,175,3236.0,0.19,0.18,-0.04,5.09,333.4324675,-17.6870623,2.420590326184951,14.01,8.115,12.0807,1,0,0,0,0,0,0,0,0,0,0,0
2.0,3.0,1,7.2868764117507,0.593024093266078,1.5472594654791527,0.29,1093.9920000000002,190,7826.0000000000055,0.2,0.48,-0.32399999999999995,5.201500000000001,294.6359173,46.0664076,5.984772203246857,12.651,12.955,12.1376,1,0,1,0,0,0,0,1,0,0,0,0
1.0,1.0,7,1.478812009070439,0.039220713153281295,1.8334514402015116,0.0,2312.592,190,5000.0,0.84,0.47,0.05,4.26,237.4054997,-49.9639199,3.8351182027106083,9.36,7.171,9.09159,1,0,0,0,0,0,0,0,0,0,0,0
1.0,1.0,8,1.4873290789909948,0.04430392555652441,2.670694414558441,0.0,1285.0,76,5540.0,1.05,1.06,0.14,4.42,5.016937917,-47.3606352,5.867781641395405,12.569,10.914,12.3833,0,0,0,0,0,0,0,0,0,0,0,0
1.0,1.0,7,6.77078942390898,1.0402767116551463,1.615238190805276,0.08,940.2,93,4806.0,4.1,1.07,0.05,3.31,354.337670099,-70.9032461,4.523458920379008,7.47,5.127,7.18755,1,0,0,0,0,0,0,0,0,0,0,0
2.0,1.0,3,5.2590133683401294,0.5318040301511824,2.4503304013914105,0.22399999999999998,1011.7119999999999,190,5544.0,1.284,0.11,-0.09840000000000002,4.5120000000000005,268.031208,-29.8461111,6.815639990074331,16.4732,14.586911999999993,10.822476,1,1,0,1,1,1,0,1,1,0,0,0
1.0,1.0,8,4.598129256718653,0.34217025773585064,2.43378877860939,0.294,500.0,190,5455.0,0.91,0.94,-0.03,4.3,173.714867,-24.6054801,5.47803971499139,12.537,10.501,12.1755,0,0,0,0,0,0,0,0,0,0,0,0
1.0,2.0,8,1.0198385616091006,0.030422506811247068,1.2809338454620642,0.0,2008.0,190,6237.0,1.65,1.25,-0.136,4.1,245.9079242,54.6900774,5.260869880298248,9.765,8.531,9.64482,0,0,0,0,0,0,0,0,0,0,0,0
1.0,2.0,8,2.3265799011999486,0.08617769624105233,2.783635963635204,0.59,1314.8,190,5821.0,1.326,1.14,0.022000000000000002,4.246,97.7204249,0.2268931,6.73940881410076,14.63,12.513,14.4686,1,0,0,0,1,1,0,1,1,0,0,0
1.0,2.0,7,6.23804020959727,0.8973117652763523,1.5888713622604937,0.701,804.6,110,4504.0,11.79,1.54,0.03,2.48,231.2323227,58.9661403,3.475943626267148,3.8593936,1.5122200000000001,3.80122,1,0,0,0,0,0,0,0,0,0,0,0
1.0,2.0,8,0.6556133677898253,0.015578029963318415,0.8462973600536201,0.2464566,940.0,152,3600.0,0.41,0.41,-0.28,4.98,311.2697002,44.5002351,2.568366588992489,10.79,6.533,9.82461,0,0,0,1,0,0,0,0,0,0,0,0
1.0,2.0,8,1.8104830832261576,0.054488185284069734,1.547562508716013,0.0,1070.0,104,4950.0,0.86,0.91,0.3,4.55,101.922543,-3.7192892,6.384443695705346,15.383,12.924,15.1801,0,0,0,0,0,0,0,0,0,0,0,0
1.0,1.0,3,6.44510461767821,1.5040773967762742,2.6560295180851496,0.25939999999999996,1846.104,190,5200.0,0.97,0.78,0.029999999999999992,4.084,269.2416667,-30.0930556,8.434028950155469,17.02,15.01963999999999,6.9298839999999995,1,1,0,1,0,1,0,1,1,0,0,0
1.0,2.0,3,6.403247795774632,0.11332868530700317,2.701887223850495,0.22399999999999998,1208.9119999999998,190,5604.4,1.284,0.26,-0.0064,4.46,271.915,-28.4852222,6.68586094706836,15.488,11.962383999999993,10.366859999999999,1,1,0,1,1,1,0,1,1,0,0,0
1.0,2.0,8,4.280990090496109,0.2841502676565247,1.8562979903656263,0.171,994.2,190,5654.6,1.06,1.15,0.148,4.44,295.8092756,40.0084866,7.702641927111311,15.794,14.187,15.6036,0,0,1,1,1,0,0,1,0,0,0,0
1.0,1.0,7,7.917536353943631,1.8164520818184267,2.1286835756546885,0.65,1214.8,87,4815.0,12.4,2.4,-0.1,2.61,34.293348,23.7676546,4.963012448345497,6.53329,4.097,6.23751,1,0,0,0,0,0,0,0,0,0,0,0
1.0,2.0,7,9.806192333644702,2.716745619469434,1.6219759857788136,0.138,1077.4,190,4614.0,1.448,1.14,-0.001999999999999999,3.636,252.0080127,-15.964345,3.797738343320897,7.43,6.099,7.28278,1,0,0,0,1,1,0,1,1,0,0,0
2.0,2.0,7,6.009304465236313,0.3215074151506523,1.6377131352649592,0.498,977.8,190,4995.0,4.06,1.32,-0.07,3.35,293.2822344,48.2859173,6.744086276639337,12.398,10.121,12.1822,1,0,1,0,0,0,0,0,0,0,0,0
1.0,1.0,8,2.2145960819122643,0.06868615778844692,2.312535423847214,0.105,919.0,105,5300.0,0.92,0.96,0.36,4.55,198.3885831,62.3053799,4.705531225063656,10.92,8.911,10.692,0,0,0,0,0,0,0,0,0,0,0,0
1.0,2.0,8,3.062495427734505,0.1458304482115395,2.227969299613256,0.0,890.0,190,6237.0,1.65,1.25,-0.136,4.1,245.9079242,54.6900774,5.260869880298248,9.765,8.531,9.64482,0,0,0,0,0,0,0,0,0,0,0,0
1.0,1.0,8,1.209145701791827,0.03433379157988651,2.622274424080806,0.028,1413.0,190,5587.0,0.96,1.03,0.268,4.48,60.9482779,-19.0568182,5.6365202475970335,12.333,10.707,12.1816,0,0,0,0,0,0,0,0,0,0,0,0
1.0,1.0,7,7.07326971745971,1.1631508098056809,2.0699015218730294,0.12,1193.0,79,5577.0,1.67,1.03,0.39,4.03,22.5043352,-19.6052945,4.412668587959559,8.4,6.744,8.22923,1,0,0,0,0,0,0,0,0,0,0,0
1.0,1.0,8,1.867080694378336,0.05129179438642553,2.5435685624365862,0.342,624.0,190,3707.0,0.62,0.65,0.41392000000000007,4.65,354.337670099,-53.043156,5.357750690815949,15.548,11.477,14.6601,0,0,0,0,0,0,0,0,0,0,0,0
1.0,2.0,9,2.59009215013154,0.14026025707558648,1.1969481893889715,0.06934,763.6,190,4954.88,0.81,0.9,0.2048,4.6563,293.8241813,42.779648,6.882426188882922,15.864,13.922,15.8658,0,0,1,1,1,0,0,1,1,0,0,0
1.0,1.0,8,0.8921805103611729,0.020439679237456012,2.6613777929037794,0.009,872.0,190,3572.0,0.53,0.56,0.323,4.74,83.8689794,-14.5971909,4.516742169675005,14.268,10.195,13.433,0,0,0,0,0,0,0,0,0,0,0,0
2.0,1.0,8,1.4173299849447762,0.038864880621625165,2.4513498662591573,0.32312019999999997,1153.0,190,5150.0,0.85,0.85,-0.03,4.5,5.2377567,-35.998465,5.357510375860841,11.801,10.294,12.0487,0,0,0,1,0,0,0,0,0,0,0,0
1.0,1.0,7,5.301711599616052,0.5394130806179033,2.081679740268316,0.047,989.2,87,4738.0,11.12,1.22,-0.32,2.42,181.3157854,76.78236720799998,4.62080728676749,5.79389,3.274,5.49698,1,0,0,0,0,0,0,0,0,0,0,0
2.0,1.0,8,1.1046020143919117,0.0309558841204451,2.637627736805664,0.0,1488.0,190,5609.0,0.95,1.02,0.148,4.49,271.3241672,-34.107171,5.38537999222443,11.635,9.914,11.8314,0,0,0,0,0,0,0,0,0,0,0,0
1.0,1.0,8,3.039522338990685,0.13636487452051646,2.1400661634962708,0.35,787.0,190,5500.0,1.28,1.03,0.33,4.21,291.5953596,-22.2477071,5.972630800295484,12.524,10.765,12.3604,0,0,0,0,0,0,0,0,0,0,0,0
1.0,1.0,8,2.783087479412413,0.11395349007584525,2.604170070614818,0.575,974.0,53,5788.0,1.09,1.03,0.14,4.38,22.4458116,-60.7399096,5.7270529382605355,12.144,10.485,11.9371,0,0,0,0,0,0,0,0,0,0,0,0
2.0,1.0,7,6.351548673175804,0.8501509293696101,2.0974656797952798,0.73,1250.8,190,5790.0,1.13,1.12,0.01,4.38,354.337670099,-5.9862379,3.7648817024217527,7.68,6.173,7.51889,1,0,0,0,0,0,0,0,0,0,0,0
2.0,1.0,8,1.3769105606580707,0.03692962908491008,2.6263338714822204,0.131,1171.0,190,5473.0,0.74,0.81,-0.49,4.61,58.4290113,-34.3282716,5.644534821050425,13.252,11.284,12.8678,0,0,0,1,0,0,0,0,0,0,0,0
1.0,1.0,7,6.333279628139691,0.8754687373538999,1.2313549232430818,0.2,773.0,110,4153.0,16.2,1.3,-0.25,2.1,247.8670682,72.6125804,4.980107355727298,6.2893,3.177,5.86642,1,0,0,0,0,0,0,0,0,0,0,0
1.0,1.0,8,1.4837766120869682,0.04745594115629535,2.5558309881246988,0.072,1586.0,190,6250.0,1.34,1.31,0.258,4.3,99.2630608,1.7675497,5.191177490990133,10.112,8.811,10.0579,0,0,0,0,0,0,0,0,0,0,0,0
1.0,1.0,8,1.71081646057185,0.053540766928029816,2.6606091265020737,0.0,1312.0,190,3362.4,1.18,1.08,0.01804000000000001,5.0772,349.0634651,0.3066895,6.118315235943366,12.821,11.187,12.6278,0,0,0,0,1,0,0,1,1,0,0,0
1.0,3.0,8,3.6885118865692625,0.2045721657287744,2.206074192613202,0.06691,891.8,190,5774.0,0.96,1.02,0.05,4.49,285.5739904,38.4008192,6.44453975830794,13.922,12.337,13.7809,0,0,0,0,0,0,0,0,0,0,0,0
1.0,4.0,7,4.8303915770972665,0.28840680976623795,1.7288690870185928,0.055,975.4,190,5192.8,0.3,0.32,-0.0688,4.414,343.3239737,-14.2665958,1.7361005188659324,10.16,5.01,8.8753,1,0,0,0,1,0,0,1,1,0,0,0
1.0,3.0,8,4.116156688729482,0.26236426446749106,2.5877640352277083,0.0111,693.4,190,5498.0,0.95,0.99,0.18,4.77,285.2836483,38.9472625,6.819165566166478,15.726,13.581,15.3761,0,0,0,0,0,0,0,0,0,0,0,0
1.0,1.0,3,6.659522994629947,1.3912819026309298,2.701887223850495,0.22400000000000003,1208.9119999999998,190,5536.4,1.284,0.74,-0.0064,4.46,270.5375417,-29.4148889,8.801017833540714,17.02,15.01963999999999,10.822476,1,1,0,1,1,1,0,1,1,0,0,0
1.0,1.0,8,3.1700440458328822,0.1406311297397456,1.3201545586153456,0.0,529.0,190,5165.0,0.81,0.88,0.124,4.56,197.7312286,61.7448492,4.101508837406119,9.721,7.757,9.5075,0,0,0,0,0,0,0,0,0,0,0,0
1.0,1.0,3,5.2590133683401294,0.48858001481867097,2.6780387662724796,0.154,1069.9119999999998,190,5544.0,1.33,0.12,-0.09840000000000002,4.5120000000000005,268.751125,-32.0165306,8.892855620084674,16.4732,15.01963999999999,10.822476,1,1,0,1,1,1,0,1,1,0,0,0
1.0,1.0,7,2.280441728308356,0.04688358589885042,2.4947355993221136,0.31172019999999995,330.0,190,3129.0,0.27,0.21,-0.17196000000000003,4.97,10.8555443,-41.2952926,2.4185442441616405,13.027,7.71,11.5607,1,0,0,1,0,0,0,1,0,0,0,0
1.0,1.0,7,8.549466751966532,2.135349173618132,0.7476831579054931,0.2,681.0,101,4909.0,8.56,2.07,0.1,2.89,255.3201345,60.6489226,4.6244530703981965,6.1552,3.896,5.89921,1,0,0,0,0,0,0,0,0,0,0,0
1.0,1.0,8,3.88629937151791,0.22234323114344062,1.776645831418007,0.14,513.0,75,5485.0,0.94,0.91,0.0,4.34,47.3841872,-34.1984808,5.114352460194562,11.438,9.563,11.1483,0,0,0,0,0,0,0,0,0,0,0,0
1.0,1.0,8,1.4258948098567956,0.7415520784754316,2.745474429748209,0.0,1229.0,190,5990.0,1.08,1.05,-0.15,4.4,76.0818912,-6.2297801,5.314279294458278,10.939,9.525,10.8531,0,0,1,0,0,0,0,0,0,0,0,0
1.0,1.0,3,5.096486509487754,0.4637340162321401,2.7018872238504956,0.22400000000000003,1188.9119999999998,190,5536.4,1.284,0.09,0.0416,4.377999999999999,270.319366,-28.4619713,8.892855620084674,16.676,15.01963999999999,10.822476,1,1,0,1,1,1,0,1,1,0,0,0
1.0,1.0,7,9.85332303799997,2.874355287387391,1.5568332031424021,0.401,812.8,190,5631.183999999999,8.509899999999998,1.02,-0.0029999999999999914,4.358,190.7462412,-4.0501059,3.8305048765224723,7.83,6.2,7.66105,1,0,0,0,1,1,0,1,1,0,0,0
1.0,1.0,3,6.659522994629947,2.4159137783010487,2.701887223850495,0.22400000000000003,1208.9119999999998,190,5536.4,1.284,0.49,-0.0064,4.46,270.442963,-29.108778,8.575650760987806,17.02,15.01963999999999,10.822476,1,1,0,1,1,1,0,1,1,0,0,0
1.0,2.0,8,4.841288638043855,0.40466478793739524,2.237833215764349,0.39,388.0,51,5820.0,0.95,1.05,-0.01,4.5,299.1224639,41.8667953,5.7311317178780214,12.444,10.915,12.379,0,0,0,0,0,0,0,0,0,0,0,0
1.0,2.0,7,2.2029636329624656,0.05116828657439943,1.422831627457124,0.1026,387.0,174,3326.0,0.3,0.3,0.1,4.85,326.6719598,66.803848,2.8337426157319547,13.078,7.986,11.7617,1,0,0,1,0,0,0,0,0,0,0,0
1.0,6.0,8,3.8646965694856883,0.22314355131420976,1.2499017362143359,0.013,804.4,190,5663.0,1.06,0.96,0.13140000000000002,4.37,297.1150949,41.9091092,6.472880927447951,13.817,12.18,13.7062,0,0,0,0,0,0,0,1,0,0,0,0
1.0,1.0,3,6.687787639525121,1.0438040521731147,2.4503304013914105,0.154,1294.912,190,5455.8,1.33,0.91,-0.12840000000000001,4.264,265.4035,-34.70175,8.759511722116487,15.740200000000002,14.586911999999993,10.620735999999999,1,1,0,1,1,1,0,1,1,0,0,0
2.0,1.0,8,1.4654382033964783,1.989259020041715,3.02061998906177,0.0,1465.2,190,6003.0,1.78,2.06,0.05,4.17,117.4149764,-52.1204471,5.785924515648245,11.39,9.854,11.0694,0,0,1,0,0,0,0,0,0,0,0,0
1.0,1.0,2,1.570347773553855,5.846438775057725,2.677552103272077,0.09519999999999999,1438.2,13,5673.6,1.3940000000000001,1.19,0.04820000000000001,4.228,152.6991091,-24.4532674,3.7113476432884394,15.689,15.01963999999999,15.212,1,1,0,1,1,1,0,1,1,0,0,0
2.0,3.0,8,1.2853302172418308,0.036139046615873194,2.4957641597887825,0.10735999999999998,1004.6,190,5702.0,0.99,0.97,0.26000000000000006,4.43,117.0267691,50.2251472,5.045184857988883,11.246,9.308,10.9718,0,0,0,1,1,0,0,1,0,0,0,0
1.0,5.0,7,1.4888509494449826,0.39847154724374556,2.0040955745181703,0.1572,748.2,42,5391.0,1.21,1.08,-0.1624,4.138,261.3495847,52.7904721,3.3339815018185086,6.47915,4.965,6.30694,1,0,1,1,1,0,0,1,1,0,0,0
1.0,2.0,7,6.710888450746147,0.40087358418198554,1.3784536282403892,0.0530242,770.4,190,4781.0,0.76,0.81,0.34,4.59,281.1947316,47.4972606,5.262192655829404,13.071,10.594,12.8567,1,0,1,1,0,0,0,0,0,0,0,0
1.0,2.0,7,6.54629748686697,0.765932850285593,2.0432033471587943,0.07,1053.2,190,5120.6,0.86,0.42,0.1366,4.534000000000001,130.2445254,-23.452809,2.7848136918623503,12.4,7.028,10.7539,1,0,0,0,1,1,0,1,1,0,0,0
1.0,1.0,7,1.4849815596450688,0.046788161498758925,1.7730642272086974,0.031,1315.8,190,5392.0,2.2,1.26,-0.066,3.88,152.5319349,18.1857284,4.312305372975176,8.01852,6.199,7.80979,1,0,0,0,0,0,0,1,0,0,0,0
1.0,2.0,7,2.674507205827154,0.10589037525743225,2.4326976663523903,0.305,1084.4,43,5765.0,1.4140000000000001,1.02,0.19,4.38,5.016937917,-8.0536206,3.1967692655577356,6.47933,4.897,6.29454,1,0,0,0,0,1,0,0,0,0,0,0
1.0,1.0,8,2.090101769011714,0.06859279146561172,0.8845936451309004,0.0,923.0,190,5698.0,0.95,0.94,-0.064,4.45,167.2329152,34.3030149,4.14515490667477,8.98,7.381,8.81013,0,0,0,0,0,0,0,0,0,0,0,0
1.0,1.0,3,5.096486509487754,0.5481214085096876,2.4503304013914105,0.22399999999999998,1011.7119999999999,190,5536.4,1.284,0.1,0.0416,4.377999999999999,269.662537,-28.0316944,8.892855620084674,16.676,15.01963999999999,10.863846,1,1,0,1,1,1,0,1,1,0,0,0
1.0,1.0,7,2.721755848158322,0.08525984395082342,1.863378718314166,0.31,698.0,156,3526.0,0.44,0.47,-0.09,4.8020000000000005,78.9471415,-31.2948458,3.203518502547159,12.062,7.733,11.1029,1,0,0,0,0,0,0,0,1,0,0,0
1.0,1.0,8,4.050023222963959,0.2685757027120443,2.586635579211777,0.7471,605.0,16,6096.0,1.29,1.23,0.14,4.26,105.4045516,72.4149297,5.770294048045386,11.441,10.245,11.4122,0,0,0,0,0,0,0,0,0,0,0,0
1.0,1.0,8,2.4734664596454445,1.9402522283323003,2.5558309881246988,0.19,1383.8,190,5568.0,1.07,1.0,0.22,4.38,66.248142,39.460602,5.265360196389929,12.41,9.641,11.7232,0,0,1,0,0,0,0,0,0,0,0,0
1.0,6.0,7,7.696667081526462,1.4350845252893227,1.5562951202497588,0.055600000000000004,174.56,89,5348.0,0.94,0.81,-0.15,4.3,302.0256247,66.8503014,4.00019687313021,8.97,7.18,8.77476,1,0,0,1,0,0,0,0,0,0,0,0
1.0,1.0,8,1.2653058339858019,0.036331929247390274,2.5158399115578853,0.0,1429.0,71,5621.0,1.23,1.05,0.37,4.2,200.6348641,-44.6888393,6.619519720051637,13.937,12.17,13.7762,0,0,0,0,0,0,0,0,0,0,0,0
2.0,1.0,8,4.5671843324817045,0.33797111274494884,2.561018565086703,0.133,420.0,190,5625.0,0.96,0.96,-0.01,4.54,280.7866461,6.2040783,6.0258176634796445,13.637,11.688,13.5008,0,0,0,0,0,0,0,0,0,0,0,0
1.0,2.0,7,5.321496639495442,0.29042829811980614,2.32632007655243,0.44,1206.6,178,3081.0,0.1505,0.12,-0.07,4.9,130.3316616,59.4918364,2.350076318669929,15.18,8.668,13.1117,1,0,0,0,0,0,0,0,1,0,0,0
2.0,1.0,7,7.52609498741067,1.4060969884160703,2.452679019504729,0.161,1118.8,190,5614.908,2.952,1.11,0.0946,4.336,340.0832062,31.7875183,4.628574163767108,8.06,6.64,7.91589,1,0,0,0,1,1,0,1,1,0,0,0
1.0,1.0,8,1.589540689063853,0.04926624130291806,2.8583075976423187,0.0,1596.0,190,5760.0,1.67,1.12,0.085,4.05,165.3158231,-72.3567044,5.968492703145698,12.252,10.243,12.0336,0,0,0,0,0,0,0,0,0,0,0,0
1.0,1.0,3,5.096486509487754,1.360673856864887,2.4503304013914105,0.22399999999999998,1052.312,190,5536.4,1.284,0.31,0.0416,4.378,269.11625,-28.2011111,8.859505484519133,16.676,15.01963999999999,10.822476,1,1,1,1,1,1,0,1,1,0,0,0
2.0,1.0,8,4.415676329636323,0.3040966137198755,1.1678273576895826,0.21,417.0,190,5534.0,0.87,0.89,-0.09,4.497999999999999,297.4865503,49.6233975,5.055965511292529,11.27,9.645001,11.1647,0,0,0,0,0,0,0,0,1,0,0,0
2.0,2.0,8,3.979702756483038,0.26313319953036823,2.627129330178393,0.5134,977.8,190,4995.0,4.06,1.32,-0.07,3.35,293.2822344,48.2859173,6.744086276639337,12.398,10.121,12.1822,0,0,0,0,0,0,0,0,0,0,0,0
2.0,3.0,8,2.448739896548302,0.09101003834336352,1.2149127443642704,0.32,916.0,190,5687.0,1.07,1.03,0.32,4.232000000000001,287.4786474,38.2290751,5.446172557016128,11.567,9.968,11.4395,0,0,0,0,0,0,0,0,1,0,0,0
2.0,2.0,7,1.101405051938526,0.0329511001396859,2.1922427495097607,0.0,1279.6,37,6040.0,1.35,1.24,0.23,4.26,313.7882932,-34.135724,5.3456588628570865,10.589,9.188,10.4055,1,0,0,0,0,0,0,0,0,0,0,0
1.0,1.0,7,3.927305628959303,0.22314355131420976,2.1101497378963052,0.31,1557.0,190,5599.0,0.866,0.84,-0.24,4.48,155.9801144,-29.645103,3.1333005071607642,6.92,5.245,6.73951,1,0,0,0,0,1,0,0,0,0,0,0
1.0,2.0,8,3.7840532609835313,0.17544690140719504,1.5040773967762742,0.26412019999999997,1103.0,190,5905.2,1.06,0.85,0.2098,4.32,296.1328135,48.9773095,5.415019818584176,12.259,10.285,11.8286,0,0,1,1,1,0,0,1,0,0,0,0
1.0,1.0,7,5.268888555857225,0.5068176023684519,1.7321317138898664,0.08,1036.824,190,4679.0,9.99,1.04,-0.38,2.49,271.3396528,2.0622774,6.420681988484064,10.247,7.413,9.92369,1,0,0,0,0,0,0,0,0,0,0,0
2.0,4.0,8,2.3613281339822874,0.08625108804322097,0.6825916666204287,0.099,1052.0,190,5847.0,1.26,1.06,0.11,4.502,291.0323102,49.0402129,4.977877915191399,10.077,8.588,9.93355,0,0,0,0,0,0,0,0,1,0,0,0
2.0,2.0,7,7.171933351351238,1.237214138105738,1.13752093677434,0.311,650.6,190,5022.0,2.964,1.14,-0.06595999999999999,4.008,345.7838088,-0.4303594,4.033969805020236,7.78,6.352,7.63573,1,0,0,0,1,1,0,1,1,0,0,0
1.0,3.0,7,4.158101528024852,0.41518134740994367,1.3516507303832814,0.05,748.0,190,5544.0,0.86,0.94,-0.08,4.51,290.4209694,37.8516556,5.3916346527675465,12.035,10.318,11.8763,1,0,1,0,0,0,0,0,0,0,0,0
1.0,1.0,8,1.7813336420110735,0.05582252193356356,1.3190856114264407,0.0,1396.0,190,5875.0,0.88,1.04,-0.106,4.56,353.0620655,-37.2558629,4.610386557037048,9.887,8.426,9.75411,0,0,0,0,0,0,0,0,0,0,0,0
1.0,1.0,7,5.105581771405209,0.4700036292457355,2.3924369496739217,0.61,1473.1040000000003,190,5743.0,1.32,1.18,0.25,4.27,257.520697,-56.4498041,4.159639047546729,8.21,6.612,8.03732,1,0,0,0,0,0,0,0,0,0,0,0
1.0,1.0,7,6.248468257907895,0.9282193027394289,1.5808930964550334,0.08,804.6,190,4213.0,29.79,2.6,-0.02,1.93,229.2745954,71.8239428,4.838826286318839,5.013,1.939,4.56216,1,0,0,0,0,0,0,0,0,0,0,0
1.0,1.0,8,2.8756472152755497,0.11867152971749864,1.5184185140469317,0.0,703.0,190,5642.0,1.01,0.96,0.052,4.41,272.4041179,76.78236720799998,4.722464213210449,10.134,8.535,9.97302,0,0,0,0,0,0,0,0,0,0,0,0
1.0,1.0,7,9.600687288626029,2.4816513570673275,2.572785284829772,0.187,1139.5120000000002,190,5229.6,3.1399999999999997,0.8,-0.11399999999999996,4.468000000000001,275.6642157,-18.0219726,3.711078716987293,9.35,7.04,9.06821,1,0,0,0,1,1,0,1,1,0,0,0
1.0,4.0,8,1.8698001742309183,0.08000408379645993,1.5260563034950494,0.0202,1042.0,190,5502.0,0.8,0.76,0.09999999999999999,4.51,299.2242557,40.343167,6.767891881460579,15.851,13.702,15.7661,0,0,1,1,1,0,0,1,0,0,0,0
1.0,6.0,8,2.6215899449448643,0.0993655818975626,1.362001668550846,0.062,1324.2,190,5356.3,0.86,0.94,0.14,4.54,348.9490311,-10.8497391,5.316083608091981,12.246,10.305,12.0252,0,0,0,0,0,0,0,0,0,0,0,0
1.0,1.0,8,1.0115208357452152,0.026836653953559674,2.7239235502585,0.0,1315.0,111,5000.0,0.79,0.87,0.03,4.58,348.4947931,8.7610793,5.169449369088171,12.192,10.086,11.9537,0,0,0,0,0,0,0,0,0,0,0,0
1.0,2.0,8,0.6988976150737041,0.018036362486098582,1.0473189942805592,0.13,1913.3920000000003,119,4714.0,0.75,0.78,0.18,4.58,217.6091998,-46.159516,4.819555495628402,11.938,9.674,11.7538,0,0,0,0,0,0,0,0,0,0,0,0
1.0,4.0,8,1.9691885216614642,0.09287682876983469,0.598836501088704,0.12660000000000002,1247.2,190,5858.0,1.04,1.0,-0.12,4.41,300.864006,44.3375497,6.098797616002851,12.923,11.431,12.8391,0,0,1,1,0,0,0,0,0,0,0,0
1.0,1.0,3,6.687787639525121,1.3190856114264407,2.6780387662724796,0.154,1314.9119999999998,190,5544.0,1.3299999999999998,0.43,-0.09840000000000002,4.418000000000001,268.4325,-32.5893111,8.892855620084674,16.8172,14.586911999999993,10.822476,1,1,0,1,1,1,0,1,1,0,0,0
1.0,1.0,7,5.429345628954441,0.5653138090500605,2.7330670663483305,0.3,1412.6,190,6064.0,1.38,1.34,0.01,4.28,21.3033807,28.5660169,3.8248603442683704,7.12,5.784,6.98345,1,0,0,0,0,0,0,0,0,0,0,0
1.0,1.0,8,1.312775961288093,0.03833570626557309,2.8342716074273655,0.066,1623.0,190,5870.0,1.28,1.08,-0.36,4.26,304.2079924,3.2939492,5.990226280772565,12.469,10.892,12.3326,0,0,0,0,0,0,0,0,0,0,0,0
1.0,2.0,8,2.428313370347168,0.2907711528363655,1.2669476034873244,0.0,721.4,190,5378.0,0.73,0.76,-0.44,4.6,298.348382,47.4913021,6.725672093775418,15.547,13.657,15.2819,0,0,1,0,0,0,0,0,0,0,0,0
1.0,1.0,3,5.096486509487754,1.308332819650179,2.7018872238504956,0.22400000000000003,1188.9119999999998,190,5536.4,1.284,0.68,0.0416,4.377999999999999,270.0964583,-28.6311389,8.630700432209832,16.676,15.01963999999999,10.822476,1,1,0,1,1,1,0,1,1,0,0,0
1.0,1.0,7,6.710766685144779,1.1314021114911006,1.2825151913631798,0.13,612.712,125,4069.0,38.409499999999994,1.8,-0.2,1.6624999999999999,259.9051092,76.78236720799998,5.651291972673476,5.72291,2.133,5.18609,1,0,0,0,0,0,0,0,0,0,0,0
1.0,4.0,7,7.0967213784947605,1.1505720275988207,1.6238305165789015,0.08,825.2,190,5390.0,0.95,0.93,0.18,4.46,270.6304652,26.3104077,3.1355637787269934,7.01227,5.113,6.78614,1,0,0,0,0,0,0,0,0,0,0,0
1.0,2.0,8,3.0806641482099395,0.13540463700620295,1.574432303235285,0.0,641.0,190,5649.0,0.96,0.94,-0.018,4.45,30.9050061,21.2813274,4.227531312130811,9.2,7.559,9.02543,0,0,0,0,0,0,0,0,0,0,0,0
3.0,1.0,8,1.5361585814777958,0.04858061840672828,2.768204123921957,0.02,1552.2,190,6096.0,1.44,1.24,0.11,4.25,123.250703,4.7870288,6.230412547567135,12.389,11.03,12.2802,0,0,0,0,0,0,0,0,1,0,0,0
1.0,2.0,7,9.752850369975505,2.6520440643124705,2.445987142667029,0.071,1295.4,190,5641.6,1.5939999999999999,1.03,-0.016600000000000004,4.106,260.5364025,-75.349239,3.3520421508640097,7.0,5.459,6.8406,1,0,0,0,1,1,0,1,1,0,0,0
1.0,1.0,3,6.593347225780623,1.1474024528375417,2.4503304013914105,0.31815999999999994,1011.7119999999999,190,5290.8,1.2840000000000003,0.48,0.0416,4.378,265.743417,-25.5739167,8.71948076085107,16.8172,15.01963999999999,9.770026,1,1,0,1,1,1,0,1,1,0,0,0
1.0,1.0,3,6.609433931338262,1.2892326482767593,2.701887223850495,0.22399999999999998,1208.912,190,5411.6,1.284,0.51,-0.0064,4.46,273.48225,-28.4473889,8.734077192559303,17.02,15.01963999999999,9.611478,1,1,0,1,1,1,0,1,1,0,0,0
1.0,1.0,7,5.7777451981666115,0.7691818668359429,1.3024197681925276,0.208,612.712,76,4683.0,13.5,2.0,-0.22,2.48,280.9005676,36.556857,4.89173163077117,6.04188,3.814,5.75681,1,0,0,0,0,0,0,0,0,0,0,0
1.0,1.0,8,0.5771982588079475,0.015578029963318415,0.9895411936137477,0.0,2223.0,190,5120.0,0.76,0.8,-0.04,4.124,182.751404,-9.7652392,5.0337591972302915,12.129,10.051,11.8999,0,0,0,0,0,0,0,0,1,0,0,0
1.0,4.0,8,2.673079112158158,0.11064652008706366,1.4973884086254776,0.015,1129.8,190,6174.0,1.3,1.17,-0.073,4.27,300.5171067,44.3815508,6.92924276062356,14.036,12.606,13.8825,0,0,0,0,0,0,0,0,0,0,0,0
1.0,1.0,7,4.424451344160083,0.3285840637722067,2.589229386820774,0.389,1235.0,42,6060.0,1.392,1.15,0.04,4.24,82.8886636,64.3183753,4.280025746918623,7.74,6.319,7.59606,1,0,0,0,0,1,0,0,0,0,0,0
1.0,1.0,3,8.45553053102413,1.6409365794934714,2.4503304013914105,0.22399999999999998,1011.7119999999999,190,5263.2,1.284,0.58,0.0416,4.377999999999999,269.8798333,-27.6074722,8.556606193773073,17.02,15.01963999999999,10.108464000000001,1,0,0,1,1,1,0,1,1,0,0,0
1.0,1.0,3,6.5161358214801925,1.534714366238164,2.4503304013914105,0.48228019999999994,1011.7119999999999,190,5528.0,1.284,0.64,0.0416,4.378,266.212542,-23.2013806,8.493105395887147,17.02,15.01963999999999,9.770026000000001,1,1,0,1,1,1,0,1,1,0,0,0
1.0,1.0,3,7.955684663998076,1.0224509277025458,2.701887223850495,0.32815999999999995,1236.312,190,5397.2,1.1219999999999999,0.41,-0.004400000000000001,4.452,274.322125,-25.3239389,8.352554369474591,17.02,13.401111999999992,8.126846,1,1,0,1,1,1,0,1,1,0,0,0
1.0,2.0,8,3.5702515366454097,0.33723352290337444,2.4069451083182885,0.0046,588.0,190,5774.0,0.75,0.77,0.088,4.31,73.9800129,-63.2603301,5.187078496056107,12.324,10.218,12.1631,0,0,1,0,1,0,0,1,1,0,0,0
2.0,4.0,8,1.5567137000346618,0.049922855765365606,0.9969486348916096,0.25,1486.0,190,6182.0,1.52,1.28,0.023,4.18,297.3330716,41.8911186,6.1697195131855,12.314,10.926,12.1882,0,0,0,0,0,0,0,0,0,0,0,0
1.0,1.0,7,2.385620241922758,0.048409139207687545,2.6321414774367966,0.116,301.0,170,3192.0,0.2,0.17,-0.02,4.26,176.9376036,0.7992898,1.703444862165027,11.12,5.654,9.59067,1,0,0,0,0,0,0,0,1,0,0,0
1.0,2.0,8,3.1011120390265385,0.14375396364469614,1.2947271675944,0.098,859.0,190,5950.0,1.39,1.09,-0.02,4.232000000000001,290.3926795,40.2849074,6.165125794779487,12.398,11.001,12.2955,0,0,0,0,0,0,0,0,1,0,0,0
1.0,1.0,8,1.4382841628898493,0.04459088332787514,1.6098378324554272,0.0,1650.0,190,5857.0,1.49,1.22,0.17,4.17,285.6154492,50.1357712,6.1921906955780415,12.285,10.805,12.1577,0,0,0,0,0,0,0,0,0,0,0,0
1.0,2.0,8,2.447639959621052,0.09157594348720946,1.2499017362143359,0.086,949.0,190,5705.0,1.14,1.05,0.235,4.052,240.0333095,-23.1894196,5.266258942854148,11.344,9.47,11.184,0,0,0,0,0,0,0,0,1,0,0,0
1.0,1.0,8,1.4706486068943414,0.045928931888399804,2.8735646395797834,0.1,1500.0,29,6250.0,1.15,1.2,-0.5,4.4,293.9850284,36.2962939,7.760897456600362,16.644,15.01963999999999,15.989448,0,0,0,0,0,0,0,0,0,0,0,0
1.0,1.0,2,8.111478716983859,4.7535901911063645,2.3571156618513465,0.24420000000000003,1981.5840000000003,104,4749.0,1.19,1.1,0.10599999999999998,4.066,171.9802779,-66.4345736,4.704164480192293,10.885,8.358,10.5352,1,1,0,1,0,0,0,1,1,0,0,0
1.0,5.0,8,1.9317011056022075,0.04879016416943201,1.1631508098056809,0.0688,653.4,190,3900.0,0.53,0.58,0.0,4.64,297.8423073,46.5743595,5.783354302252344,16.36,12.757,15.8123,0,0,0,1,0,0,0,0,0,0,0,0
1.0,1.0,7,6.207382053330452,0.9162907318741551,2.2524902100414304,0.27,1080.2,93,4348.0,27.0,1.7,-0.17,1.9,114.6201698,66.2350517,5.756409712279071,6.94657,3.926,6.53238,1,0,0,0,0,0,0,0,0,0,0,0
1.0,3.0,7,3.5823724481538637,0.19144646457095518,2.5195209695669014,0.059,1125.8,190,5471.8,1.0959999999999999,1.03,0.0696,4.272,322.0510568,-21.7274194,3.887617601589392,7.99,6.459,7.83246,1,0,0,0,1,1,0,1,1,0,0,0
2.0,6.0,7,3.581850881355413,0.18689441863908868,1.4571054807371426,0.15,524.0,190,5495.0,0.96,0.95,0.07,4.45,287.6979913,42.3385782,5.647434320702328,12.61,10.871,12.4535,1,0,0,0,0,0,0,0,0,0,0,0
2.0,2.0,8,0.5771982588079475,0.015578029963318415,0.8437200390393196,0.0,903.0,190,3358.0,0.38,0.38,0.06,4.85,154.6449033,-11.717801,3.134685193106247,13.14,8.204001,11.8465,0,0,0,0,0,0,0,0,0,0,0,0
1.0,4.0,8,2.1041341542702074,0.21016516376249514,1.2750834317838888,0.020142,612.712,190,4095.6,0.62,0.61,-0.1436,4.468000000000001,292.2945208,40.5918123,5.743714473247547,15.655,12.383,15.2293,0,0,1,1,0,0,0,1,1,0,0,0
1.0,1.0,7,6.244166900663736,0.8064758658669485,2.32632007655243,0.41,1127.4,190,4725.0,7.43,0.96,-0.45,2.76,167.5966158,43.9189897,5.984142808477246,8.57,6.015,8.27377,1,0,0,0,0,0,0,0,0,0,0,0
1.0,3.0,8,3.070090253738815,0.1362776182925478,1.27592130363852,0.0,622.0,190,5634.0,0.92,0.99,0.079,4.51,117.4793699,27.3631342,3.152885583828355,6.92035,5.258,6.71831,0,0,0,0,0,0,0,0,0,0,0,0
1.0,2.0,7,5.574844781486336,0.6097655716208943,2.0165026979819487,0.38,996.0,190,5645.0,1.2,1.2,0.36,4.36,31.1423525,25.4135632,3.6596514471535992,7.43,5.861,7.24746,1,0,0,0,0,0,0,0,0,0,0,0
1.0,2.0,9,1.7404661748405046,0.054839037566333536,0.9969486348916096,0.0722,1434.6,190,5733.8,0.95,0.89,0.343384,4.426,297.9615616,48.2443363,6.026976468109342,13.378,11.698,13.321,0,0,1,1,1,0,0,1,1,0,0,0
1.0,1.0,8,1.1435059825584186,1.2431625827048916,2.7877236098240514,0.0,1159.9119999999998,190,5990.0,1.42,0.98,0.39,4.39,304.538843,-1.0760033,5.01207425829051,9.75,8.221,9.5723,0,0,1,0,0,0,0,0,0,0,0,0
2.0,2.0,8,0.663436265199787,0.02003789373650733,2.701294096605202,0.0051,2429.0,190,6432.0,1.32,1.29,0.107,4.31,24.3544618,-45.6777937,4.824169160396744,9.28,8.131,9.16617,0,0,0,0,0,0,0,0,0,0,0,0
1.0,4.0,7,5.559912104236499,0.3455835066505104,1.0049758345932323,0.283,557.2,190,5674.0,1.44,1.25,0.17200000000000001,4.308,288.6887221,41.1511076,5.7194195754356,10.922,9.806,10.9656,1,0,1,0,1,0,0,1,1,0,0,0
1.0,1.0,3,6.609433931338261,1.4996230464268938,2.701887223850495,0.22400000000000003,1188.9119999999998,190,5536.4,1.284,0.9,0.0416,4.378,270.6217083,-28.39625,8.160803920954665,17.02,15.01963999999999,10.822476,1,1,0,1,1,1,0,1,1,0,0,0
1.0,1.0,8,1.0647346332586345,0.029073247485707086,2.7523860149222616,0.08,1550.0,89,5440.0,1.0,0.95,-0.1,4.4,98.1724172,-0.0316045,6.6410372506241355,14.868,13.014,14.8009,0,0,0,0,0,0,0,0,0,0,0,0
1.0,2.0,7,1.626196696249055,0.04879016416943201,2.6499120638357763,0.04,1334.6,190,5657.0,1.08,0.96,0.24,4.36,99.0367212,-27.6234285,3.6495511351713597,7.63,6.005,7.44897,1,0,0,0,0,0,0,0,0,0,0,0
1.0,5.0,7,3.3291641787623236,0.16415758616628345,2.725086459766222,0.081,1678.7920000000001,190,5576.0,1.16,1.05,0.343,4.33,228.8103897,-70.5203328,3.324708628980275,6.86,5.177,6.67835,1,0,0,0,0,0,0,0,0,0,0,0
1.0,6.0,7,7.717796211013582,1.4134230285081433,2.320150728659361,0.06,850.3119999999999,117,4913.0,0.77,0.79,0.08,4.51,348.3372026,57.1696255,2.019063686289062,5.56911,3.261,5.2402,1,0,0,0,0,0,0,0,0,0,0,0
1.0,3.0,9,3.146946646648963,0.19679218433421544,1.3722864751838568,0.05724,612.712,190,5466.0,0.9,0.99,0.27,4.362,291.1481028,40.669413,5.934531696062128,13.209,11.454,13.1048,1,0,1,0,0,0,0,0,1,0,0,0
1.0,1.0,8,1.7083647986094976,0.04783732941416013,2.76543821821094,0.0,1331.0,190,5550.0,1.16,0.96,0.2,4.1,217.6832961,-31.7324526,6.998226497145978,15.009,13.119,14.7261,0,0,0,0,0,0,0,0,0,0,0,0
1.0,2.0,7,4.574139681323603,0.3227354605091684,2.5326450979457613,0.14,1108.8,75,5358.0,1.136,0.8,-0.07,4.36,103.7137102,-55.2600189,3.5850538709553796,8.17,6.328,7.96058,1,0,0,0,0,1,0,0,0,0,0,0
1.0,1.0,7,1.2935237039964707,0.028295869154847303,2.704601027754927,0.08,1205.0,156,5711.6,0.43,0.45,-0.044,4.3420000000000005,164.6433493,-31.1443383,3.0623576781347603,11.938,7.47,10.9233,1,0,0,0,1,0,0,1,1,0,0,0
1.0,1.0,8,1.593878246234167,0.04180391228118373,2.604170070614818,0.088,853.0,190,4512.0,0.66,0.67,-0.113,4.63,287.4844021,-49.6649424,5.709333704694526,14.602,11.926,14.3998,0,0,0,0,0,0,0,0,0,0,0,0
1.0,1.0,7,7.726389079583498,1.480695036541375,2.155521050897985,0.054,1542.8,190,5921.0,1.07,1.02,-0.07,4.36,351.4707282,-20.6167923,3.8686519314302785,7.74,6.326,7.59438,1,0,0,0,0,0,0,0,0,0,0,0
1.0,1.0,8,1.4699160872285066,0.045346145100209304,2.821676461177069,0.33,1553.0,190,5758.0,1.44,1.19,0.02200000000000001,4.2,102.8474248,-29.0586551,5.967607210577415,12.525,10.867,12.3293,0,0,0,0,0,0,0,1,0,0,0,0
1.0,1.0,8,1.5827119339557842,1.1911495245696677,2.598384133547774,0.0,1096.312,190,4700.0,0.86,0.98,0.15,4.5,315.0259661,-5.094857,3.931050822832729,9.873,7.459,9.48466,0,0,1,0,0,0,0,0,0,0,0,0
1.0,1.0,7,6.658665517151913,1.0346069586921973,2.6600133680633373,0.211,1301.4,190,5733.0,1.9,1.31,0.3,3.97,100.0073683,-48.5418284,4.516826285219225,8.05,6.449,7.87925,1,0,0,0,0,0,0,0,0,0,0,0
1.0,2.0,8,3.0653282964418938,0.1373939234388198,1.0647107369924282,0.014,822.4,190,5531.4,0.97,1.02,0.1282,4.464,298.3738383,40.6184483,7.032306470025879,14.795,13.238,14.854,0,0,0,0,1,0,0,1,1,0,0,0
1.0,3.0,7,4.509760001183433,0.3729419164026044,2.4705068916023762,0.191,1069.8,93,5025.4,4.17,1.52,0.06,3.38,76.8980559,-13.9863374,4.807090100850674,7.96,5.792,7.71274,1,0,0,0,0,0,0,0,0,0,0,0
1.0,2.0,8,3.483145964309323,0.1801525395091146,1.0433682779140974,0.8206009999999999,580.0,190,5712.4,1.1,1.03,0.22200000000000003,4.3740000000000006,284.4722473,39.911889,5.230439944144951,11.64,9.64,11.0622,1,0,0,0,1,0,0,1,1,0,0,0
1.0,1.0,3,6.609433931338261,1.667706820558076,2.701887223850495,0.22400000000000003,1208.9119999999998,91,5536.4,1.284,0.63,-0.0064,4.46,271.318125,-28.895,8.665785595466064,17.02,15.01963999999999,10.822476,1,1,0,1,1,1,0,1,1,0,0,0
1.0,1.0,8,2.4141487393930703,0.08645288773019902,2.5558309881246988,0.024,918.0,190,5597.0,1.05,0.95,0.078,4.37,126.4337428,-13.5595485,5.036251057687365,10.723,9.201,10.6624,0,0,0,0,0,0,0,0,0,0,0,0
1.0,1.0,8,2.0070063235388576,0.06100102155739895,1.1786549963416462,0.231,743.0,112,4819.0,0.77,0.8,0.095,4.51,328.7181708,-76.938055405,3.2029903156379773,8.23,5.967,7.97255,0,0,0,0,0,0,0,0,0,0,0,0
1.0,5.0,8,1.9043337033416483,0.05382508669490746,0.8372475245337022,0.2245644,750.0,111,4925.0,0.64,0.69,-0.37,4.68,283.2125621,45.3496992,5.710009711771951,13.965,11.659,13.7197,0,0,0,1,0,0,0,0,0,0,0,0
1.0,1.0,2,5.944586039107255,5.846438775057725,1.4259981881186987,0.34279999999999994,2270.0,158,3460.0,0.652,0.36,0.007999999999999997,4.372,245.3730855,-25.4954265,4.933761449158428,15.543,10.193,14.1769,1,1,0,1,0,1,0,1,1,0,0,0
2.0,1.0,7,6.415424237852311,0.9555114450274363,2.008609522300815,0.28,757.312,190,4181.0,25.11,1.49,0.13,1.86,196.794874,27.6244384,4.765024568732028,4.77044,1.5122200000000001,4.22274,1,0,0,0,0,0,0,0,0,0,0,0
1.0,1.0,7,4.611367642023435,0.3548733219921042,1.854477826567725,0.373,1227.6,190,5428.2,3.3340000000000005,1.04,0.041,4.036,317.3445632,-76.938055405,3.2310257151140513,6.98,5.425,6.817,1,0,0,0,1,1,0,1,1,0,0,0
1.0,1.0,7,1.8112352457287118,0.7419008134487767,2.3723418053632073,0.28,1166.6,68,5725.0,1.164,0.96,0.22400000000000003,4.57,132.7531307,11.8865128,6.819165566166478,14.684,13.105,14.6201,1,0,1,0,0,1,0,1,0,0,0,0
2.0,2.0,8,0.7875494483368497,0.015765075578382425,0.8171331603409365,0.0,773.0,190,3347.0,0.36,0.36,0.11,4.81,120.5936065,3.3371629,3.3451348377256154,13.74,8.829001,12.465,0,0,0,0,0,0,0,0,0,0,0,0
1.0,6.0,8,1.4441976363705775,0.036331929247390274,0.981703870422387,0.3765002,873.0,90,4316.0,0.65,0.65,-0.23,4.45,7.3020115,-30.4541159,4.154168863867766,11.955,8.656,11.1523,0,0,0,1,0,0,0,0,0,0,0,0
1.0,4.0,8,2.978325348270727,0.1239859797809912,1.4886252922173524,0.0,588.0,190,5213.0,0.86,0.89,0.168,4.51,251.1158702,70.4299917,5.138277714042718,11.632,9.907,11.7291,0,0,0,0,0,0,0,0,0,0,0,0
1.0,1.0,8,2.6724819509110582,0.09011488944226027,0.9969486348916096,0.0,493.0,132,4026.0,0.61,0.62,-0.47,4.45,5.016937917,-9.9661505,3.0533028246759235,9.9,6.549,9.3124,0,0,0,0,0,0,0,0,0,0,0,0
1.0,1.0,8,2.847145254489665,0.82122109147932,1.3001916620664788,0.209144,761.0,190,5690.0,1.02,1.0,0.04,4.42,297.0698263,40.5252039,4.819321427400481,10.568,8.868,10.2971,0,0,1,1,0,0,0,0,0,0,0,0
1.0,1.0,8,1.2668222716899609,0.03659226179958926,2.6937484163913505,0.08,1429.0,190,5659.0,1.02,1.06,0.29,4.45,294.6336944,-55.3302692,5.519298581697563,11.91,10.287,11.7082,0,0,0,0,0,0,0,0,0,0,0,0
1.0,3.0,8,2.5997988443200475,0.09349034308733889,1.4562867329399256,0.0,633.0,190,4850.0,0.73,0.78,0.2,4.6,83.2692502,-26.7238698,3.513591106220018,9.12,6.723,8.79171,0,0,0,0,0,0,0,0,0,0,0,0
1.0,1.0,8,1.4315819699260877,0.0393360911123732,1.989380063311179,0.17,1084.0,108,4985.0,0.81,0.85,0.25,4.54,208.8567465,-21.2078587,5.487726248812609,13.347,10.976,13.0499,0,0,0,0,0,0,0,0,0,0,0,0
1.0,1.0,8,2.6300677513058126,0.10822640507087118,2.6152036507358583,0.131,1000.0,190,5977.0,1.38,1.2,0.25,4.24,293.5863887,42.9288624,7.109503575441903,14.49,13.039,14.4999,0,0,0,0,0,0,0,0,0,0,0,0
1.0,1.0,8,1.747872522118933,0.05227930811620372,2.408925128765372,0.559,1054.0,190,5495.0,0.85,0.92,-0.06,4.54,6.7026401,-56.3161021,6.119875351871192,13.783,11.965,13.527,0,0,0,0,0,0,0,0,0,0,0,0
1.0,4.0,8,3.2180835110705046,0.10779104900015879,0.6678293725756554,0.1266,1101.6,190,5858.0,1.04,1.0,-0.12,4.41,300.864006,44.3375497,6.098797616002851,12.923,11.431,12.8391,0,0,1,1,0,0,0,0,0,0,0,0
1.0,3.0,7,3.846951008684431,0.2283300780015098,2.7211423206039425,0.09,1416.8,52,5977.0,1.106,1.04,0.02,4.42,161.5627065,-41.464604,3.7920563373809575,7.49,6.065,7.33769,1,0,0,0,0,1,0,0,0,0,0,0
1.0,1.0,8,0.5771982588079475,0.015578029963318415,0.598121822621983,0.0,1180.0,190,3515.0,0.4,0.41,0.1,4.77,287.2621474,42.0322257,5.1547067776246935,16.413,12.449,15.8525,0,0,0,0,0,0,0,0,0,0,0,0
1.0,1.0,8,0.848917891713253,0.021301503419915605,2.7117765828430236,0.0,1344.0,190,4645.0,0.78,0.74,0.02,4.53,207.6554928,-6.8040714,5.20605952362024,13.443,10.619,13.0276,0,0,0,0,0,0,0,0,0,0,0,0
1.0,1.0,7,8.143807976771484,1.7511110707502462,2.7947315876667966,0.187,1828.3840000000005,31,6314.0,1.23,1.21,0.04,4.49,155.168879,-53.6640291,4.065710149267767,7.64,6.362,7.51304,1,0,0,0,0,1,0,0,0,0,0,0
1.0,1.0,8,1.7970161287524484,0.06492594607883571,3.042234107205411,0.0,1800.0,190,6279.0,2.37,1.59,0.19,3.89,267.6404906,36.5701761,5.9108779415488035,10.585,9.362001,10.4842,0,0,0,0,0,0,0,0,0,0,0,0
1.0,1.0,8,1.7887017825985998,0.05458287777029171,2.608303527931925,0.2502,1021.0,190,5315.0,0.89,0.95,0.29,4.51,192.981203,-42.0736165,5.18341704687048,12.169,10.033,11.9686,0,0,0,1,0,0,0,0,0,0,0,0
1.0,1.0,7,7.85979918056211,1.6486586255873816,1.7776149276697677,0.35,724.512,92,4943.0,7.6,1.52,-0.19,2.85,45.6406187,49.7299481,6.09366457367754,9.381,6.571,9.02851,1,0,0,0,0,0,0,0,0,0,0,0
1.0,2.0,8,2.007390606220849,0.059701843246043954,1.2773161985501456,0.047,784.0,190,4734.0,0.73,0.75,0.05,4.6,296.0039349,-47.5620305,4.235158125363301,10.938,8.467,10.6491,0,0,0,0,0,0,0,0,0,0,0,0
1.0,3.0,7,2.2109631034467325,0.07482914062064898,2.3210846114041535,0.138,1119.0,43,5845.0,1.042,0.89,-0.18,4.39,166.9742616,-30.1751383,3.273784376331481,6.51,4.995,6.35547,1,0,0,0,0,1,0,0,0,0,0,0
1.0,1.0,7,6.96356834380135,1.252762968495368,1.9611151119144037,0.26,1171.2,190,4884.0,8.03,1.94,0.07,3.1,192.5725483,22.8631285,4.746374565810848,6.417,5.296799999999999,6.15212,1,0,0,0,0,0,0,0,0,0,0,0
1.0,1.0,8,1.1333874619586104,0.031169155412029498,2.8349177730444675,0.108,1445.0,190,5380.0,0.98,0.95,0.25,4.43,5.016937917,-62.4693167,6.234100873797654,13.857,12.095,13.679,0,0,0,0,0,0,0,0,0,0,0,0
1.0,1.0,8,1.5736200637646436,0.050027493599648164,2.8499547739406497,0.117,1580.0,190,6280.0,1.4,1.23,0.011,4.24,71.0281482,76.78236720799998,5.695279762164452,11.068,9.85,11.0359,0,0,0,0,0,0,0,0,0,0,0,0
1.0,6.0,8,3.387089768942003,0.1614383458775305,1.4338933399191696,0.034,600.0,89,5348.0,0.94,0.81,-0.15,4.3,302.0256247,66.8503014,4.00019687313021,8.97,7.18,8.77476,0,0,0,0,0,0,0,0,0,0,0,0
1.0,1.0,8,2.5042835328732025,0.10372918576247687,2.575584906659685,0.0341,1134.0,190,6026.854,1.72,1.16,-0.03920000000000001,3.8980000000000006,205.2043217,22.9839692,5.988843615465332,11.935,10.051,11.373,0,0,0,0,1,0,0,1,1,0,0,0
1.0,2.0,7,6.241318576191572,1.0192082658808412,2.5031990756125198,0.732,1111.8,190,5183.6,1.9120000000000001,2.6,0.1036,4.029999999999999,320.561782,-16.8345229,4.139121923953687,4.28,2.206,4.05534,1,0,0,0,1,1,0,1,1,0,0,0
1.0,1.0,7,6.499591532823639,1.1085626195212777,2.640778741048389,0.28,1226.0,139,3802.0,38.409499999999994,2.49,-0.03,1.6624999999999999,17.432979,35.620499,4.129143494464706,3.8593936,1.5122200000000001,8.908793999999999,1,0,0,0,0,0,0,0,0,0,0,0
1.0,1.0,7,8.294049640102028,1.814824742159051,2.495840879835084,0.16,967.1119999999999,190,5701.0,1.85,1.21,-0.18,3.99,354.337670099,48.9960191,3.9436728238542713,7.11716,5.51,6.93563,1,0,0,0,0,0,0,0,0,0,0,0
1.0,1.0,8,1.5228405515461572,0.04524101624558692,2.7626015157067134,0.3043202,1367.0,190,5804.0,1.1,1.03,0.003,4.36,264.2735096,25.7311468,6.239082150544598,13.197,11.627,13.0955,0,0,0,1,0,0,0,0,0,0,0,0
1.0,1.0,8,2.789104458525208,0.11154137473290741,2.5779415157551897,0.461,705.0,83,5433.0,0.86,0.95,0.05,4.48,21.1861778,21.5130638,5.270427021657109,11.938,10.134,11.8121,0,0,0,0,0,0,0,0,0,0,0,0
1.0,2.0,7,5.847680778019108,0.6429059641231986,2.620843865872035,0.019,1118.0,97,5466.0,0.89,0.82,-0.086,4.430000000000001,96.4105736,-31.4810037,3.565411540113691,8.08,6.316,7.88016,1,0,0,0,0,0,0,1,1,0,0,0
1.0,1.0,8,3.010837611329594,0.5922979257200429,1.5769147207285403,0.31,1334.2,190,5620.0,0.98,0.92,-0.07,4.5,172.1216476,1.6906217,5.610789607807036,12.429,10.645,12.2156,0,0,1,0,0,0,0,0,0,0,0,0
1.0,1.0,7,7.7886260656250315,1.4770487243883548,2.6262601691236656,0.0,1022.6,49,5792.0,0.94,0.89,-0.25,4.36,182.6612053,-16.9564908,4.029647806343851,8.65,7.111,8.49018,1,0,0,0,0,0,0,0,0,0,0,0
1.0,4.0,7,4.99734739976932,0.4114471797857118,1.5487296054220145,0.29,753.2,76,5861.8,1.9440000000000002,0.81,-0.20800000000000002,4.369999999999999,49.9997666,-43.0666533,1.9463072130721049,4.26,2.636,4.06635,1,0,0,0,1,1,0,1,1,0,0,0
1.0,1.0,8,2.1321803283398695,0.076497970972725,2.5891915872188935,0.259,1198.0,190,6100.0,1.32,1.21,0.175,4.28,208.9447534,40.3918061,6.406204840718225,12.858,11.502,12.7133,0,0,0,0,0,0,0,0,0,0,0,0
1.0,1.0,7,6.362338210446527,0.8754687373538999,2.2677570212585323,0.24,1303.8,190,4869.0,8.56,2.0,0.14,3.02,91.6628015,63.453875,4.76722950988339,6.42794,4.143,6.14049,1,0,0,0,0,0,0,0,0,0,0,0
1.0,1.0,3,5.046397446196069,1.706564623164823,2.4503304013914105,0.22399999999999998,1011.7119999999999,190,5536.4,1.284,1.11,0.0416,4.377999999999999,269.693417,-27.6179444,7.828436359157585,17.02,15.01963999999999,10.863846,1,1,0,1,1,1,0,1,1,0,0,0
2.0,2.0,7,2.8039056867457313,0.0839734337761786,1.8554003022373373,0.0,329.0,190,3347.0,0.36,0.36,0.11,4.81,120.5936065,3.3371629,3.3451348377256154,13.74,8.829001,12.465,1,0,0,0,0,0,0,0,0,0,0,0
1.0,2.0,8,3.6003905315458002,0.17521301755665977,1.2837077723447896,0.188,422.0,122,4640.0,0.69,0.73,0.003,4.61,51.7501882,-63.500166,2.851861903134289,8.08,5.375,7.67906,0,0,0,0,0,0,0,0,0,0,0,0
1.0,2.0,8,2.5079719227189963,0.2727833690632694,1.1151415906193203,0.028,927.8,190,6312.0,1.26,1.14,-0.2,4.3,301.5785316,44.3121639,7.399086108066626,15.8,13.735,15.4974,0,0,1,0,0,0,0,0,0,0,0,0
1.0,1.0,2,3.852656727154982,5.846438775057725,1.4168348980434557,0.2345202,640.4,138,4306.2,0.646,0.61,-0.5798,4.502,5.2758121,-33.8031679,3.981229987325161,12.501,8.866,11.8242,1,1,0,1,1,1,0,0,1,0,0,0
1.0,2.0,7,5.423511626664958,0.5681506903852601,2.6879420366379394,0.294,1208.9119999999998,190,5300.0,2.4539999999999997,1.17,-0.028959999999999996,4.36,276.9561859,-29.8167919,3.6533766210712812,5.9,4.688,5.77641,1,0,0,0,1,1,0,1,1,0,0,0
1.0,2.0,9,3.114048500372033,0.13688825206212166,1.3906541685848577,0.38,597.0,190,5295.0,0.82,0.93,0.12,4.54,291.0489438,36.8400772,5.53602238325316,12.795,10.016,12.066820000000002,1,0,0,0,0,0,0,0,0,0,0,0
1.0,2.0,7,6.0923726655395205,0.780727562302329,1.8096039547262266,0.162,1692.4,190,5935.0,1.18,1.08,0.26,4.33,143.7114034,-12.1302976,3.353064001762708,6.54993,5.105,6.38964,1,0,0,0,0,0,0,0,0,0,0,0
2.0,2.0,7,8.371936178759098,1.8373699804801074,2.0033757673494375,0.0,1327.8,190,5342.4,0.8780000000000001,1.04,0.17,4.504,354.337670099,-35.0313349,4.510426445726593,9.789,8.086,9.61249,1,0,0,0,1,1,0,0,1,0,0,0
1.0,2.0,7,7.211261486780804,1.2223037610106595,2.837040206536427,0.249,1760.4,190,5665.4,5.55,0.932,0.18,4.406,99.0367212,-27.6234285,3.6495511351713597,7.63,6.005,7.44897,1,0,0,0,1,1,1,1,1,0,0,0
1.0,3.0,8,2.7637295958064567,0.11082555508888464,2.0769384114617173,0.0,677.6,190,5345.0,1.11,0.97,0.19,4.31,298.0794448,44.746248,6.073152823167808,13.771,11.756,13.5393,0,0,0,0,0,0,0,0,0,0,0,0
1.0,1.0,3,6.609433931338262,1.2612978709452054,2.701887223850495,0.22400000000000003,1208.9119999999998,190,5536.4,1.284,0.46,-0.0064,4.459999999999999,271.6499583,-28.3288306,8.704668113450987,17.02,15.01963999999999,10.822476,1,1,0,1,1,1,0,1,1,0,0,0
1.0,1.0,8,2.662821288143378,0.10616019582839063,2.4357164055972285,0.112,860.0,190,5651.0,1.1,1.04,0.3,4.37,61.6862197,-16.7557546,6.233794849831235,13.251,11.586,13.0711,0,0,0,0,0,0,0,0,0,0,0,0
2.0,5.0,7,8.626083470124309,1.9397483469415042,1.7328704836220594,0.13,1235.6,190,5172.0,0.94,0.91,0.35,4.43,133.1468373,28.3298154,2.609003047500976,5.95084,4.015,5.72973,1,0,0,0,0,0,0,0,0,0,0,0
2.0,1.0,7,8.19946419761216,1.7950872593207297,2.1081199125076657,0.66,1493.8,47,6017.0,1.73,1.29,0.18,4.24,310.4364195,-75.3514992,3.711975671191565,6.51,5.08,6.33009,1,0,0,0,0,0,0,0,0,0,0,0
3.0,1.0,8,1.0462060945355491,0.6735735058789284,2.828319033493155,0.0,1005.8,190,6400.0,1.44,1.62,0.0,4.25,278.6317411,35.6614312,5.447431096500826,10.632,9.361,10.4525,0,0,1,0,0,0,0,0,0,0,0,0
1.0,1.0,3,6.427167956045435,0.8796267475025636,2.4503304013914105,0.2568,1011.7119999999999,190,5428.8,1.284,0.17,-0.054000000000000006,4.414,261.366,-29.0584694,8.850947451970402,14.731200000000001,14.586911999999993,9.424384,1,1,0,1,1,1,0,1,1,0,0,0
1.0,1.0,4,1.4573586524014241,0.4580741606961163,1.7518805360659448,0.1426,777.8,190,5975.3,2.23,1.46,0.252,3.9,298.9677981,43.909378,6.562871968244043,12.38,10.763,12.3034,1,0,1,1,0,0,0,0,0,0,0,0
2.0,1.0,8,2.4900608440783603,0.05921185963184608,0.9828272556743992,0.0,326.0,171,3185.0,0.28,0.25,-0.07,4.95,290.1739741,73.1951082,3.4506603353309835,14.354,9.74,13.6233,0,0,0,0,0,0,0,0,0,0,0,0
1.0,1.0,8,2.4844648855578835,0.09421867523898174,1.6272778305624314,0.23,1022.0,190,5897.0,1.26,1.07,0.035,4.344,55.2559307,13.5191871,5.5491188855356794,12.152,9.907,11.8031,0,0,0,0,0,0,0,0,1,0,0,0
2.0,2.0,8,2.21470643093051,0.7163466369638543,2.6149109963585864,0.31,1432.2,190,5600.0,1.03,1.34,0.17,4.5,354.337670099,-35.0313349,4.510426445726593,9.789,8.086,9.61249,0,0,1,0,0,0,0,0,0,0,0,0
2.0,1.0,2,5.043939472268084,3.8921414527380436,1.9445261046604903,0.11320000000000001,2084.0,190,4483.0,0.8919999999999998,0.898,0.2,4.292,246.8312363,-24.6946687,4.8485138190192005,13.355,8.408,12.1811,1,1,1,1,1,1,1,1,1,1,0,0
2.0,4.0,7,9.541255986269151,2.3726707005607337,2.726879944737456,0.295,1389.2,190,5728.0,1.7759999999999998,0.63,-0.027999999999999997,3.7239999999999993,262.5448903,-51.6377777,2.834812065419913,9.58,5.825,8.86517,1,0,0,0,1,1,0,1,1,0,0,0
1.0,2.0,7,2.194108616657962,0.07696104113612832,2.0772864951141554,0.14,859.0,89,5328.0,0.84,0.94,0.14,4.55,38.1209678,-76.938055405,4.4209263828618806,10.249,8.296,10.0008,1,0,0,0,0,0,0,0,0,0,0,0
1.0,1.0,8,3.060115938952031,0.1466943791508035,2.5558309881246988,0.091,906.0,35,6300.0,1.4,1.24,0.12,4.3,91.5403204,-19.9534443,5.969944646141058,11.932,10.408,11.5779,0,0,0,0,0,0,0,0,0,0,0,0
1.0,1.0,7,1.1623379795486546,0.03719944098910626,1.9680374016084627,0.07,958.4,24,6380.0,1.246,1.51,0.15,4.37,238.4023547,68.7199779,3.8665841194476345,6.77005,5.519,6.62583,1,0,0,0,0,1,0,0,0,0,0,0
1.0,1.0,7,6.5408856886333355,0.7975071958841881,2.320150728659361,0.05,914.3119999999999,150,3734.0,0.49,0.5,0.08,4.68,320.5266829,22.9319351,2.801807660909001,10.58,6.595,9.77026,1,0,0,0,0,0,0,0,0,0,0,0
1.0,2.0,8,1.610433416755204,0.7389092843269083,1.1600209167967532,0.075,646.2,190,3385.0,0.33,0.33,0.054000000000000006,4.747999999999999,130.0266951,19.0923416,4.385772111609639,16.7,11.37,14.9834,0,0,1,0,0,0,0,1,1,0,0,0
1.0,1.0,8,1.4699385755750947,0.029655884907510657,1.47932922708708,0.0,512.0,170,3194.0,0.33,0.34,0.05,4.95,232.1326528,27.361073,3.8783503930611025,16.11,10.263,14.176,0,0,0,0,0,0,0,0,0,0,0,0
1.0,6.0,8,1.6433947959122825,0.0497991787524835,2.3830838525322164,0.027,1216.0,190,5770.0,0.97,1.02,0.07,4.47,192.1848981,64.8552755,4.448939678150557,9.534,8.034,9.36789,1,0,0,0,0,0,0,0,0,0,0,0
1.0,2.0,7,5.973555126564414,0.7030975114131134,1.6009261253442495,0.16,1121.8,42,5900.0,1.244,0.92,-0.51,4.16,257.3930947,33.3549277,3.7981754655393813,7.28,5.808,7.12074,1,0,0,0,0,1,0,0,0,0,0,0
1.0,2.0,8,2.012450776247481,0.06775210205081847,1.2499017362143359,0.11,1276.0,190,5950.0,1.39,1.09,-0.02,4.232000000000001,290.3926795,40.2849074,6.165125794779487,12.398,11.001,12.2955,0,0,0,0,0,0,0,0,1,0,0,0
1.0,1.0,7,5.7163695572452795,0.6523251860396903,1.689387371005838,0.14,1206.2,190,6167.0,1.13,1.34,0.16,4.46,40.6417178,-50.7993484,2.907889642077152,5.4,4.138,5.25587,1,0,0,0,0,0,0,0,0,0,0,0
1.0,2.0,3,7.4896915302060805,1.1939224684724346,2.4503304013914105,0.22400000000000003,1011.7119999999999,190,5411.6,1.3299999999999998,0.51,-0.09840000000000002,4.512,268.143792,-30.0877778,7.32052696227274,17.02,15.01963999999999,10.822476,1,0,0,1,1,1,0,1,1,0,0,0
1.0,5.0,7,1.6715296927410852,0.05135829227514207,2.725086459766222,0.2,1678.7920000000001,190,5576.0,1.16,1.05,0.343,4.33,228.8103897,-70.5203328,3.324708628980275,6.86,5.177,6.67835,1,0,0,0,0,0,0,0,0,0,0,0
1.0,2.0,7,8.235360643753348,1.631199404215613,2.3587889233493256,0.227,766.4,141,3897.0,0.63,0.65,-0.06,4.64,133.7819507,1.5420011,3.0692893797231884,9.99,6.352,9.2861,1,0,0,0,0,0,0,0,0,0,0,0
1.0,4.0,7,2.6243786950745944,0.06924617273681433,2.477810180127105,0.128,342.0,162,3415.0,0.3,0.27,-0.46,4.86,124.5328604,-68.3144658,2.452676114978751,11.685,7.101,10.5976,1,0,0,0,0,0,0,0,0,0,0,0
1.0,1.0,7,4.1470951276076295,0.25851069515150105,2.146265707179843,0.645,1082.0,190,5221.0,1.2819999999999998,0.8,0.06999999999999999,4.45,9.8387218,21.2488844,2.49597846375505,5.88437,3.999,5.65255,1,0,0,0,0,1,0,1,0,0,0,0
1.0,2.0,7,6.918695219020472,1.0986122886681098,2.4553362365843205,0.566,200.0,49,5844.0,1.02,1.03,0.156,4.44,124.0338967,33.2914532,5.251618763538796,10.385,8.946,10.1805,1,0,0,0,0,0,0,0,0,0,0,0
1.0,1.0,8,1.3133633883382652,1.4933226965116302,2.4647889728688996,0.0,1446.0,190,6140.0,0.95,0.72,-0.13,4.4,5.016937917,1.2005122,5.6239958453029235,11.257,10.161,11.409,0,0,1,0,0,0,0,0,0,0,0,0
1.0,3.0,7,5.288267030694535,0.48858001481867097,1.5171106504236422,0.07,1319.6,190,5385.0,0.952,0.86,-0.05,4.319999999999999,124.6010091,-12.6364246,2.607057908628136,5.96004,4.165,5.75392,1,0,0,0,0,1,0,0,1,0,0,0
1.0,2.0,7,3.4635460067266908,0.17898265552844,2.6324686440587373,0.15,1155.6,68,5783.0,0.9739999999999999,1.05,0.1,4.28,188.397397,-11.6215204,4.040796095264426,8.04,6.495,7.87816,1,0,0,0,0,1,0,0,0,0,0,0
1.0,2.0,7,1.410153162771884,0.0417175933518685,1.6455314054537287,0.0103,964.1119999999999,190,5790.0,1.15,1.04,0.09,4.33,296.7428786,34.41899,3.8491854368502105,7.83,6.337,7.67284,1,0,0,0,0,0,0,0,0,0,0,0
1.0,1.0,8,1.5374078261333886,0.045928931888399804,2.806869368716614,0.054,1616.0,190,5850.0,1.55,1.04,-0.103,4.08,265.7603351,-65.0082516,5.659116295160307,11.076,9.67,11.0932,0,0,0,0,0,0,0,0,0,0,0,0
2.0,3.0,1,6.008813185442595,0.5930240932660779,1.547259465479153,0.33,1093.9920000000002,190,7826.0000000000055,0.2,0.48,-0.32399999999999995,5.201500000000001,294.6359173,46.0664076,5.984772203246857,12.651,12.955,12.1376,1,0,1,0,0,0,0,1,0,0,0,0
1.0,2.0,8,3.0936318253120545,0.14288748754854758,1.6770965609079151,0.22,886.0,26,6327.0,1.3,1.09,-0.311,4.25,183.4724742,-0.3934357,4.703684318558852,8.951,7.853,8.88841,0,0,0,0,0,0,0,0,0,0,0,0
1.0,1.0,7,8.771848335287679,2.0700223197633445,2.015625868367274,0.357,655.6,190,5504.6,1.9900000000000002,1.06,0.288,4.087999999999999,167.5545621,-7.3901483,3.50894504581248,6.81828,5.271,6.64346,1,0,0,0,1,1,0,1,1,0,0,0
1.0,1.0,8,1.4297090317489114,0.04372019068954297,2.642408849848773,0.0,1458.0,190,6060.0,1.11,1.18,0.237,4.42,217.9257785,76.78236720799998,5.712662926462138,12.107,10.436,11.7064,0,0,0,0,0,0,0,0,0,0,0,0
1.0,1.0,7,7.771910256435763,1.4838746894587547,2.1133168228431036,0.07,1134.0,190,5727.0,1.114,0.94,0.11,4.41,76.9820146,26.3276805,3.665575002582019,7.6,6.024,7.42756,1,0,0,0,0,1,0,0,0,0,0,0
2.0,2.0,7,8.154433487099082,1.5696570424222558,2.71818658249463,0.16,1596.592,138,5689.8,6.730000000000001,0.61,-0.11000000000000001,3.364,118.5439118,-25.3023073,2.9332503029326653,9.75,6.169,9.08528,1,0,0,0,1,1,0,1,1,0,0,0
1.0,2.0,7,5.295312857527738,0.5247285289349821,2.409957191038322,0.06,1125.8,190,4806.0,6.85,1.15,-0.2,2.85,154.2777769,19.5584068,6.512354356631564,10.193,7.728,9.91329,1,0,0,0,0,0,0,0,0,0,0,0
1.0,5.0,8,2.8417473783170415,0.10993005937219615,1.1537315878891892,0.089,590.0,190,4909.0,0.72,0.8,0.11,4.332000000000001,281.4824731,47.2078263,4.689474569040121,12.072,9.351,11.4784,0,0,0,0,0,0,0,0,1,0,0,0
1.0,1.0,8,2.0018195371555256,0.0684060326640604,2.3259109182975424,0.42,1388.0,29,6400.0,1.42,1.31,0.09,4.2,125.3050544,-46.4842959,4.8226738630685295,8.995,7.858,8.89103,0,0,0,0,0,0,0,0,0,0,0,0
1.0,2.0,7,4.327042326341122,0.2776317365982795,2.0566480370644245,0.13,355.0,190,5166.0,1.056,0.8,-0.04,4.51,303.8284712,-27.0337556,2.2820629469062923,5.73,3.501,5.47661,1,0,0,0,0,1,0,0,0,0,0,0
1.0,2.0,9,6.51688810072953,0.9858167945227653,1.6484038385273057,0.184,1005.8,190,6430.0,1.74,1.39,0.176,4.1,295.4179125,51.1847629,6.920039517815356,13.089,11.859,12.9642,1,0,0,0,0,0,0,0,0,0,0,0
1.0,4.0,7,1.8742606907397987,0.06306869146698298,2.257440658059653,0.07,1314.0,35,6196.0,1.26,1.21,-0.09999999999999999,4.41,86.7761233,-10.6303217,4.151650742921767,7.98,6.69,7.85032,1,0,0,0,0,0,0,1,0,0,0,0
1.0,1.0,8,2.2096191134041354,0.05515084446484804,1.321489137753775,0.36,426.0,190,3412.0,0.38,0.37,0.37,4.85,316.324003,57.7710946,4.308575177736108,15.678,10.765,14.4005,0,0,0,0,0,0,0,0,0,0,0,0
3.0,1.0,8,1.0165298354606787,0.03576281844352182,2.887478688113737,0.00064,2550.0,190,7650.0,1.74,1.72,0.2,4.2,286.9713876,46.8682463,6.254013409920765,9.791,9.425,10.3678,0,0,0,0,0,0,0,0,0,0,0,0
1.0,1.0,8,1.30604642405491,0.9488121008938375,2.935026398436596,0.0,612.712,190,6820.0,2.06,2.22,0.07,4.1,305.4413294,26.6926759,5.861785723798949,10.205,9.346,10.2071,0,0,1,0,0,0,0,0,0,0,0,0
1.0,2.0,7,4.498433390357981,0.39339252687389514,2.694251671020851,0.063,1287.6,190,5719.4,1.258,1.9,-0.08199999999999999,4.206,208.465364,-35.3146536,4.176202544364454,6.17,3.751,5.89329,1,0,0,0,1,1,0,1,1,0,0,0
1.0,1.0,7,2.476412341752294,0.09712671073072274,2.7671492071033037,0.53,1715.3920000000003,190,6255.73,1.21,1.22,0.18,4.36,186.4409852,-64.0223492,3.686877451443263,6.99,5.721,6.85345,1,0,0,0,0,0,0,0,0,0,0,0
1.0,2.0,8,2.0885345744649366,0.07045846364856141,1.4307896010064418,0.0,1100.0,190,5636.0,1.43,1.04,0.148,4.14,43.4344615,69.101345,4.49923394907903,8.953,7.283,8.77969,0,0,0,0,0,0,0,0,0,0,0,0
1.0,4.0,8,2.8758219768814333,0.18444171210293653,1.324418957401803,0.04506,626.4,190,5090.0,0.79,0.83,0.10499999999999998,4.4719999999999995,299.2242557,40.343167,6.767891881460579,15.851,13.702,15.7661,0,0,1,1,0,0,0,1,1,0,0,0
1.0,2.0,7,5.940434375995203,0.708035793053696,2.624805730777731,0.28,1304.8,190,5962.0,2.726,1.01,0.10400000000000001,3.95,129.318331,-41.3184231,4.587409392729305,8.99,7.302,8.79682,1,0,0,0,1,1,0,1,1,0,0,0
1.0,2.0,7,5.398515580425138,0.5558659087756896,1.8096039547262266,0.3663,1692.4,190,5935.0,1.18,1.08,0.26,4.33,143.7114034,-12.1302976,3.353064001762708,6.54993,5.105,6.38964,1,0,0,0,0,0,0,0,0,0,0,0
1.0,2.0,8,0.5771982588079475,0.015578029963318415,0.9202827531436926,0.0,2103.0,190,4570.0,0.68,0.71,0.0,4.588,350.9170464,-1.1891827,4.141126361770413,11.454,8.401,10.7217,0,0,0,0,0,0,0,0,1,0,0,0
1.0,6.0,7,2.0495723662775247,0.06325644963501485,0.9206810801754479,0.062,782.0,190,4699.0,0.78,0.81,0.11,4.57,348.3372026,57.1696255,2.019063686289062,5.56911,3.261,5.2402,0,0,0,0,0,0,0,0,0,0,0,0
